order_item_id,order_id,product_id,quantity,line_total
1,1464,35,2,901.56
2,2441,70,3,2072.91
3,489,97,2,3917.74
4,722,21,4,9468.4
5,946,80,3,2786.43
6,2087,111,3,2208.45
7,1636,39,1,3872.55
8,1041,34,1,417.6
9,2274,106,3,2654.67
10,2115,15,3,3414.3
11,1678,6,2,572.96
12,2883,66,4,14305.88
13,999,88,3,5288.13
14,1778,56,4,4434.68
15,2285,49,3,2638.5
16,957,92,4,4403.2
17,2967,1,1,2303.57
18,1590,65,3,10639.23
19,1162,28,2,1228.84
20,2521,100,4,16349.92
21,1869,20,3,2224.08
22,553,48,1,1019.17
23,1634,72,1,242.66
24,695,65,1,3546.41
25,317,90,1,6218.42
26,2646,51,3,7826.25
27,768,43,2,1700.18
28,2934,49,4,3518.0
29,2609,25,2,837.88
30,1972,74,4,5635.96
31,2306,76,2,2171.14
32,1504,41,3,4200.84
33,2805,71,3,7256.76
34,123,64,4,1636.72
35,2390,61,3,18335.97
36,1869,12,4,1206.28
37,1672,111,2,1472.3
38,1083,104,3,2992.02
39,1729,81,3,3428.82
40,2308,69,4,1845.12
41,1997,14,4,15484.64
42,2143,34,4,1670.4
43,1149,48,4,4076.68
44,2089,61,1,6111.99
45,1915,81,4,4571.76
46,254,35,1,450.78
47,7,119,2,2710.18
48,2776,65,4,14185.64
49,2117,59,1,1931.8
50,542,114,1,1245.16
51,89,114,1,1245.16
52,1939,36,3,2890.32
53,213,79,1,1052.71
54,2882,19,4,3809.04
55,266,115,4,1781.92
56,2960,42,4,3941.96
57,2341,69,1,461.28
58,1231,19,1,952.26
59,2381,107,3,6994.86
60,1005,39,2,7745.1
61,2095,69,3,1383.84
62,622,52,4,15063.72
63,427,12,4,1206.28
64,210,83,4,4224.28
65,888,47,3,4048.68
66,1444,76,4,4342.28
67,154,36,4,3853.76
68,415,63,4,6470.4
69,1181,76,1,1085.57
70,1285,82,2,3676.68
71,769,113,1,4830.7
72,983,51,1,2608.75
73,1512,112,2,1648.14
74,579,43,2,1700.18
75,2788,34,3,1252.8
76,2211,112,2,1648.14
77,1039,97,3,5876.61
78,2243,49,3,2638.5
79,542,18,1,2129.73
80,359,61,4,24447.96
81,850,57,1,998.25
82,427,93,1,501.13
83,2545,109,2,466.1
84,2876,5,2,8156.94
85,486,89,3,4912.83
86,1832,24,3,11406.12
87,1473,93,3,1503.39
88,1437,64,2,818.36
89,330,59,3,5795.4
90,1756,38,3,5490.33
91,2937,33,2,9518.02
92,1171,10,4,8631.68
93,259,37,1,868.21
94,2340,97,2,3917.74
95,143,87,3,2719.53
96,2017,11,1,1299.67
97,2795,24,2,7604.08
98,627,88,1,1762.71
99,1389,71,1,2418.92
100,90,114,4,4980.64
101,720,21,3,7101.3
102,481,20,2,1482.72
103,2132,117,3,3988.8
104,1101,10,4,8631.68
105,673,89,4,6550.44
106,517,47,2,2699.12
107,2533,100,2,8174.96
108,1614,112,4,3296.28
109,782,47,2,2699.12
110,2152,15,1,1138.1
111,2036,44,1,915.11
112,2387,104,4,3989.36
113,687,104,3,2992.02
114,1590,114,2,2490.32
115,900,62,2,2356.82
116,1502,6,1,286.48
117,2655,101,2,682.8
118,223,66,3,10729.41
119,1077,76,2,2171.14
120,1101,4,2,12477.08
121,1742,23,1,2382.14
122,503,13,2,9618.46
123,1340,81,4,4571.76
124,2870,31,4,3548.68
125,624,16,3,17647.2
126,1887,41,3,4200.84
127,2213,90,3,18655.26
128,1051,92,3,3302.4
129,1094,1,1,2303.57
130,1986,111,2,1472.3
131,1389,12,1,301.57
132,1330,101,3,1024.2
133,1148,119,2,2710.18
134,19,56,4,4434.68
135,1281,50,1,1065.99
136,1046,20,2,1482.72
137,989,66,4,14305.88
138,2498,36,4,3853.76
139,2600,79,3,3158.13
140,1574,38,4,7320.44
141,1072,22,4,1676.8
142,2743,108,3,6723.36
143,2635,61,2,12223.98
144,2769,50,2,2131.98
145,1207,96,3,685.65
146,1459,59,1,1931.8
147,2155,20,3,2224.08
148,1212,36,2,1926.88
149,776,97,1,1958.87
150,1860,15,3,3414.3
151,1867,62,2,2356.82
152,1161,114,2,2490.32
153,1882,110,2,802.32
154,2946,3,4,1790.52
155,2384,93,4,2004.52
156,2655,111,1,736.15
157,2886,91,1,589.41
158,1781,5,1,4078.47
159,602,56,4,4434.68
160,1595,31,1,887.17
161,2451,86,2,956.72
162,540,35,2,901.56
163,1096,118,1,1854.48
164,1806,71,1,2418.92
165,24,70,4,2763.88
166,624,26,2,1757.1
167,1836,118,3,5563.44
168,1080,1,3,6910.71
169,986,83,4,4224.28
170,223,7,4,3781.56
171,179,36,4,3853.76
172,2848,76,2,2171.14
173,2482,84,1,612.43
174,1961,87,1,906.51
175,1474,25,4,1675.76
176,793,94,2,1059.06
177,884,59,3,5795.4
178,2540,61,4,24447.96
179,1213,29,2,1466.28
180,1602,95,4,8423.4
181,810,18,2,4259.46
182,961,41,2,2800.56
183,420,19,4,3809.04
184,2697,118,1,1854.48
185,1188,4,4,24954.16
186,1279,65,1,3546.41
187,2524,41,1,1400.28
188,1441,15,3,3414.3
189,2218,54,2,1219.2
190,1341,64,4,1636.72
191,2222,72,2,485.32
192,2518,15,3,3414.3
193,2393,79,1,1052.71
194,2493,50,4,4263.96
195,1042,103,2,2363.56
196,1094,22,3,1257.6
197,1362,18,1,2129.73
198,2676,80,1,928.81
199,592,2,2,884.5
200,527,36,1,963.44
201,2504,20,3,2224.08
202,1293,16,1,5882.4
203,1655,67,4,3505.12
204,811,120,4,2604.92
205,188,30,2,1103.76
206,1593,55,3,4249.83
207,2759,66,1,3576.47
208,529,99,1,1520.36
209,434,26,1,878.55
210,2336,57,4,3993.0
211,1942,69,3,1383.84
212,2547,2,1,442.25
213,1805,115,2,890.96
214,303,56,3,3326.01
215,87,84,3,1837.29
216,2878,62,1,1178.41
217,438,34,4,1670.4
218,2589,98,3,6477.21
219,1046,118,2,3708.96
220,833,56,3,3326.01
221,797,55,4,5666.44
222,560,20,2,1482.72
223,762,50,4,4263.96
224,1699,25,1,418.94
225,2515,84,3,1837.29
226,1125,25,2,837.88
227,2723,53,4,2442.88
228,685,14,1,3871.16
229,1165,60,2,4847.06
230,138,111,3,2208.45
231,578,108,3,6723.36
232,710,43,4,3400.36
233,228,107,2,4663.24
234,2329,62,1,1178.41
235,2732,103,1,1181.78
236,828,76,1,1085.57
237,431,112,4,3296.28
238,1064,69,1,461.28
239,1710,63,2,3235.2
240,1687,2,4,1769.0
241,1235,54,3,1828.8
242,302,16,4,23529.6
243,1110,55,4,5666.44
244,1421,94,4,2118.12
245,533,111,2,1472.3
246,769,43,3,2550.27
247,1939,61,3,18335.97
248,1405,38,4,7320.44
249,444,45,4,4091.4
250,260,51,4,10435.0
251,1539,42,2,1970.98
252,1332,24,2,7604.08
253,2787,115,1,445.48
254,2844,30,3,1655.64
255,70,37,1,868.21
256,1478,53,1,610.72
257,1463,63,4,6470.4
258,1849,103,2,2363.56
259,481,11,1,1299.67
260,1168,78,1,1255.13
261,2072,23,1,2382.14
262,2794,117,4,5318.4
263,2893,80,4,3715.24
264,1199,50,2,2131.98
265,2373,85,1,906.04
266,1893,55,1,1416.61
267,1695,55,2,2833.22
268,1884,4,2,12477.08
269,1372,97,2,3917.74
270,798,54,3,1828.8
271,18,61,2,12223.98
272,44,111,4,2944.6
273,155,78,3,3765.39
274,867,83,2,2112.14
275,2970,5,4,16313.88
276,743,100,2,8174.96
277,1852,95,2,4211.7
278,1426,109,3,699.15
279,225,18,4,8518.92
280,217,44,1,915.11
281,31,31,2,1774.34
282,1893,119,3,4065.27
283,1083,94,4,2118.12
284,1916,21,2,4734.2
285,898,47,1,1349.56
286,2983,30,4,2207.52
287,445,55,4,5666.44
288,1259,105,3,2658.03
289,1131,68,2,2313.46
290,1215,69,2,922.56
291,2016,41,4,5601.12
292,2578,45,2,2045.7
293,1937,74,4,5635.96
294,738,91,1,589.41
295,1703,80,3,2786.43
296,874,30,2,1103.76
297,566,77,2,2346.04
298,2019,100,3,12262.44
299,1886,85,1,906.04
300,2124,45,1,1022.85
301,547,117,1,1329.6
302,2315,104,1,997.34
303,317,45,1,1022.85
304,1860,79,4,4210.84
305,25,84,2,1224.86
306,160,84,2,1224.86
307,2644,45,2,2045.7
308,1138,55,4,5666.44
309,900,59,3,5795.4
310,2550,5,1,4078.47
311,1190,118,3,5563.44
312,703,118,1,1854.48
313,1,32,1,315.31
314,1923,6,3,859.44
315,2789,94,2,1059.06
316,2368,26,4,3514.2
317,1425,37,3,2604.63
318,382,13,2,9618.46
319,1742,93,1,501.13
320,1827,69,2,922.56
321,1274,25,1,418.94
322,1549,13,1,4809.23
323,1579,88,2,3525.42
324,898,95,1,2105.85
325,717,20,4,2965.44
326,2355,119,2,2710.18
327,391,72,3,727.98
328,1700,60,1,2423.53
329,2346,73,1,482.25
330,233,21,4,9468.4
331,1927,115,4,1781.92
332,2319,61,3,18335.97
333,1320,84,1,612.43
334,2725,79,3,3158.13
335,706,26,3,2635.65
336,234,54,1,609.6
337,1392,42,3,2956.47
338,2893,11,3,3899.01
339,1256,37,4,3472.84
340,1897,105,4,3544.04
341,2539,11,3,3899.01
342,2551,27,1,582.32
343,890,94,4,2118.12
344,592,83,3,3168.21
345,746,34,2,835.2
346,1720,38,2,3660.22
347,428,61,3,18335.97
348,2745,87,2,1813.02
349,2694,53,4,2442.88
350,732,65,1,3546.41
351,800,3,3,1342.89
352,2412,67,4,3505.12
353,202,28,1,614.42
354,2930,14,2,7742.32
355,2194,52,2,7531.86
356,836,30,2,1103.76
357,2687,58,2,953.3
358,135,54,4,2438.4
359,2674,69,4,1845.12
360,1288,113,1,4830.7
361,2112,15,3,3414.3
362,2539,38,1,1830.11
363,41,78,3,3765.39
364,913,14,2,7742.32
365,1730,57,2,1996.5
366,975,59,2,3863.6
367,1134,113,2,9661.4
368,2416,8,4,2915.88
369,1460,72,1,242.66
370,2966,19,3,2856.78
371,2041,32,3,945.93
372,244,95,4,8423.4
373,2950,29,2,1466.28
374,166,41,1,1400.28
375,1050,75,2,4244.14
376,1498,45,4,4091.4
377,728,13,3,14427.69
378,1116,27,4,2329.28
379,483,120,3,1953.69
380,2591,19,1,952.26
381,2979,26,3,2635.65
382,2448,53,1,610.72
383,1231,51,2,5217.5
384,2667,37,2,1736.42
385,2927,112,4,3296.28
386,2149,9,1,1788.03
387,880,92,2,2201.6
388,830,96,1,228.55
389,2025,52,2,7531.86
390,759,54,2,1219.2
391,163,3,3,1342.89
392,1197,115,4,1781.92
393,2550,96,3,685.65
394,2595,69,1,461.28
395,1308,8,2,1457.94
396,2429,14,4,15484.64
397,2918,120,2,1302.46
398,2953,3,2,895.26
399,1996,24,3,11406.12
400,1935,13,1,4809.23
401,1557,43,4,3400.36
402,2657,29,4,2932.56
403,307,72,4,970.64
404,1363,51,1,2608.75
405,2103,42,4,3941.96
406,333,31,1,887.17
407,2175,63,4,6470.4
408,2753,26,2,1757.1
409,243,18,1,2129.73
410,1885,82,3,5515.02
411,2648,57,4,3993.0
412,1433,7,3,2836.17
413,2551,112,1,824.07
414,2652,102,2,2233.88
415,303,48,3,3057.51
416,235,80,3,2786.43
417,2187,119,2,2710.18
418,195,120,2,1302.46
419,1551,60,1,2423.53
420,1793,33,4,19036.04
421,647,120,3,1953.69
422,2049,115,3,1336.44
423,561,3,1,447.63
424,1120,102,4,4467.76
425,713,4,1,6238.54
426,413,100,3,12262.44
427,538,4,3,18715.62
428,1879,42,2,1970.98
429,2477,9,2,3576.06
430,235,104,4,3989.36
431,2397,51,3,7826.25
432,1780,17,3,15009.39
433,1894,17,2,10006.26
434,1505,97,1,1958.87
435,1863,20,1,741.36
436,2444,14,3,11613.48
437,1375,22,3,1257.6
438,416,52,4,15063.72
439,1910,27,4,2329.28
440,916,43,2,1700.18
441,81,3,3,1342.89
442,2084,88,1,1762.71
443,1091,94,4,2118.12
444,2689,8,2,1457.94
445,2930,86,2,956.72
446,1691,89,1,1637.61
447,757,10,4,8631.68
448,2671,113,1,4830.7
449,468,29,2,1466.28
450,1166,40,3,1844.37
451,2404,118,1,1854.48
452,2757,65,2,7092.82
453,1495,116,3,5297.73
454,1645,21,3,7101.3
455,1020,103,4,4727.12
456,1615,24,4,15208.16
457,902,73,2,964.5
458,673,60,1,2423.53
459,439,108,3,6723.36
460,2579,118,4,7417.92
461,127,26,4,3514.2
462,2253,9,1,1788.03
463,2077,20,4,2965.44
464,445,56,2,2217.34
465,966,99,1,1520.36
466,464,36,3,2890.32
467,2199,106,2,1769.78
468,2288,36,3,2890.32
469,2314,118,3,5563.44
470,913,73,4,1929.0
471,497,22,2,838.4
472,1464,1,2,4607.14
473,1772,69,1,461.28
474,2733,73,2,964.5
475,158,37,1,868.21
476,172,102,2,2233.88
477,494,83,3,3168.21
478,970,72,1,242.66
479,1335,106,2,1769.78
480,1427,107,1,2331.62
481,1693,96,4,914.2
482,1794,13,4,19236.92
483,2724,84,1,612.43
484,659,100,1,4087.48
485,2951,43,3,2550.27
486,666,108,2,4482.24
487,367,37,4,3472.84
488,550,94,4,2118.12
489,643,74,2,2817.98
490,1894,95,4,8423.4
491,255,25,4,1675.76
492,208,93,1,501.13
493,2498,88,4,7050.84
494,95,103,4,4727.12
495,1884,21,4,9468.4
496,2887,41,2,2800.56
497,478,73,3,1446.75
498,2731,42,1,985.49
499,762,42,3,2956.47
500,190,2,4,1769.0
501,2759,68,4,4626.92
502,1508,8,4,2915.88
503,1757,96,3,685.65
504,1560,61,2,12223.98
505,756,14,2,7742.32
506,1447,113,1,4830.7
507,836,77,3,3519.06
508,1664,21,2,4734.2
509,1629,24,1,3802.04
510,1836,50,4,4263.96
511,133,82,4,7353.36
512,55,45,1,1022.85
513,510,64,2,818.36
514,670,64,3,1227.54
515,2458,104,1,997.34
516,1690,26,2,1757.1
517,1317,32,1,315.31
518,734,108,2,4482.24
519,1694,57,4,3993.0
520,259,119,1,1355.09
521,1146,120,3,1953.69
522,299,53,1,610.72
523,561,33,4,19036.04
524,1913,52,4,15063.72
525,1865,95,2,4211.7
526,297,18,4,8518.92
527,2410,35,2,901.56
528,2637,12,4,1206.28
529,1462,51,2,5217.5
530,2175,89,3,4912.83
531,197,109,2,466.1
532,2269,95,2,4211.7
533,995,10,3,6473.76
534,2139,111,2,1472.3
535,2459,52,2,7531.86
536,8,34,3,1252.8
537,2592,115,4,1781.92
538,2516,67,1,876.28
539,320,110,2,802.32
540,1418,39,4,15490.2
541,2317,8,1,728.97
542,1699,96,3,685.65
543,2109,107,2,4663.24
544,1462,29,2,1466.28
545,1288,22,3,1257.6
546,2845,84,2,1224.86
547,1119,70,1,690.97
548,553,61,1,6111.99
549,2974,43,3,2550.27
550,661,49,2,1759.0
551,716,29,4,2932.56
552,2827,106,2,1769.78
553,2242,120,3,1953.69
554,2530,81,4,4571.76
555,1459,31,1,887.17
556,855,53,1,610.72
557,2546,34,4,1670.4
558,2260,38,4,7320.44
559,665,57,3,2994.75
560,2718,101,2,682.8
561,1898,4,1,6238.54
562,1675,2,2,884.5
563,2269,12,1,301.57
564,273,35,2,901.56
565,1178,70,1,690.97
566,1273,120,2,1302.46
567,279,110,3,1203.48
568,816,72,1,242.66
569,276,21,3,7101.3
570,1005,117,1,1329.6
571,2562,110,1,401.16
572,923,61,1,6111.99
573,642,35,2,901.56
574,505,48,1,1019.17
575,2638,15,3,3414.3
576,772,71,2,4837.84
577,1265,15,2,2276.2
578,2788,109,1,233.05
579,2723,6,4,1145.92
580,1260,111,2,1472.3
581,1014,81,1,1142.94
582,128,68,3,3470.19
583,2551,22,4,1676.8
584,1224,32,2,630.62
585,2950,22,4,1676.8
586,2591,27,2,1164.64
587,1526,110,4,1604.64
588,1674,15,4,4552.4
589,492,44,3,2745.33
590,1258,115,4,1781.92
591,2762,86,3,1435.08
592,2839,92,1,1100.8
593,1667,106,2,1769.78
594,416,102,3,3350.82
595,2196,9,2,3576.06
596,970,34,3,1252.8
597,2077,100,2,8174.96
598,1385,73,3,1446.75
599,308,15,2,2276.2
600,2210,62,1,1178.41
601,2917,45,2,2045.7
602,2900,84,1,612.43
603,61,72,1,242.66
604,2173,58,1,476.65
605,1480,92,4,4403.2
606,2886,115,2,890.96
607,1931,19,4,3809.04
608,2514,16,4,23529.6
609,2291,75,2,4244.14
610,1514,106,1,884.89
611,473,8,4,2915.88
612,959,33,4,19036.04
613,533,74,3,4226.97
614,494,18,2,4259.46
615,2947,35,4,1803.12
616,82,43,2,1700.18
617,2904,50,2,2131.98
618,879,3,4,1790.52
619,1546,104,2,1994.68
620,2971,91,1,589.41
621,12,59,4,7727.2
622,1287,28,4,2457.68
623,449,46,4,22462.92
624,762,64,3,1227.54
625,26,70,3,2072.91
626,1807,47,3,4048.68
627,2556,14,3,11613.48
628,1569,7,4,3781.56
629,62,74,1,1408.99
630,229,79,2,2105.42
631,1839,31,2,1774.34
632,607,93,4,2004.52
633,1059,106,1,884.89
634,1729,118,2,3708.96
635,1480,81,1,1142.94
636,2939,51,4,10435.0
637,1526,29,3,2199.42
638,761,113,1,4830.7
639,595,108,2,4482.24
640,1593,15,2,2276.2
641,1056,90,2,12436.84
642,1855,76,3,3256.71
643,2049,25,1,418.94
644,1459,61,1,6111.99
645,1862,41,2,2800.56
646,1160,69,1,461.28
647,1220,4,2,12477.08
648,133,108,1,2241.12
649,86,112,3,2472.21
650,1500,105,3,2658.03
651,1831,57,4,3993.0
652,1204,31,4,3548.68
653,2564,3,4,1790.52
654,175,117,1,1329.6
655,2811,67,3,2628.84
656,1976,90,3,18655.26
657,578,50,3,3197.97
658,1799,17,2,10006.26
659,2097,60,1,2423.53
660,2576,74,1,1408.99
661,145,66,4,14305.88
662,762,88,2,3525.42
663,1378,75,2,4244.14
664,1826,24,3,11406.12
665,929,99,4,6081.44
666,794,87,1,906.51
667,1602,32,2,630.62
668,1661,87,3,2719.53
669,319,98,1,2159.07
670,1111,105,3,2658.03
671,1577,19,1,952.26
672,698,66,3,10729.41
673,847,60,1,2423.53
674,1802,115,4,1781.92
675,783,66,1,3576.47
676,2090,15,1,1138.1
677,1117,120,1,651.23
678,1751,85,3,2718.12
679,2577,35,2,901.56
680,1650,69,1,461.28
681,292,107,1,2331.62
682,969,27,4,2329.28
683,1488,88,1,1762.71
684,1843,7,4,3781.56
685,97,6,1,286.48
686,1119,110,3,1203.48
687,74,33,2,9518.02
688,1360,58,2,953.3
689,1092,49,2,1759.0
690,758,17,3,15009.39
691,1942,110,4,1604.64
692,208,42,2,1970.98
693,1245,94,3,1588.59
694,1286,72,3,727.98
695,410,40,1,614.79
696,2379,46,4,22462.92
697,2392,71,3,7256.76
698,771,70,4,2763.88
699,1844,68,2,2313.46
700,74,1,2,4607.14
701,1661,79,2,2105.42
702,254,95,1,2105.85
703,820,89,1,1637.61
704,986,111,4,2944.6
705,332,97,4,7835.48
706,1422,52,1,3765.93
707,2795,35,3,1352.34
708,836,119,4,5420.36
709,1692,69,4,1845.12
710,455,5,2,8156.94
711,1930,100,4,16349.92
712,1139,17,4,20012.52
713,313,53,3,1832.16
714,1018,52,4,15063.72
715,228,14,3,11613.48
716,2882,29,2,1466.28
717,858,8,1,728.97
718,1269,98,2,4318.14
719,2866,104,3,2992.02
720,1018,1,3,6910.71
721,2576,29,4,2932.56
722,950,36,4,3853.76
723,427,51,1,2608.75
724,2090,37,3,2604.63
725,465,93,3,1503.39
726,1646,69,2,922.56
727,278,53,1,610.72
728,2884,96,2,457.1
729,19,52,4,15063.72
730,66,88,4,7050.84
731,167,83,2,2112.14
732,1609,12,4,1206.28
733,403,52,2,7531.86
734,409,1,3,6910.71
735,2160,7,3,2836.17
736,597,17,4,20012.52
737,2699,98,1,2159.07
738,1063,43,3,2550.27
739,2153,71,4,9675.68
740,324,17,1,5003.13
741,1983,59,4,7727.2
742,1438,3,2,895.26
743,429,29,4,2932.56
744,2683,22,2,838.4
745,2778,38,3,5490.33
746,2937,54,3,1828.8
747,1085,107,4,9326.48
748,1636,93,1,501.13
749,1378,114,4,4980.64
750,393,50,4,4263.96
751,2252,118,3,5563.44
752,2306,106,3,2654.67
753,2534,69,4,1845.12
754,1541,30,3,1655.64
755,446,23,2,4764.28
756,1204,119,4,5420.36
757,1024,85,3,2718.12
758,342,120,4,2604.92
759,133,90,3,18655.26
760,2491,118,2,3708.96
761,1860,47,2,2699.12
762,2301,21,4,9468.4
763,265,20,2,1482.72
764,93,23,2,4764.28
765,1686,68,3,3470.19
766,1435,21,4,9468.4
767,2186,21,3,7101.3
768,1232,1,3,6910.71
769,1002,15,1,1138.1
770,1661,17,2,10006.26
771,1597,51,3,7826.25
772,2355,63,3,4852.8
773,266,14,3,11613.48
774,646,59,2,3863.6
775,2366,83,2,2112.14
776,1137,50,2,2131.98
777,2949,34,4,1670.4
778,1402,6,3,859.44
779,454,109,2,466.1
780,2239,49,3,2638.5
781,1915,6,4,1145.92
782,1464,117,1,1329.6
783,1211,118,4,7417.92
784,831,69,2,922.56
785,1391,7,2,1890.78
786,1113,97,4,7835.48
787,2235,77,3,3519.06
788,2867,51,2,5217.5
789,1970,118,2,3708.96
790,2180,1,4,9214.28
791,872,13,3,14427.69
792,635,43,4,3400.36
793,1400,27,4,2329.28
794,691,71,3,7256.76
795,2740,116,3,5297.73
796,1866,3,1,447.63
797,1058,58,4,1906.6
798,1956,89,3,4912.83
799,582,97,2,3917.74
800,2219,104,1,997.34
801,1390,17,4,20012.52
802,784,45,3,3068.55
803,181,78,1,1255.13
804,19,101,1,341.4
805,1250,58,2,953.3
806,2929,56,1,1108.67
807,1617,54,4,2438.4
808,2223,87,3,2719.53
809,1246,88,1,1762.71
810,1639,29,1,733.14
811,54,102,4,4467.76
812,2743,54,2,1219.2
813,2911,27,2,1164.64
814,1427,102,3,3350.82
815,2397,117,4,5318.4
816,443,104,2,1994.68
817,2881,45,3,3068.55
818,580,114,3,3735.48
819,282,87,2,1813.02
820,2408,31,4,3548.68
821,2963,36,1,963.44
822,823,81,2,2285.88
823,2940,61,1,6111.99
824,1670,37,1,868.21
825,641,67,4,3505.12
826,1032,36,4,3853.76
827,2017,119,3,4065.27
828,563,5,4,16313.88
829,2539,46,3,16847.19
830,341,79,2,2105.42
831,472,52,1,3765.93
832,1711,49,4,3518.0
833,2297,6,2,572.96
834,235,10,3,6473.76
835,1107,118,4,7417.92
836,1117,96,1,228.55
837,1909,23,2,4764.28
838,1418,112,4,3296.28
839,824,17,4,20012.52
840,1292,110,2,802.32
841,632,84,3,1837.29
842,529,44,3,2745.33
843,1981,41,4,5601.12
844,2170,15,3,3414.3
845,2940,44,3,2745.33
846,2058,110,2,802.32
847,1340,58,3,1429.95
848,2886,86,3,1435.08
849,1297,50,2,2131.98
850,1330,52,4,15063.72
851,1234,70,4,2763.88
852,1982,68,2,2313.46
853,1754,63,1,1617.6
854,2801,58,2,953.3
855,2934,23,1,2382.14
856,2512,44,3,2745.33
857,2760,109,4,932.2
858,2776,83,1,1056.07
859,2765,118,1,1854.48
860,1949,109,3,699.15
861,2128,95,4,8423.4
862,2528,44,3,2745.33
863,902,52,4,15063.72
864,891,67,4,3505.12
865,1571,28,3,1843.26
866,1825,67,1,876.28
867,2066,78,2,2510.26
868,1189,18,4,8518.92
869,1549,27,4,2329.28
870,202,51,2,5217.5
871,741,60,2,4847.06
872,1370,74,3,4226.97
873,1390,49,4,3518.0
874,2001,15,3,3414.3
875,1472,83,2,2112.14
876,1537,73,3,1446.75
877,319,68,4,4626.92
878,2265,15,1,1138.1
879,1058,51,1,2608.75
880,1895,48,4,4076.68
881,2314,72,3,727.98
882,724,113,2,9661.4
883,2823,117,2,2659.2
884,1701,1,1,2303.57
885,413,7,3,2836.17
886,1276,53,2,1221.44
887,401,31,2,1774.34
888,1840,18,4,8518.92
889,724,12,3,904.71
890,2330,48,3,3057.51
891,1136,30,2,1103.76
892,2771,97,3,5876.61
893,751,111,3,2208.45
894,268,7,3,2836.17
895,2346,92,4,4403.2
896,1341,113,2,9661.4
897,570,3,1,447.63
898,2557,107,3,6994.86
899,1974,63,2,3235.2
900,546,6,1,286.48
901,2823,95,4,8423.4
902,365,102,2,2233.88
903,547,15,4,4552.4
904,271,71,2,4837.84
905,739,43,4,3400.36
906,2585,94,2,1059.06
907,1258,91,4,2357.64
908,59,81,1,1142.94
909,1275,119,2,2710.18
910,1871,18,1,2129.73
911,86,22,3,1257.6
912,763,61,1,6111.99
913,390,120,2,1302.46
914,1204,61,1,6111.99
915,719,53,2,1221.44
916,2904,26,4,3514.2
917,149,115,3,1336.44
918,583,91,1,589.41
919,121,40,3,1844.37
920,2813,88,1,1762.71
921,2653,116,2,3531.82
922,2304,8,1,728.97
923,766,21,3,7101.3
924,2912,93,1,501.13
925,800,43,3,2550.27
926,2107,21,3,7101.3
927,1022,3,2,895.26
928,1470,31,4,3548.68
929,2436,119,4,5420.36
930,1110,27,1,582.32
931,2834,110,3,1203.48
932,1251,27,2,1164.64
933,2641,73,4,1929.0
934,1650,57,2,1996.5
935,1816,97,2,3917.74
936,1346,33,3,14277.03
937,2957,90,1,6218.42
938,1342,92,3,3302.4
939,2614,44,4,3660.44
940,2447,43,4,3400.36
941,1733,31,2,1774.34
942,899,117,3,3988.8
943,2341,65,3,10639.23
944,485,84,2,1224.86
945,803,76,1,1085.57
946,1716,17,2,10006.26
947,1916,15,2,2276.2
948,1758,34,4,1670.4
949,1810,114,3,3735.48
950,2938,80,4,3715.24
951,2292,4,2,12477.08
952,1444,72,3,727.98
953,1953,98,2,4318.14
954,2864,110,2,802.32
955,2321,89,1,1637.61
956,1671,79,4,4210.84
957,1849,28,4,2457.68
958,520,73,2,964.5
959,1152,2,1,442.25
960,1397,17,2,10006.26
961,2616,58,2,953.3
962,2686,74,2,2817.98
963,2207,9,1,1788.03
964,652,31,3,2661.51
965,2224,66,1,3576.47
966,1951,88,2,3525.42
967,2668,62,3,3535.23
968,211,19,2,1904.52
969,2495,81,1,1142.94
970,586,107,1,2331.62
971,167,113,3,14492.1
972,2508,74,1,1408.99
973,2964,114,2,2490.32
974,1257,55,3,4249.83
975,1206,28,4,2457.68
976,1739,102,2,2233.88
977,1053,112,4,3296.28
978,714,92,3,3302.4
979,2889,114,3,3735.48
980,2916,116,2,3531.82
981,688,50,1,1065.99
982,330,65,2,7092.82
983,1747,3,1,447.63
984,1208,79,1,1052.71
985,2143,52,2,7531.86
986,785,10,3,6473.76
987,2697,21,2,4734.2
988,2401,37,4,3472.84
989,2978,15,3,3414.3
990,941,87,1,906.51
991,1289,78,3,3765.39
992,1680,79,2,2105.42
993,2694,74,3,4226.97
994,626,120,1,651.23
995,139,9,1,1788.03
996,2764,44,3,2745.33
997,762,39,4,15490.2
998,1834,5,1,4078.47
999,2303,25,4,1675.76
1000,1556,56,1,1108.67
1001,676,106,3,2654.67
1002,92,90,1,6218.42
1003,1093,64,4,1636.72
1004,37,72,4,970.64
1005,1788,86,3,1435.08
1006,2188,52,4,15063.72
1007,2915,89,4,6550.44
1008,2728,112,3,2472.21
1009,1202,76,1,1085.57
1010,1837,9,3,5364.09
1011,1895,10,1,2157.92
1012,137,112,1,824.07
1013,2238,10,1,2157.92
1014,1664,73,2,964.5
1015,2390,62,1,1178.41
1016,1583,90,3,18655.26
1017,972,99,3,4561.08
1018,662,91,3,1768.23
1019,2291,60,2,4847.06
1020,1811,95,4,8423.4
1021,415,19,2,1904.52
1022,2755,107,3,6994.86
1023,343,38,3,5490.33
1024,2730,6,4,1145.92
1025,2701,15,2,2276.2
1026,146,93,3,1503.39
1027,323,47,1,1349.56
1028,2170,45,1,1022.85
1029,1276,118,3,5563.44
1030,1879,5,1,4078.47
1031,2359,78,4,5020.52
1032,601,53,3,1832.16
1033,475,66,2,7152.94
1034,2618,62,3,3535.23
1035,1516,23,4,9528.56
1036,575,44,2,1830.22
1037,347,52,4,15063.72
1038,2868,46,1,5615.73
1039,1511,19,1,952.26
1040,382,88,1,1762.71
1041,1304,84,4,2449.72
1042,72,47,4,5398.24
1043,2569,91,3,1768.23
1044,2981,52,2,7531.86
1045,1118,24,2,7604.08
1046,1397,17,4,20012.52
1047,2387,89,4,6550.44
1048,1360,46,1,5615.73
1049,664,64,4,1636.72
1050,1516,119,1,1355.09
1051,1892,95,4,8423.4
1052,40,28,2,1228.84
1053,1383,50,3,3197.97
1054,2031,64,4,1636.72
1055,2622,28,1,614.42
1056,1278,86,3,1435.08
1057,966,56,1,1108.67
1058,2629,59,1,1931.8
1059,1901,5,3,12235.41
1060,2218,54,3,1828.8
1061,701,44,3,2745.33
1062,511,42,4,3941.96
1063,1284,72,3,727.98
1064,584,102,4,4467.76
1065,984,92,2,2201.6
1066,459,57,2,1996.5
1067,2577,47,1,1349.56
1068,1906,76,1,1085.57
1069,2389,25,4,1675.76
1070,2105,102,1,1116.94
1071,2266,44,2,1830.22
1072,2667,15,4,4552.4
1073,816,108,4,8964.48
1074,2779,105,3,2658.03
1075,2512,51,4,10435.0
1076,247,53,1,610.72
1077,730,34,2,835.2
1078,2421,109,1,233.05
1079,417,77,2,2346.04
1080,1055,8,3,2186.91
1081,368,77,2,2346.04
1082,2607,100,3,12262.44
1083,108,70,1,690.97
1084,2632,102,3,3350.82
1085,839,96,4,914.2
1086,418,21,4,9468.4
1087,1644,108,2,4482.24
1088,821,108,1,2241.12
1089,1422,113,1,4830.7
1090,683,7,2,1890.78
1091,256,90,4,24873.68
1092,2828,79,3,3158.13
1093,838,56,2,2217.34
1094,2963,49,3,2638.5
1095,2283,42,3,2956.47
1096,553,23,1,2382.14
1097,181,52,4,15063.72
1098,157,102,3,3350.82
1099,1478,105,4,3544.04
1100,571,79,1,1052.71
1101,857,112,2,1648.14
1102,1785,53,2,1221.44
1103,1728,104,1,997.34
1104,1048,16,1,5882.4
1105,1497,96,3,685.65
1106,1424,37,1,868.21
1107,2996,18,2,4259.46
1108,592,20,4,2965.44
1109,2182,46,4,22462.92
1110,421,2,4,1769.0
1111,2261,119,4,5420.36
1112,2948,87,1,906.51
1113,2530,94,1,529.53
1114,348,63,4,6470.4
1115,166,3,1,447.63
1116,937,46,3,16847.19
1117,348,103,1,1181.78
1118,2897,111,3,2208.45
1119,398,49,3,2638.5
1120,583,1,1,2303.57
1121,2774,105,4,3544.04
1122,1601,22,3,1257.6
1123,308,93,1,501.13
1124,2846,14,2,7742.32
1125,2767,112,4,3296.28
1126,2514,92,2,2201.6
1127,99,85,3,2718.12
1128,1266,45,2,2045.7
1129,158,96,1,228.55
1130,2658,6,4,1145.92
1131,554,118,3,5563.44
1132,651,65,1,3546.41
1133,2968,21,4,9468.4
1134,2275,4,3,18715.62
1135,2471,3,3,1342.89
1136,2291,113,3,14492.1
1137,2578,30,3,1655.64
1138,1069,31,2,1774.34
1139,1496,34,2,835.2
1140,2419,83,2,2112.14
1141,1879,20,3,2224.08
1142,2700,87,2,1813.02
1143,2737,54,4,2438.4
1144,734,104,3,2992.02
1145,1951,25,4,1675.76
1146,92,15,4,4552.4
1147,2220,38,2,3660.22
1148,1628,23,3,7146.42
1149,1216,52,2,7531.86
1150,1101,66,2,7152.94
1151,1305,57,2,1996.5
1152,1388,57,3,2994.75
1153,179,79,3,3158.13
1154,2286,52,2,7531.86
1155,2925,108,4,8964.48
1156,2950,35,4,1803.12
1157,280,74,3,4226.97
1158,1043,14,1,3871.16
1159,1619,91,2,1178.82
1160,2788,118,2,3708.96
1161,371,14,1,3871.16
1162,1801,99,3,4561.08
1163,2918,33,4,19036.04
1164,1704,52,3,11297.79
1165,2269,1,4,9214.28
1166,2968,34,4,1670.4
1167,304,19,3,2856.78
1168,1349,24,2,7604.08
1169,1461,106,2,1769.78
1170,2486,4,2,12477.08
1171,1194,36,4,3853.76
1172,2423,77,2,2346.04
1173,2429,58,4,1906.6
1174,2062,32,2,630.62
1175,2791,9,3,5364.09
1176,669,103,1,1181.78
1177,500,80,4,3715.24
1178,1415,114,3,3735.48
1179,1573,67,4,3505.12
1180,2613,116,4,7063.64
1181,530,20,3,2224.08
1182,2007,74,2,2817.98
1183,2540,120,4,2604.92
1184,1220,62,1,1178.41
1185,755,58,1,476.65
1186,2348,22,3,1257.6
1187,815,112,1,824.07
1188,2595,67,3,2628.84
1189,727,75,3,6366.21
1190,731,89,4,6550.44
1191,828,106,3,2654.67
1192,2650,48,3,3057.51
1193,1332,8,2,1457.94
1194,2047,73,4,1929.0
1195,2816,15,1,1138.1
1196,875,32,2,630.62
1197,2985,53,2,1221.44
1198,2179,67,4,3505.12
1199,2004,4,4,24954.16
1200,1678,30,2,1103.76
1201,608,13,4,19236.92
1202,2074,108,4,8964.48
1203,1478,21,3,7101.3
1204,635,41,4,5601.12
1205,1210,110,3,1203.48
1206,484,19,2,1904.52
1207,2728,103,2,2363.56
1208,1075,48,1,1019.17
1209,1915,86,4,1913.44
1210,2053,63,2,3235.2
1211,589,20,3,2224.08
1212,2256,64,2,818.36
1213,2305,37,4,3472.84
1214,1229,31,1,887.17
1215,1974,74,1,1408.99
1216,2059,18,2,4259.46
1217,949,107,1,2331.62
1218,2056,103,4,4727.12
1219,2984,110,4,1604.64
1220,2080,20,1,741.36
1221,2008,82,3,5515.02
1222,2588,11,1,1299.67
1223,1742,86,1,478.36
1224,387,44,2,1830.22
1225,1252,82,3,5515.02
1226,2688,64,1,409.18
1227,1791,34,2,835.2
1228,1499,87,2,1813.02
1229,207,65,2,7092.82
1230,1819,55,4,5666.44
1231,1781,74,2,2817.98
1232,2605,117,2,2659.2
1233,2396,1,4,9214.28
1234,793,38,4,7320.44
1235,2282,103,2,2363.56
1236,1725,113,1,4830.7
1237,1006,9,3,5364.09
1238,2785,95,4,8423.4
1239,942,71,3,7256.76
1240,1166,17,4,20012.52
1241,2224,99,2,3040.72
1242,1678,112,4,3296.28
1243,449,101,2,682.8
1244,592,52,3,11297.79
1245,82,18,1,2129.73
1246,2183,63,2,3235.2
1247,2904,33,3,14277.03
1248,1407,4,3,18715.62
1249,1481,87,4,3626.04
1250,2488,75,2,4244.14
1251,1080,52,3,11297.79
1252,2745,9,1,1788.03
1253,419,64,4,1636.72
1254,88,30,4,2207.52
1255,2704,8,3,2186.91
1256,215,104,2,1994.68
1257,1759,5,4,16313.88
1258,2600,76,2,2171.14
1259,1521,63,3,4852.8
1260,1718,1,3,6910.71
1261,2551,15,2,2276.2
1262,2747,89,1,1637.61
1263,2293,82,4,7353.36
1264,1502,38,3,5490.33
1265,309,42,1,985.49
1266,231,46,1,5615.73
1267,155,53,2,1221.44
1268,1199,26,2,1757.1
1269,2896,61,2,12223.98
1270,115,104,1,997.34
1271,1414,67,4,3505.12
1272,311,54,2,1219.2
1273,993,22,4,1676.8
1274,2348,26,2,1757.1
1275,1042,83,1,1056.07
1276,2832,108,4,8964.48
1277,12,108,4,8964.48
1278,1428,111,1,736.15
1279,2280,60,4,9694.12
1280,2014,39,1,3872.55
1281,730,36,1,963.44
1282,1302,21,3,7101.3
1283,1377,41,2,2800.56
1284,2037,118,3,5563.44
1285,2351,48,1,1019.17
1286,541,26,1,878.55
1287,2518,63,4,6470.4
1288,2861,77,1,1173.02
1289,77,36,1,963.44
1290,24,24,1,3802.04
1291,1039,105,2,1772.02
1292,676,90,3,18655.26
1293,2573,21,3,7101.3
1294,2395,18,2,4259.46
1295,172,15,2,2276.2
1296,1893,79,2,2105.42
1297,2760,6,3,859.44
1298,489,43,3,2550.27
1299,1486,31,1,887.17
1300,2426,28,3,1843.26
1301,2420,8,4,2915.88
1302,757,29,3,2199.42
1303,2525,21,2,4734.2
1304,2430,81,3,3428.82
1305,155,120,1,651.23
1306,257,113,3,14492.1
1307,1780,88,2,3525.42
1308,674,58,4,1906.6
1309,2116,60,2,4847.06
1310,2392,50,4,4263.96
1311,673,100,1,4087.48
1312,2439,31,1,887.17
1313,1473,47,3,4048.68
1314,259,34,1,417.6
1315,307,2,1,442.25
1316,1119,106,2,1769.78
1317,2998,67,2,1752.56
1318,246,94,3,1588.59
1319,2781,72,3,727.98
1320,1659,52,3,11297.79
1321,187,7,3,2836.17
1322,1798,76,2,2171.14
1323,925,19,3,2856.78
1324,785,90,3,18655.26
1325,1596,92,1,1100.8
1326,2456,15,3,3414.3
1327,1361,78,4,5020.52
1328,341,48,1,1019.17
1329,563,14,2,7742.32
1330,651,3,4,1790.52
1331,3000,50,3,3197.97
1332,1194,93,1,501.13
1333,69,54,3,1828.8
1334,1584,6,1,286.48
1335,2429,49,3,2638.5
1336,2105,23,4,9528.56
1337,1301,92,2,2201.6
1338,2898,78,4,5020.52
1339,1123,78,4,5020.52
1340,916,20,2,1482.72
1341,2373,77,1,1173.02
1342,461,91,1,589.41
1343,2227,60,2,4847.06
1344,844,99,3,4561.08
1345,574,45,1,1022.85
1346,119,61,4,24447.96
1347,2597,56,2,2217.34
1348,646,2,4,1769.0
1349,1479,105,1,886.01
1350,2074,45,2,2045.7
1351,1514,40,2,1229.58
1352,2032,112,1,824.07
1353,1032,24,1,3802.04
1354,969,29,2,1466.28
1355,2011,67,3,2628.84
1356,1540,109,2,466.1
1357,2581,68,3,3470.19
1358,2197,114,4,4980.64
1359,1512,66,3,10729.41
1360,1049,84,3,1837.29
1361,655,54,1,609.6
1362,1955,53,2,1221.44
1363,2993,79,4,4210.84
1364,555,49,2,1759.0
1365,425,32,3,945.93
1366,293,61,3,18335.97
1367,1209,42,3,2956.47
1368,2602,1,2,4607.14
1369,431,63,3,4852.8
1370,2652,102,2,2233.88
1371,317,35,4,1803.12
1372,398,51,4,10435.0
1373,1348,71,2,4837.84
1374,1589,45,4,4091.4
1375,596,77,1,1173.02
1376,2594,113,3,14492.1
1377,2124,65,3,10639.23
1378,2913,14,3,11613.48
1379,1944,93,1,501.13
1380,916,3,3,1342.89
1381,2757,110,2,802.32
1382,2534,24,3,11406.12
1383,2795,65,2,7092.82
1384,1256,48,4,4076.68
1385,2598,10,2,4315.84
1386,976,13,2,9618.46
1387,1076,100,2,8174.96
1388,2990,73,3,1446.75
1389,2967,14,1,3871.16
1390,1245,100,1,4087.48
1391,1452,10,2,4315.84
1392,1167,40,3,1844.37
1393,2029,23,1,2382.14
1394,363,99,4,6081.44
1395,2430,55,4,5666.44
1396,2319,63,3,4852.8
1397,2346,71,4,9675.68
1398,234,42,4,3941.96
1399,2623,99,4,6081.44
1400,1732,66,1,3576.47
1401,27,79,4,4210.84
1402,1495,73,2,964.5
1403,93,47,2,2699.12
1404,2665,81,4,4571.76
1405,309,103,2,2363.56
1406,52,52,1,3765.93
1407,319,18,3,6389.19
1408,1993,79,2,2105.42
1409,181,18,4,8518.92
1410,1593,24,3,11406.12
1411,2923,23,3,7146.42
1412,647,12,4,1206.28
1413,1962,23,2,4764.28
1414,1284,21,1,2367.1
1415,2245,64,2,818.36
1416,2693,90,2,12436.84
1417,2303,72,1,242.66
1418,2025,94,3,1588.59
1419,2780,34,1,417.6
1420,336,2,1,442.25
1421,1577,69,4,1845.12
1422,1526,31,4,3548.68
1423,990,97,2,3917.74
1424,2948,118,4,7417.92
1425,1279,68,1,1156.73
1426,514,70,1,690.97
1427,2030,87,4,3626.04
1428,242,109,4,932.2
1429,2197,19,4,3809.04
1430,1734,107,1,2331.62
1431,2805,109,3,699.15
1432,2668,72,3,727.98
1433,2501,103,4,4727.12
1434,2260,13,2,9618.46
1435,668,65,2,7092.82
1436,594,6,3,859.44
1437,2179,71,4,9675.68
1438,2660,112,1,824.07
1439,256,27,2,1164.64
1440,1503,79,2,2105.42
1441,561,52,1,3765.93
1442,2111,98,1,2159.07
1443,1335,87,4,3626.04
1444,407,48,1,1019.17
1445,2850,113,1,4830.7
1446,1861,88,1,1762.71
1447,2063,79,3,3158.13
1448,1711,99,1,1520.36
1449,259,68,2,2313.46
1450,723,44,4,3660.44
1451,1283,101,4,1365.6
1452,614,17,4,20012.52
1453,1695,95,3,6317.55
1454,1979,38,2,3660.22
1455,813,10,1,2157.92
1456,1787,54,2,1219.2
1457,331,114,4,4980.64
1458,2213,91,1,589.41
1459,1217,106,4,3539.56
1460,1545,6,4,1145.92
1461,1398,120,4,2604.92
1462,387,6,2,572.96
1463,1519,52,2,7531.86
1464,1818,15,4,4552.4
1465,1818,68,4,4626.92
1466,1815,57,1,998.25
1467,2376,112,4,3296.28
1468,1516,118,4,7417.92
1469,1241,56,4,4434.68
1470,320,104,4,3989.36
1471,399,7,2,1890.78
1472,1915,51,4,10435.0
1473,105,58,3,1429.95
1474,696,113,4,19322.8
1475,330,117,2,2659.2
1476,660,64,3,1227.54
1477,2647,109,3,699.15
1478,821,111,4,2944.6
1479,1973,26,4,3514.2
1480,2689,58,2,953.3
1481,1794,31,3,2661.51
1482,2362,66,3,10729.41
1483,462,92,2,2201.6
1484,1608,106,4,3539.56
1485,2534,13,1,4809.23
1486,1676,18,1,2129.73
1487,2458,94,3,1588.59
1488,2075,119,3,4065.27
1489,271,75,4,8488.28
1490,2734,13,1,4809.23
1491,2549,115,3,1336.44
1492,385,24,4,15208.16
1493,60,57,1,998.25
1494,1131,29,2,1466.28
1495,220,56,3,3326.01
1496,1465,54,2,1219.2
1497,2819,5,1,4078.47
1498,1907,35,4,1803.12
1499,2612,19,4,3809.04
1500,1596,55,1,1416.61
1501,2594,77,2,2346.04
1502,96,69,4,1845.12
1503,989,44,3,2745.33
1504,1113,78,2,2510.26
1505,2876,38,2,3660.22
1506,1946,62,3,3535.23
1507,2279,22,1,419.2
1508,968,73,4,1929.0
1509,2323,113,2,9661.4
1510,246,40,4,2459.16
1511,2159,26,4,3514.2
1512,234,109,2,466.1
1513,2465,5,1,4078.47
1514,2726,93,2,1002.26
1515,1152,54,1,609.6
1516,1261,86,3,1435.08
1517,803,49,1,879.5
1518,2667,3,1,447.63
1519,2755,92,2,2201.6
1520,2899,38,4,7320.44
1521,1418,14,4,15484.64
1522,2523,47,1,1349.56
1523,655,14,1,3871.16
1524,2443,107,2,4663.24
1525,111,75,1,2122.07
1526,90,73,2,964.5
1527,763,38,3,5490.33
1528,1304,64,1,409.18
1529,1357,111,3,2208.45
1530,2180,44,1,915.11
1531,1037,70,1,690.97
1532,2505,65,3,10639.23
1533,1465,25,3,1256.82
1534,98,16,2,11764.8
1535,1144,116,2,3531.82
1536,293,15,3,3414.3
1537,1840,98,1,2159.07
1538,1735,81,2,2285.88
1539,1025,3,1,447.63
1540,2620,67,4,3505.12
1541,2298,37,2,1736.42
1542,652,81,2,2285.88
1543,2197,55,2,2833.22
1544,2092,113,4,19322.8
1545,1907,116,3,5297.73
1546,1722,38,1,1830.11
1547,1068,63,4,6470.4
1548,2210,1,3,6910.71
1549,1817,71,2,4837.84
1550,253,90,3,18655.26
1551,132,111,3,2208.45
1552,1908,103,3,3545.34
1553,1911,19,1,952.26
1554,2522,52,3,11297.79
1555,1680,118,3,5563.44
1556,1133,30,3,1655.64
1557,2754,107,3,6994.86
1558,1059,55,4,5666.44
1559,1926,14,4,15484.64
1560,2323,13,3,14427.69
1561,187,84,3,1837.29
1562,949,90,3,18655.26
1563,2291,27,2,1164.64
1564,264,89,3,4912.83
1565,1998,9,3,5364.09
1566,522,41,4,5601.12
1567,1565,48,4,4076.68
1568,783,12,4,1206.28
1569,535,10,1,2157.92
1570,210,6,2,572.96
1571,2094,114,3,3735.48
1572,1564,34,4,1670.4
1573,26,52,1,3765.93
1574,175,41,3,4200.84
1575,1540,83,3,3168.21
1576,1335,6,4,1145.92
1577,322,2,3,1326.75
1578,1603,15,3,3414.3
1579,1159,17,3,15009.39
1580,55,16,4,23529.6
1581,1567,28,1,614.42
1582,1610,85,3,2718.12
1583,1873,72,1,242.66
1584,2716,10,3,6473.76
1585,2195,10,4,8631.68
1586,1509,114,1,1245.16
1587,2647,10,4,8631.68
1588,2068,73,2,964.5
1589,333,28,3,1843.26
1590,1579,24,2,7604.08
1591,907,19,2,1904.52
1592,2992,97,2,3917.74
1593,911,68,3,3470.19
1594,401,56,4,4434.68
1595,950,67,2,1752.56
1596,1330,42,1,985.49
1597,2076,12,3,904.71
1598,2515,18,4,8518.92
1599,1911,23,4,9528.56
1600,101,84,2,1224.86
1601,551,6,3,859.44
1602,2850,53,2,1221.44
1603,2401,98,1,2159.07
1604,1706,42,4,3941.96
1605,2344,66,4,14305.88
1606,353,30,3,1655.64
1607,2956,9,4,7152.12
1608,1019,91,3,1768.23
1609,1180,42,2,1970.98
1610,1098,34,1,417.6
1611,2503,40,3,1844.37
1612,2760,88,2,3525.42
1613,980,113,1,4830.7
1614,1356,17,4,20012.52
1615,739,29,1,733.14
1616,977,100,1,4087.48
1617,1372,50,1,1065.99
1618,2281,76,4,4342.28
1619,1802,95,3,6317.55
1620,2150,49,3,2638.5
1621,953,73,1,482.25
1622,481,61,2,12223.98
1623,1238,83,2,2112.14
1624,108,46,1,5615.73
1625,973,46,1,5615.73
1626,1627,17,2,10006.26
1627,704,66,1,3576.47
1628,2383,104,1,997.34
1629,2134,5,3,12235.41
1630,2782,103,3,3545.34
1631,875,54,1,609.6
1632,1448,112,1,824.07
1633,2412,16,4,23529.6
1634,2108,81,3,3428.82
1635,1274,118,1,1854.48
1636,560,91,4,2357.64
1637,117,7,4,3781.56
1638,874,116,4,7063.64
1639,2963,8,4,2915.88
1640,968,72,3,727.98
1641,1569,87,4,3626.04
1642,44,96,3,685.65
1643,509,107,4,9326.48
1644,2012,111,4,2944.6
1645,1189,82,2,3676.68
1646,1316,38,3,5490.33
1647,849,54,2,1219.2
1648,1880,76,2,2171.14
1649,917,15,4,4552.4
1650,2946,92,3,3302.4
1651,799,119,1,1355.09
1652,876,102,4,4467.76
1653,1761,50,3,3197.97
1654,2334,56,2,2217.34
1655,2732,95,3,6317.55
1656,819,116,4,7063.64
1657,2169,9,3,5364.09
1658,945,8,2,1457.94
1659,907,110,3,1203.48
1660,13,19,3,2856.78
1661,603,51,2,5217.5
1662,200,72,4,970.64
1663,2634,98,1,2159.07
1664,1792,57,2,1996.5
1665,448,68,2,2313.46
1666,1812,31,4,3548.68
1667,841,102,4,4467.76
1668,590,3,3,1342.89
1669,1154,99,2,3040.72
1670,2937,83,3,3168.21
1671,2091,43,3,2550.27
1672,520,29,4,2932.56
1673,1037,10,4,8631.68
1674,725,12,3,904.71
1675,2671,46,2,11231.46
1676,988,30,2,1103.76
1677,803,94,3,1588.59
1678,2583,82,1,1838.34
1679,2350,88,1,1762.71
1680,527,32,4,1261.24
1681,1666,73,2,964.5
1682,1139,47,3,4048.68
1683,460,88,3,5288.13
1684,2880,63,2,3235.2
1685,2553,26,4,3514.2
1686,932,3,4,1790.52
1687,1987,23,1,2382.14
1688,325,75,2,4244.14
1689,579,74,2,2817.98
1690,2809,50,3,3197.97
1691,2899,36,2,1926.88
1692,1538,13,1,4809.23
1693,2550,29,2,1466.28
1694,2001,38,3,5490.33
1695,2382,117,1,1329.6
1696,2332,77,3,3519.06
1697,475,90,2,12436.84
1698,1078,84,4,2449.72
1699,1482,5,2,8156.94
1700,1603,20,2,1482.72
1701,1444,78,3,3765.39
1702,632,109,4,932.2
1703,703,14,2,7742.32
1704,2457,8,1,728.97
1705,982,48,1,1019.17
1706,1328,13,3,14427.69
1707,1959,24,3,11406.12
1708,559,79,4,4210.84
1709,222,115,3,1336.44
1710,1557,65,4,14185.64
1711,2206,86,2,956.72
1712,348,34,1,417.6
1713,1183,114,1,1245.16
1714,889,51,1,2608.75
1715,922,104,3,2992.02
1716,1259,3,3,1342.89
1717,2710,119,2,2710.18
1718,405,90,3,18655.26
1719,1281,78,4,5020.52
1720,677,58,1,476.65
1721,589,105,2,1772.02
1722,1621,72,4,970.64
1723,2606,113,4,19322.8
1724,2953,55,3,4249.83
1725,2527,119,3,4065.27
1726,2535,120,1,651.23
1727,1595,80,2,1857.62
1728,566,42,4,3941.96
1729,2572,21,3,7101.3
1730,704,10,3,6473.76
1731,2869,57,2,1996.5
1732,858,25,2,837.88
1733,1285,56,3,3326.01
1734,585,38,3,5490.33
1735,2734,86,1,478.36
1736,232,113,2,9661.4
1737,2318,61,4,24447.96
1738,2988,112,3,2472.21
1739,2922,47,3,4048.68
1740,1246,54,3,1828.8
1741,52,46,3,16847.19
1742,2164,68,1,1156.73
1743,538,4,2,12477.08
1744,541,94,3,1588.59
1745,1043,66,2,7152.94
1746,815,93,4,2004.52
1747,1416,43,4,3400.36
1748,2839,62,4,4713.64
1749,1653,100,4,16349.92
1750,2666,85,2,1812.08
1751,419,85,4,3624.16
1752,2357,112,4,3296.28
1753,864,85,3,2718.12
1754,186,4,3,18715.62
1755,261,65,3,10639.23
1756,1552,62,1,1178.41
1757,1297,90,3,18655.26
1758,2208,120,4,2604.92
1759,2918,115,2,890.96
1760,762,2,4,1769.0
1761,224,9,2,3576.06
1762,1280,119,4,5420.36
1763,180,57,1,998.25
1764,2068,45,3,3068.55
1765,1648,18,4,8518.92
1766,632,112,3,2472.21
1767,1537,48,1,1019.17
1768,2106,42,1,985.49
1769,2771,41,3,4200.84
1770,1964,75,3,6366.21
1771,615,89,2,3275.22
1772,562,90,3,18655.26
1773,2422,58,3,1429.95
1774,622,100,2,8174.96
1775,2136,42,4,3941.96
1776,1014,35,2,901.56
1777,2062,38,4,7320.44
1778,2181,67,4,3505.12
1779,1961,41,4,5601.12
1780,1058,99,2,3040.72
1781,2940,50,2,2131.98
1782,592,104,1,997.34
1783,583,86,4,1913.44
1784,1614,72,2,485.32
1785,1102,79,1,1052.71
1786,289,45,4,4091.4
1787,1569,71,2,4837.84
1788,2927,19,2,1904.52
1789,1444,104,2,1994.68
1790,7,106,3,2654.67
1791,1184,17,1,5003.13
1792,240,65,2,7092.82
1793,1987,109,3,699.15
1794,1447,93,1,501.13
1795,2584,77,1,1173.02
1796,1750,56,3,3326.01
1797,2118,112,1,824.07
1798,1904,93,3,1503.39
1799,2264,41,4,5601.12
1800,1078,42,2,1970.98
1801,2854,6,3,859.44
1802,2378,69,1,461.28
1803,848,98,1,2159.07
1804,1312,75,4,8488.28
1805,2093,73,4,1929.0
1806,2877,102,4,4467.76
1807,2246,40,4,2459.16
1808,1240,41,4,5601.12
1809,1505,9,2,3576.06
1810,1333,8,3,2186.91
1811,2944,44,4,3660.44
1812,2380,58,4,1906.6
1813,696,104,2,1994.68
1814,27,67,3,2628.84
1815,2366,13,4,19236.92
1816,2413,19,3,2856.78
1817,960,98,3,6477.21
1818,1527,96,2,457.1
1819,1869,49,2,1759.0
1820,373,80,4,3715.24
1821,1950,100,1,4087.48
1822,245,82,2,3676.68
1823,1841,78,3,3765.39
1824,1677,30,3,1655.64
1825,2526,66,4,14305.88
1826,125,77,4,4692.08
1827,537,91,4,2357.64
1828,2754,59,3,5795.4
1829,1920,53,2,1221.44
1830,1636,52,1,3765.93
1831,1426,81,2,2285.88
1832,1541,31,1,887.17
1833,531,15,2,2276.2
1834,2834,20,4,2965.44
1835,254,5,3,12235.41
1836,2169,7,1,945.39
1837,661,18,2,4259.46
1838,1802,56,3,3326.01
1839,1061,75,1,2122.07
1840,1366,96,1,228.55
1841,1037,114,3,3735.48
1842,1207,91,4,2357.64
1843,2136,90,3,18655.26
1844,2094,101,4,1365.6
1845,1143,45,2,2045.7
1846,2981,28,2,1228.84
1847,1555,50,3,3197.97
1848,1756,2,4,1769.0
1849,1966,84,2,1224.86
1850,745,68,4,4626.92
1851,1630,77,4,4692.08
1852,967,24,4,15208.16
1853,763,112,3,2472.21
1854,2810,102,4,4467.76
1855,794,104,3,2992.02
1856,744,48,2,2038.34
1857,1070,45,2,2045.7
1858,1532,119,1,1355.09
1859,558,93,1,501.13
1860,1995,58,2,953.3
1861,526,36,4,3853.76
1862,2645,2,4,1769.0
1863,840,105,2,1772.02
1864,3,18,2,4259.46
1865,1052,49,1,879.5
1866,1405,8,4,2915.88
1867,157,58,2,953.3
1868,2903,15,1,1138.1
1869,1938,105,1,886.01
1870,1955,17,4,20012.52
1871,511,23,1,2382.14
1872,687,66,1,3576.47
1873,1138,70,3,2072.91
1874,1413,93,2,1002.26
1875,1511,27,4,2329.28
1876,571,37,2,1736.42
1877,715,49,3,2638.5
1878,1339,64,4,1636.72
1879,2287,34,2,835.2
1880,2351,18,1,2129.73
1881,2655,64,4,1636.72
1882,991,106,3,2654.67
1883,334,74,1,1408.99
1884,2161,102,3,3350.82
1885,1645,44,1,915.11
1886,362,17,2,10006.26
1887,1881,59,2,3863.6
1888,2849,13,2,9618.46
1889,2145,52,3,11297.79
1890,1982,60,4,9694.12
1891,2064,112,2,1648.14
1892,2604,42,3,2956.47
1893,1978,91,1,589.41
1894,376,64,2,818.36
1895,742,117,1,1329.6
1896,390,66,2,7152.94
1897,2668,34,1,417.6
1898,1241,95,3,6317.55
1899,824,87,2,1813.02
1900,2368,71,3,7256.76
1901,2244,102,3,3350.82
1902,418,64,1,409.18
1903,607,33,2,9518.02
1904,568,12,4,1206.28
1905,544,109,4,932.2
1906,2279,76,3,3256.71
1907,884,19,1,952.26
1908,2569,9,1,1788.03
1909,703,74,1,1408.99
1910,1224,17,2,10006.26
1911,2894,50,2,2131.98
1912,2721,104,1,997.34
1913,1623,39,4,15490.2
1914,2069,41,4,5601.12
1915,2636,10,2,4315.84
1916,2946,12,1,301.57
1917,1787,79,4,4210.84
1918,1620,95,4,8423.4
1919,1458,15,2,2276.2
1920,2419,28,2,1228.84
1921,1584,4,4,24954.16
1922,1915,36,1,963.44
1923,78,119,4,5420.36
1924,1309,65,4,14185.64
1925,648,108,1,2241.12
1926,2188,98,2,4318.14
1927,553,47,1,1349.56
1928,998,81,1,1142.94
1929,282,39,1,3872.55
1930,1282,38,1,1830.11
1931,1847,44,2,1830.22
1932,1384,51,4,10435.0
1933,2488,97,3,5876.61
1934,2318,85,2,1812.08
1935,1158,26,1,878.55
1936,2794,110,4,1604.64
1937,104,36,4,3853.76
1938,766,69,1,461.28
1939,2143,97,2,3917.74
1940,2777,1,1,2303.57
1941,1597,53,4,2442.88
1942,480,6,4,1145.92
1943,2828,37,2,1736.42
1944,2061,2,3,1326.75
1945,1964,117,1,1329.6
1946,2649,69,3,1383.84
1947,2143,90,4,24873.68
1948,2341,41,3,4200.84
1949,2073,51,1,2608.75
1950,1296,117,1,1329.6
1951,1529,47,4,5398.24
1952,1190,13,2,9618.46
1953,939,76,2,2171.14
1954,762,69,4,1845.12
1955,654,66,1,3576.47
1956,1670,59,2,3863.6
1957,2686,68,3,3470.19
1958,2539,59,4,7727.2
1959,1932,91,3,1768.23
1960,1127,114,1,1245.16
1961,1926,117,2,2659.2
1962,575,10,1,2157.92
1963,2342,13,3,14427.69
1964,2944,108,1,2241.12
1965,1330,2,1,442.25
1966,1278,90,4,24873.68
1967,1204,15,4,4552.4
1968,40,46,1,5615.73
1969,2824,57,4,3993.0
1970,520,10,1,2157.92
1971,1640,22,3,1257.6
1972,2594,104,4,3989.36
1973,2284,89,1,1637.61
1974,463,79,4,4210.84
1975,1252,77,1,1173.02
1976,1849,8,4,2915.88
1977,483,21,2,4734.2
1978,2478,85,1,906.04
1979,343,22,2,838.4
1980,1197,110,1,401.16
1981,1463,97,2,3917.74
1982,1203,45,1,1022.85
1983,1622,91,4,2357.64
1984,2181,40,2,1229.58
1985,2399,114,4,4980.64
1986,2554,22,1,419.2
1987,2132,30,4,2207.52
1988,993,62,1,1178.41
1989,2878,73,4,1929.0
1990,2909,45,2,2045.7
1991,2391,35,1,450.78
1992,2914,82,4,7353.36
1993,1190,42,1,985.49
1994,2341,5,1,4078.47
1995,1604,27,1,582.32
1996,1194,70,3,2072.91
1997,598,62,1,1178.41
1998,645,32,4,1261.24
1999,448,8,3,2186.91
2000,2738,120,4,2604.92
2001,2903,103,3,3545.34
2002,2550,85,1,906.04
2003,764,18,2,4259.46
2004,735,78,2,2510.26
2005,1643,15,1,1138.1
2006,2298,106,3,2654.67
2007,601,26,4,3514.2
2008,2173,53,2,1221.44
2009,2161,44,1,915.11
2010,981,32,1,315.31
2011,1783,103,3,3545.34
2012,2198,28,2,1228.84
2013,2923,39,1,3872.55
2014,2391,107,2,4663.24
2015,580,32,4,1261.24
2016,783,77,1,1173.02
2017,2369,79,1,1052.71
2018,2870,18,4,8518.92
2019,532,103,1,1181.78
2020,1513,70,3,2072.91
2021,2540,119,4,5420.36
2022,612,11,3,3899.01
2023,2300,32,4,1261.24
2024,2006,104,4,3989.36
2025,1101,20,3,2224.08
2026,1671,97,4,7835.48
2027,1416,40,2,1229.58
2028,1436,8,3,2186.91
2029,2221,115,4,1781.92
2030,875,35,3,1352.34
2031,2249,69,4,1845.12
2032,217,99,4,6081.44
2033,376,111,2,1472.3
2034,1610,78,2,2510.26
2035,11,21,2,4734.2
2036,2940,111,4,2944.6
2037,1614,24,2,7604.08
2038,2483,17,3,15009.39
2039,818,18,4,8518.92
2040,1297,98,3,6477.21
2041,2979,12,2,603.14
2042,691,16,4,23529.6
2043,1600,4,3,18715.62
2044,1533,89,1,1637.61
2045,1156,34,3,1252.8
2046,2903,92,4,4403.2
2047,1948,46,1,5615.73
2048,784,75,2,4244.14
2049,2367,77,2,2346.04
2050,2892,31,3,2661.51
2051,1973,25,2,837.88
2052,1877,103,3,3545.34
2053,2669,74,3,4226.97
2054,785,24,3,11406.12
2055,397,65,3,10639.23
2056,1082,117,4,5318.4
2057,1504,25,4,1675.76
2058,2034,28,1,614.42
2059,1615,36,1,963.44
2060,460,82,2,3676.68
2061,2109,6,4,1145.92
2062,2417,66,1,3576.47
2063,2767,67,4,3505.12
2064,546,110,4,1604.64
2065,2544,72,2,485.32
2066,497,95,2,4211.7
2067,505,48,3,3057.51
2068,1093,83,4,4224.28
2069,2209,114,3,3735.48
2070,1638,70,3,2072.91
2071,718,78,3,3765.39
2072,1593,67,4,3505.12
2073,1409,48,4,4076.68
2074,269,65,3,10639.23
2075,1947,44,4,3660.44
2076,1478,94,3,1588.59
2077,2747,63,1,1617.6
2078,1542,46,4,22462.92
2079,865,19,2,1904.52
2080,2398,118,2,3708.96
2081,110,64,3,1227.54
2082,2455,83,1,1056.07
2083,650,73,4,1929.0
2084,2099,71,3,7256.76
2085,1500,110,1,401.16
2086,1111,101,1,341.4
2087,596,50,4,4263.96
2088,979,63,2,3235.2
2089,731,41,2,2800.56
2090,57,117,1,1329.6
2091,2786,7,2,1890.78
2092,2244,9,1,1788.03
2093,1784,4,1,6238.54
2094,1702,89,1,1637.61
2095,1287,49,2,1759.0
2096,112,76,3,3256.71
2097,2813,6,2,572.96
2098,711,82,3,5515.02
2099,1202,104,2,1994.68
2100,948,21,4,9468.4
2101,26,15,4,4552.4
2102,2458,67,2,1752.56
2103,758,66,4,14305.88
2104,2579,56,4,4434.68
2105,1801,119,4,5420.36
2106,1556,105,4,3544.04
2107,2797,104,3,2992.02
2108,1842,68,1,1156.73
2109,2294,32,3,945.93
2110,1105,66,1,3576.47
2111,662,110,1,401.16
2112,909,29,2,1466.28
2113,2444,66,2,7152.94
2114,522,34,2,835.2
2115,1857,27,2,1164.64
2116,1760,60,2,4847.06
2117,2974,118,3,5563.44
2118,2312,39,3,11617.65
2119,790,44,4,3660.44
2120,1298,102,3,3350.82
2121,1730,82,3,5515.02
2122,172,36,2,1926.88
2123,265,19,4,3809.04
2124,1987,91,3,1768.23
2125,1050,45,3,3068.55
2126,1493,84,4,2449.72
2127,1886,21,1,2367.1
2128,476,23,2,4764.28
2129,2404,94,3,1588.59
2130,1050,89,3,4912.83
2131,34,95,4,8423.4
2132,2312,27,3,1746.96
2133,1162,98,2,4318.14
2134,816,72,3,727.98
2135,2923,19,1,952.26
2136,754,41,2,2800.56
2137,566,26,1,878.55
2138,462,28,4,2457.68
2139,1655,64,2,818.36
2140,2703,68,3,3470.19
2141,81,95,2,4211.7
2142,2805,80,2,1857.62
2143,1938,51,2,5217.5
2144,870,74,1,1408.99
2145,1431,102,4,4467.76
2146,1070,48,2,2038.34
2147,599,10,3,6473.76
2148,1635,109,2,466.1
2149,807,73,2,964.5
2150,1935,39,4,15490.2
2151,1077,100,3,12262.44
2152,704,115,3,1336.44
2153,2524,100,1,4087.48
2154,2640,19,3,2856.78
2155,2064,64,3,1227.54
2156,487,19,3,2856.78
2157,706,76,2,2171.14
2158,1526,62,1,1178.41
2159,1165,13,3,14427.69
2160,620,25,3,1256.82
2161,777,100,3,12262.44
2162,447,89,2,3275.22
2163,2338,92,2,2201.6
2164,209,42,1,985.49
2165,1499,117,4,5318.4
2166,2461,39,1,3872.55
2167,2725,30,2,1103.76
2168,1451,5,3,12235.41
2169,1878,81,3,3428.82
2170,2712,18,1,2129.73
2171,2338,107,3,6994.86
2172,1292,111,2,1472.3
2173,2199,21,1,2367.1
2174,1743,86,4,1913.44
2175,1279,103,2,2363.56
2176,1401,50,2,2131.98
2177,1677,6,3,859.44
2178,855,50,2,2131.98
2179,1382,80,2,1857.62
2180,2656,66,4,14305.88
2181,2418,115,3,1336.44
2182,705,1,2,4607.14
2183,826,57,3,2994.75
2184,1005,30,2,1103.76
2185,377,58,4,1906.6
2186,973,107,3,6994.86
2187,118,52,3,11297.79
2188,444,37,4,3472.84
2189,755,48,1,1019.17
2190,640,87,2,1813.02
2191,2172,1,2,4607.14
2192,2706,19,1,952.26
2193,1301,46,3,16847.19
2194,2870,67,3,2628.84
2195,2712,2,4,1769.0
2196,2408,56,4,4434.68
2197,623,101,4,1365.6
2198,1493,17,1,5003.13
2199,2009,92,1,1100.8
2200,1652,82,3,5515.02
2201,1724,97,4,7835.48
2202,1920,79,3,3158.13
2203,919,22,1,419.2
2204,1174,105,2,1772.02
2205,2500,27,3,1746.96
2206,1186,55,1,1416.61
2207,120,101,4,1365.6
2208,582,32,2,630.62
2209,1948,60,2,4847.06
2210,2147,109,2,466.1
2211,1191,83,4,4224.28
2212,1687,28,2,1228.84
2213,2000,28,1,614.42
2214,2562,120,3,1953.69
2215,2712,74,2,2817.98
2216,401,84,2,1224.86
2217,2413,25,1,418.94
2218,1350,85,4,3624.16
2219,2629,78,2,2510.26
2220,1657,86,1,478.36
2221,621,117,1,1329.6
2222,2876,26,4,3514.2
2223,247,108,4,8964.48
2224,2482,75,3,6366.21
2225,1117,119,2,2710.18
2226,2663,71,3,7256.76
2227,2991,17,1,5003.13
2228,624,82,2,3676.68
2229,2369,7,1,945.39
2230,1840,56,1,1108.67
2231,2904,64,1,409.18
2232,2110,20,4,2965.44
2233,300,38,4,7320.44
2234,403,75,2,4244.14
2235,1672,108,1,2241.12
2236,253,58,1,476.65
2237,1758,16,2,11764.8
2238,2526,51,3,7826.25
2239,1393,119,1,1355.09
2240,1965,27,4,2329.28
2241,160,51,3,7826.25
2242,205,75,3,6366.21
2243,1162,16,3,17647.2
2244,1392,87,3,2719.53
2245,858,60,3,7270.59
2246,760,76,3,3256.71
2247,1591,40,2,1229.58
2248,2769,67,2,1752.56
2249,2116,2,3,1326.75
2250,133,102,4,4467.76
2251,1724,48,2,2038.34
2252,2967,52,2,7531.86
2253,430,24,3,11406.12
2254,2356,93,4,2004.52
2255,2698,111,3,2208.45
2256,1198,110,4,1604.64
2257,2460,98,4,8636.28
2258,97,84,1,612.43
2259,1707,82,2,3676.68
2260,1178,78,3,3765.39
2261,1719,82,2,3676.68
2262,1266,2,2,884.5
2263,1328,65,4,14185.64
2264,1309,20,2,1482.72
2265,1051,34,1,417.6
2266,1384,41,3,4200.84
2267,2250,41,2,2800.56
2268,2810,112,3,2472.21
2269,2922,75,2,4244.14
2270,581,91,3,1768.23
2271,2418,23,3,7146.42
2272,533,38,3,5490.33
2273,1176,44,2,1830.22
2274,1126,67,1,876.28
2275,899,62,3,3535.23
2276,2655,12,4,1206.28
2277,1470,30,4,2207.52
2278,2921,95,4,8423.4
2279,1253,87,1,906.51
2280,770,65,3,10639.23
2281,834,41,1,1400.28
2282,1905,20,3,2224.08
2283,2986,118,1,1854.48
2284,2284,6,3,859.44
2285,2210,75,4,8488.28
2286,554,99,3,4561.08
2287,2836,4,1,6238.54
2288,1092,93,3,1503.39
2289,1197,10,2,4315.84
2290,1661,51,3,7826.25
2291,559,93,4,2004.52
2292,261,38,3,5490.33
2293,2265,1,2,4607.14
2294,1841,104,2,1994.68
2295,1148,8,2,1457.94
2296,805,102,1,1116.94
2297,1186,81,2,2285.88
2298,2249,83,1,1056.07
2299,2450,63,2,3235.2
2300,275,33,1,4759.01
2301,206,15,2,2276.2
2302,1724,109,2,466.1
2303,867,31,3,2661.51
2304,93,21,2,4734.2
2305,1066,3,3,1342.89
2306,2427,66,2,7152.94
2307,1352,35,2,901.56
2308,2113,41,3,4200.84
2309,365,59,3,5795.4
2310,821,16,1,5882.4
2311,1508,56,4,4434.68
2312,2030,45,3,3068.55
2313,1925,115,1,445.48
2314,2588,59,2,3863.6
2315,1086,50,3,3197.97
2316,2539,85,3,2718.12
2317,1297,12,2,603.14
2318,2277,92,2,2201.6
2319,1044,12,2,603.14
2320,3,33,2,9518.02
2321,1754,84,4,2449.72
2322,911,104,3,2992.02
2323,307,49,2,1759.0
2324,2480,21,2,4734.2
2325,136,60,4,9694.12
2326,1933,52,3,11297.79
2327,2563,54,1,609.6
2328,2241,39,3,11617.65
2329,1609,105,1,886.01
2330,1439,49,4,3518.0
2331,873,106,2,1769.78
2332,1142,64,4,1636.72
2333,666,100,3,12262.44
2334,209,86,2,956.72
2335,952,26,3,2635.65
2336,1058,71,1,2418.92
2337,649,7,3,2836.17
2338,1342,72,4,970.64
2339,2168,62,4,4713.64
2340,627,90,4,24873.68
2341,525,88,2,3525.42
2342,1605,24,3,11406.12
2343,1869,40,2,1229.58
2344,769,112,3,2472.21
2345,2560,76,1,1085.57
2346,2095,47,3,4048.68
2347,772,8,3,2186.91
2348,740,54,3,1828.8
2349,522,9,3,5364.09
2350,1401,3,1,447.63
2351,2182,54,2,1219.2
2352,248,21,4,9468.4
2353,1342,95,3,6317.55
2354,2484,48,4,4076.68
2355,1859,47,4,5398.24
2356,686,88,4,7050.84
2357,586,68,4,4626.92
2358,2399,84,3,1837.29
2359,143,63,4,6470.4
2360,967,16,3,17647.2
2361,2852,74,1,1408.99
2362,718,107,2,4663.24
2363,643,90,2,12436.84
2364,2549,93,3,1503.39
2365,370,5,3,12235.41
2366,1110,11,2,2599.34
2367,787,29,4,2932.56
2368,2787,109,3,699.15
2369,1484,79,4,4210.84
2370,950,70,3,2072.91
2371,1349,48,3,3057.51
2372,522,15,1,1138.1
2373,2537,107,1,2331.62
2374,1953,84,2,1224.86
2375,2445,34,1,417.6
2376,2944,60,1,2423.53
2377,355,62,2,2356.82
2378,947,2,4,1769.0
2379,2336,108,1,2241.12
2380,1483,80,4,3715.24
2381,1648,19,2,1904.52
2382,536,98,3,6477.21
2383,1315,49,4,3518.0
2384,2899,78,2,2510.26
2385,2886,88,4,7050.84
2386,2216,28,2,1228.84
2387,950,48,2,2038.34
2388,621,96,3,685.65
2389,428,37,4,3472.84
2390,1726,74,3,4226.97
2391,2538,49,3,2638.5
2392,2403,109,4,932.2
2393,2244,48,4,4076.68
2394,545,73,2,964.5
2395,2765,88,4,7050.84
2396,824,100,2,8174.96
2397,2980,120,2,1302.46
2398,1003,29,2,1466.28
2399,659,60,2,4847.06
2400,2987,29,2,1466.28
2401,2828,58,2,953.3
2402,2059,48,4,4076.68
2403,2444,23,4,9528.56
2404,731,27,1,582.32
2405,1833,95,4,8423.4
2406,409,107,3,6994.86
2407,2410,7,1,945.39
2408,84,49,4,3518.0
2409,2204,54,3,1828.8
2410,707,109,4,932.2
2411,1962,68,2,2313.46
2412,2520,78,1,1255.13
2413,2667,106,2,1769.78
2414,1448,42,1,985.49
2415,134,74,1,1408.99
2416,788,59,2,3863.6
2417,2955,44,1,915.11
2418,864,98,1,2159.07
2419,667,26,4,3514.2
2420,277,23,3,7146.42
2421,1776,73,2,964.5
2422,882,101,4,1365.6
2423,2061,8,4,2915.88
2424,2390,53,2,1221.44
2425,2083,14,1,3871.16
2426,2607,71,2,4837.84
2427,1238,7,3,2836.17
2428,2453,9,3,5364.09
2429,2706,3,2,895.26
2430,159,78,4,5020.52
2431,1134,17,2,10006.26
2432,2597,114,3,3735.48
2433,1852,44,2,1830.22
2434,279,86,1,478.36
2435,2527,46,2,11231.46
2436,111,90,4,24873.68
2437,2479,58,1,476.65
2438,542,28,3,1843.26
2439,1139,109,2,466.1
2440,360,14,4,15484.64
2441,2420,9,4,7152.12
2442,1239,115,3,1336.44
2443,1757,26,2,1757.1
2444,955,2,4,1769.0
2445,2307,75,1,2122.07
2446,2826,81,2,2285.88
2447,2168,34,3,1252.8
2448,976,19,1,952.26
2449,913,39,2,7745.1
2450,1152,82,4,7353.36
2451,723,13,3,14427.69
2452,2571,5,3,12235.41
2453,1712,50,2,2131.98
2454,325,23,3,7146.42
2455,1530,120,1,651.23
2456,1550,88,2,3525.42
2457,1074,29,1,733.14
2458,1946,112,3,2472.21
2459,1608,111,3,2208.45
2460,2117,72,3,727.98
2461,391,26,1,878.55
2462,2431,79,3,3158.13
2463,16,57,2,1996.5
2464,846,1,4,9214.28
2465,869,28,2,1228.84
2466,568,113,4,19322.8
2467,2180,62,3,3535.23
2468,2020,47,2,2699.12
2469,2321,110,1,401.16
2470,1647,78,4,5020.52
2471,2532,106,1,884.89
2472,2598,98,4,8636.28
2473,357,59,3,5795.4
2474,1657,31,2,1774.34
2475,2281,70,4,2763.88
2476,36,49,2,1759.0
2477,2461,5,4,16313.88
2478,1028,31,4,3548.68
2479,2092,37,3,2604.63
2480,2616,79,4,4210.84
2481,2788,15,1,1138.1
2482,114,52,4,15063.72
2483,1773,107,4,9326.48
2484,2445,69,4,1845.12
2485,1198,92,3,3302.4
2486,1279,97,2,3917.74
2487,466,11,2,2599.34
2488,1488,43,3,2550.27
2489,847,70,1,690.97
2490,502,23,1,2382.14
2491,441,40,3,1844.37
2492,2117,63,2,3235.2
2493,326,2,1,442.25
2494,1766,79,3,3158.13
2495,67,87,2,1813.02
2496,304,86,1,478.36
2497,972,73,1,482.25
2498,484,47,3,4048.68
2499,929,104,2,1994.68
2500,1441,30,1,551.88
2501,149,16,3,17647.2
2502,2632,59,1,1931.8
2503,2296,110,2,802.32
2504,1125,47,4,5398.24
2505,2750,116,1,1765.91
2506,96,30,2,1103.76
2507,282,109,1,233.05
2508,2370,9,4,7152.12
2509,529,65,4,14185.64
2510,2311,59,1,1931.8
2511,1643,102,3,3350.82
2512,580,64,1,409.18
2513,1664,8,2,1457.94
2514,2342,52,3,11297.79
2515,1632,18,2,4259.46
2516,2443,91,2,1178.82
2517,2561,82,3,5515.02
2518,2969,96,4,914.2
2519,810,58,2,953.3
2520,2968,49,1,879.5
2521,693,32,4,1261.24
2522,235,117,4,5318.4
2523,952,48,3,3057.51
2524,1855,45,1,1022.85
2525,1361,54,1,609.6
2526,1032,100,4,16349.92
2527,1467,100,2,8174.96
2528,1965,85,2,1812.08
2529,539,46,1,5615.73
2530,820,96,4,914.2
2531,1682,31,4,3548.68
2532,272,37,4,3472.84
2533,1029,16,3,17647.2
2534,1923,46,1,5615.73
2535,1243,46,1,5615.73
2536,1142,78,2,2510.26
2537,593,88,2,3525.42
2538,1606,89,1,1637.61
2539,115,61,1,6111.99
2540,2311,46,2,11231.46
2541,1678,51,1,2608.75
2542,1446,62,2,2356.82
2543,207,35,1,450.78
2544,2351,81,3,3428.82
2545,112,110,3,1203.48
2546,1441,42,4,3941.96
2547,1883,45,1,1022.85
2548,185,118,2,3708.96
2549,1765,68,1,1156.73
2550,901,75,1,2122.07
2551,221,47,4,5398.24
2552,1468,79,2,2105.42
2553,1094,30,1,551.88
2554,2946,24,2,7604.08
2555,2670,66,1,3576.47
2556,2475,43,4,3400.36
2557,2692,34,2,835.2
2558,2616,23,1,2382.14
2559,2013,61,3,18335.97
2560,2491,95,2,4211.7
2561,601,37,4,3472.84
2562,1161,13,3,14427.69
2563,504,97,2,3917.74
2564,2179,71,2,4837.84
2565,218,96,2,457.1
2566,2736,7,2,1890.78
2567,2219,42,1,985.49
2568,1499,38,1,1830.11
2569,612,52,2,7531.86
2570,1153,44,4,3660.44
2571,57,64,1,409.18
2572,1205,13,2,9618.46
2573,246,88,2,3525.42
2574,144,28,4,2457.68
2575,368,96,4,914.2
2576,1483,107,4,9326.48
2577,2266,82,3,5515.02
2578,616,98,2,4318.14
2579,1882,112,4,3296.28
2580,1589,98,2,4318.14
2581,2490,115,1,445.48
2582,2889,102,2,2233.88
2583,699,1,2,4607.14
2584,876,43,3,2550.27
2585,1686,114,1,1245.16
2586,2824,42,1,985.49
2587,2810,95,3,6317.55
2588,945,50,4,4263.96
2589,923,60,4,9694.12
2590,2983,1,2,4607.14
2591,1747,51,3,7826.25
2592,25,16,4,23529.6
2593,2854,39,1,3872.55
2594,1688,15,3,3414.3
2595,1560,33,4,19036.04
2596,2812,87,1,906.51
2597,1084,53,3,1832.16
2598,434,105,2,1772.02
2599,2927,98,2,4318.14
2600,1090,17,1,5003.13
2601,2958,89,4,6550.44
2602,2613,120,4,2604.92
2603,1952,106,3,2654.67
2604,2154,6,1,286.48
2605,96,31,4,3548.68
2606,168,69,2,922.56
2607,2090,104,1,997.34
2608,1903,40,2,1229.58
2609,2152,30,1,551.88
2610,1869,69,3,1383.84
2611,2568,76,4,4342.28
2612,1999,7,4,3781.56
2613,2330,109,4,932.2
2614,2995,13,2,9618.46
2615,1134,113,4,19322.8
2616,2011,4,1,6238.54
2617,749,50,2,2131.98
2618,1892,106,3,2654.67
2619,831,3,2,895.26
2620,49,12,3,904.71
2621,115,65,2,7092.82
2622,1179,27,4,2329.28
2623,1673,107,3,6994.86
2624,2551,50,4,4263.96
2625,71,77,2,2346.04
2626,1360,17,3,15009.39
2627,67,72,1,242.66
2628,1517,32,1,315.31
2629,1674,84,2,1224.86
2630,1778,51,3,7826.25
2631,967,17,1,5003.13
2632,2229,34,4,1670.4
2633,1790,35,4,1803.12
2634,613,99,2,3040.72
2635,1887,102,4,4467.76
2636,1623,106,4,3539.56
2637,697,24,4,15208.16
2638,2651,54,1,609.6
2639,2296,18,3,6389.19
2640,1238,50,2,2131.98
2641,2407,46,3,16847.19
2642,249,48,3,3057.51
2643,638,103,3,3545.34
2644,950,33,1,4759.01
2645,1905,113,4,19322.8
2646,1112,87,2,1813.02
2647,2711,89,3,4912.83
2648,176,101,4,1365.6
2649,723,27,1,582.32
2650,2474,1,3,6910.71
2651,771,85,4,3624.16
2652,1948,59,1,1931.8
2653,703,113,4,19322.8
2654,2129,10,2,4315.84
2655,927,95,4,8423.4
2656,138,108,4,8964.48
2657,2518,25,2,837.88
2658,2398,84,2,1224.86
2659,1150,57,4,3993.0
2660,1941,66,2,7152.94
2661,1892,119,4,5420.36
2662,1879,112,3,2472.21
2663,1254,15,4,4552.4
2664,1484,28,1,614.42
2665,1369,13,2,9618.46
2666,310,114,3,3735.48
2667,1044,116,2,3531.82
2668,1671,118,2,3708.96
2669,1565,14,2,7742.32
2670,1584,114,1,1245.16
2671,1501,66,1,3576.47
2672,2317,34,4,1670.4
2673,770,99,1,1520.36
2674,16,101,2,682.8
2675,606,25,3,1256.82
2676,1382,112,3,2472.21
2677,813,54,3,1828.8
2678,1991,79,2,2105.42
2679,2530,12,1,301.57
2680,895,9,3,5364.09
2681,1568,31,2,1774.34
2682,2317,78,2,2510.26
2683,414,93,3,1503.39
2684,25,53,3,1832.16
2685,2005,112,4,3296.28
2686,316,43,4,3400.36
2687,571,38,2,3660.22
2688,725,42,4,3941.96
2689,1850,72,4,970.64
2690,1300,48,3,3057.51
2691,1954,67,4,3505.12
2692,389,66,2,7152.94
2693,2770,16,3,17647.2
2694,444,83,4,4224.28
2695,2745,94,4,2118.12
2696,971,105,4,3544.04
2697,2769,16,1,5882.4
2698,2416,31,4,3548.68
2699,1965,118,4,7417.92
2700,2390,58,2,953.3
2701,1829,28,4,2457.68
2702,304,4,1,6238.54
2703,764,10,3,6473.76
2704,1974,51,4,10435.0
2705,816,109,4,932.2
2706,2160,18,2,4259.46
2707,878,47,4,5398.24
2708,2978,32,4,1261.24
2709,703,30,4,2207.52
2710,2894,36,4,3853.76
2711,944,9,3,5364.09
2712,2327,36,2,1926.88
2713,2430,29,3,2199.42
2714,2061,16,1,5882.4
2715,303,92,4,4403.2
2716,1580,21,1,2367.1
2717,160,64,3,1227.54
2718,2202,111,1,736.15
2719,2802,120,4,2604.92
2720,2229,66,1,3576.47
2721,1204,59,3,5795.4
2722,2425,110,4,1604.64
2723,2824,99,2,3040.72
2724,1192,118,3,5563.44
2725,1174,28,4,2457.68
2726,2064,55,2,2833.22
2727,1115,100,1,4087.48
2728,1144,31,1,887.17
2729,1980,33,1,4759.01
2730,253,87,4,3626.04
2731,1433,60,1,2423.53
2732,2079,41,1,1400.28
2733,731,81,2,2285.88
2734,2337,46,2,11231.46
2735,498,49,2,1759.0
2736,1429,65,4,14185.64
2737,548,42,3,2956.47
2738,961,23,1,2382.14
2739,132,112,1,824.07
2740,1348,27,4,2329.28
2741,858,89,1,1637.61
2742,1156,32,4,1261.24
2743,2033,83,4,4224.28
2744,521,88,4,7050.84
2745,30,3,3,1342.89
2746,2675,60,4,9694.12
2747,2052,76,3,3256.71
2748,509,99,3,4561.08
2749,1261,79,1,1052.71
2750,1559,17,2,10006.26
2751,16,114,3,3735.48
2752,997,32,3,945.93
2753,1608,7,2,1890.78
2754,1840,83,3,3168.21
2755,2017,71,2,4837.84
2756,1254,69,1,461.28
2757,1744,58,4,1906.6
2758,2311,40,2,1229.58
2759,1089,85,4,3624.16
2760,2313,112,2,1648.14
2761,1362,48,4,4076.68
2762,378,51,1,2608.75
2763,1199,57,3,2994.75
2764,476,111,1,736.15
2765,1290,71,3,7256.76
2766,329,37,4,3472.84
2767,1840,87,4,3626.04
2768,1187,75,3,6366.21
2769,438,74,2,2817.98
2770,1391,85,1,906.04
2771,1774,55,2,2833.22
2772,1223,41,4,5601.12
2773,1524,97,1,1958.87
2774,2064,20,1,741.36
2775,1845,33,2,9518.02
2776,1320,40,3,1844.37
2777,868,99,3,4561.08
2778,2559,34,1,417.6
2779,1812,62,3,3535.23
2780,984,100,4,16349.92
2781,1263,91,2,1178.82
2782,2629,19,2,1904.52
2783,1325,43,2,1700.18
2784,2054,69,1,461.28
2785,1019,63,1,1617.6
2786,1790,93,3,1503.39
2787,807,120,2,1302.46
2788,1894,10,4,8631.68
2789,1410,120,4,2604.92
2790,2667,119,2,2710.18
2791,1319,104,1,997.34
2792,1142,13,1,4809.23
2793,405,93,1,501.13
2794,1787,5,4,16313.88
2795,594,58,2,953.3
2796,2614,59,4,7727.2
2797,2800,76,2,2171.14
2798,12,59,4,7727.2
2799,2213,77,4,4692.08
2800,2926,86,3,1435.08
2801,1318,104,4,3989.36
2802,1543,15,2,2276.2
2803,2126,77,4,4692.08
2804,614,1,3,6910.71
2805,1987,118,3,5563.44
2806,869,38,2,3660.22
2807,812,107,3,6994.86
2808,1823,109,3,699.15
2809,767,53,1,610.72
2810,82,52,2,7531.86
2811,1745,1,3,6910.71
2812,2257,11,3,3899.01
2813,522,58,3,1429.95
2814,1328,107,2,4663.24
2815,994,40,1,614.79
2816,2513,86,4,1913.44
2817,1526,99,1,1520.36
2818,1470,60,2,4847.06
2819,2676,115,2,890.96
2820,1514,44,2,1830.22
2821,781,6,4,1145.92
2822,1452,28,2,1228.84
2823,559,31,1,887.17
2824,2139,119,3,4065.27
2825,2038,8,3,2186.91
2826,1754,5,2,8156.94
2827,860,106,2,1769.78
2828,1613,54,4,2438.4
2829,556,112,3,2472.21
2830,156,108,4,8964.48
2831,2050,17,4,20012.52
2832,1381,38,4,7320.44
2833,825,9,4,7152.12
2834,1593,74,1,1408.99
2835,2850,84,2,1224.86
2836,1082,78,2,2510.26
2837,1204,14,4,15484.64
2838,493,26,4,3514.2
2839,669,93,1,501.13
2840,75,113,4,19322.8
2841,2992,62,1,1178.41
2842,371,91,1,589.41
2843,587,25,4,1675.76
2844,329,80,2,1857.62
2845,590,36,1,963.44
2846,1791,98,2,4318.14
2847,777,80,2,1857.62
2848,2023,33,1,4759.01
2849,2352,3,3,1342.89
2850,579,87,1,906.51
2851,221,11,3,3899.01
2852,1188,112,1,824.07
2853,1504,58,1,476.65
2854,2423,64,2,818.36
2855,1708,18,2,4259.46
2856,1746,47,4,5398.24
2857,188,105,2,1772.02
2858,1215,44,2,1830.22
2859,1110,93,2,1002.26
2860,2522,59,2,3863.6
2861,844,50,4,4263.96
2862,531,69,2,922.56
2863,1071,88,3,5288.13
2864,963,29,3,2199.42
2865,2523,93,4,2004.52
2866,1170,90,2,12436.84
2867,2994,104,3,2992.02
2868,1406,67,1,876.28
2869,517,2,3,1326.75
2870,1889,25,2,837.88
2871,2474,19,3,2856.78
2872,1492,40,1,614.79
2873,1118,2,3,1326.75
2874,133,83,2,2112.14
2875,314,65,1,3546.41
2876,591,62,4,4713.64
2877,1544,91,1,589.41
2878,2207,54,3,1828.8
2879,2709,45,4,4091.4
2880,1886,119,1,1355.09
2881,1627,116,1,1765.91
2882,748,49,1,879.5
2883,1498,99,2,3040.72
2884,801,105,4,3544.04
2885,2458,69,4,1845.12
2886,1498,38,1,1830.11
2887,1380,4,4,24954.16
2888,680,17,3,15009.39
2889,2162,53,3,1832.16
2890,897,85,1,906.04
2891,1547,53,3,1832.16
2892,1794,112,1,824.07
2893,2113,31,3,2661.51
2894,684,112,1,824.07
2895,1296,22,1,419.2
2896,1686,11,4,5198.68
2897,1386,34,4,1670.4
2898,2194,113,1,4830.7
2899,943,15,4,4552.4
2900,1310,114,4,4980.64
2901,1034,10,2,4315.84
2902,2787,102,3,3350.82
2903,2234,96,4,914.2
2904,1621,53,1,610.72
2905,2883,48,2,2038.34
2906,809,31,2,1774.34
2907,171,37,4,3472.84
2908,2261,108,1,2241.12
2909,1554,28,1,614.42
2910,1596,31,1,887.17
2911,1624,70,1,690.97
2912,27,14,1,3871.16
2913,1014,87,3,2719.53
2914,1092,16,1,5882.4
2915,2838,25,1,418.94
2916,408,39,3,11617.65
2917,1133,66,4,14305.88
2918,74,38,2,3660.22
2919,2626,41,3,4200.84
2920,680,103,2,2363.56
2921,1392,98,2,4318.14
2922,2834,115,3,1336.44
2923,849,40,1,614.79
2924,870,107,2,4663.24
2925,237,64,1,409.18
2926,2775,89,4,6550.44
2927,2426,100,3,12262.44
2928,2709,16,2,11764.8
2929,2878,82,1,1838.34
2930,906,77,2,2346.04
2931,2424,59,4,7727.2
2932,619,101,4,1365.6
2933,2701,91,2,1178.82
2934,1033,98,3,6477.21
2935,2244,11,4,5198.68
2936,2855,1,1,2303.57
2937,2941,13,4,19236.92
2938,1314,30,1,551.88
2939,2985,69,2,922.56
2940,847,18,1,2129.73
2941,2866,78,2,2510.26
2942,1924,13,4,19236.92
2943,2612,32,3,945.93
2944,634,71,4,9675.68
2945,2727,72,4,970.64
2946,1018,50,4,4263.96
2947,8,71,4,9675.68
2948,1393,116,3,5297.73
2949,1069,113,4,19322.8
2950,2392,80,1,928.81
2951,1781,107,3,6994.86
2952,2844,31,3,2661.51
2953,1643,51,1,2608.75
2954,1217,27,2,1164.64
2955,849,60,4,9694.12
2956,1381,33,3,14277.03
2957,62,53,4,2442.88
2958,1086,93,4,2004.52
2959,2470,72,1,242.66
2960,1818,33,1,4759.01
2961,633,41,1,1400.28
2962,792,19,4,3809.04
2963,2599,85,3,2718.12
2964,1301,41,3,4200.84
2965,2654,85,2,1812.08
2966,1455,89,4,6550.44
2967,1139,42,2,1970.98
2968,1712,120,2,1302.46
2969,525,23,2,4764.28
2970,2021,75,2,4244.14
2971,899,33,2,9518.02
2972,2211,20,4,2965.44
2973,787,25,1,418.94
2974,2958,90,2,12436.84
2975,1361,104,3,2992.02
2976,2427,52,4,15063.72
2977,173,12,2,603.14
2978,1000,32,3,945.93
2979,1811,33,2,9518.02
2980,64,74,1,1408.99
2981,1346,68,4,4626.92
2982,975,15,1,1138.1
2983,66,51,3,7826.25
2984,1867,6,2,572.96
2985,1623,91,1,589.41
2986,458,69,1,461.28
2987,1603,69,2,922.56
2988,2501,82,4,7353.36
2989,1958,92,3,3302.4
2990,1741,35,4,1803.12
2991,1450,86,3,1435.08
2992,1960,34,3,1252.8
2993,2226,63,1,1617.6
2994,1955,68,2,2313.46
2995,280,18,4,8518.92
2996,2392,105,1,886.01
2997,1041,115,1,445.48
2998,2344,26,1,878.55
2999,2250,106,4,3539.56
3000,962,86,1,478.36
3001,2732,111,2,1472.3
3002,1943,97,1,1958.87
3003,1218,61,1,6111.99
3004,375,107,3,6994.86
3005,1912,78,1,1255.13
3006,35,95,4,8423.4
3007,1393,74,4,5635.96
3008,2077,115,2,890.96
3009,775,88,4,7050.84
3010,221,85,4,3624.16
3011,2101,48,1,1019.17
3012,2839,72,2,485.32
3013,2124,96,4,914.2
3014,494,31,2,1774.34
3015,1712,34,2,835.2
3016,2165,87,3,2719.53
3017,280,89,3,4912.83
3018,746,7,1,945.39
3019,2997,83,4,4224.28
3020,2812,7,1,945.39
3021,2343,47,1,1349.56
3022,1475,8,2,1457.94
3023,1858,78,2,2510.26
3024,1542,1,2,4607.14
3025,1097,77,1,1173.02
3026,2890,3,4,1790.52
3027,1060,53,1,610.72
3028,1923,92,1,1100.8
3029,2006,38,1,1830.11
3030,497,51,3,7826.25
3031,2254,15,3,3414.3
3032,2474,100,4,16349.92
3033,44,117,3,3988.8
3034,1852,67,1,876.28
3035,2653,64,3,1227.54
3036,454,68,3,3470.19
3037,595,5,1,4078.47
3038,1357,114,4,4980.64
3039,507,90,3,18655.26
3040,794,89,1,1637.61
3041,21,10,1,2157.92
3042,1400,8,1,728.97
3043,2668,12,2,603.14
3044,2462,64,1,409.18
3045,1095,118,3,5563.44
3046,1428,59,3,5795.4
3047,1586,67,1,876.28
3048,1815,91,2,1178.82
3049,1421,50,2,2131.98
3050,337,23,2,4764.28
3051,1668,40,3,1844.37
3052,910,97,2,3917.74
3053,276,78,4,5020.52
3054,892,118,4,7417.92
3055,13,87,2,1813.02
3056,1027,95,4,8423.4
3057,974,77,1,1173.02
3058,175,76,2,2171.14
3059,1409,99,2,3040.72
3060,1626,18,2,4259.46
3061,1944,21,1,2367.1
3062,2289,109,1,233.05
3063,547,111,2,1472.3
3064,2062,106,3,2654.67
3065,1219,1,3,6910.71
3066,1421,38,4,7320.44
3067,1455,41,1,1400.28
3068,2773,42,4,3941.96
3069,1434,111,4,2944.6
3070,3,9,2,3576.06
3071,2739,23,3,7146.42
3072,1843,78,4,5020.52
3073,747,11,2,2599.34
3074,2817,71,1,2418.92
3075,872,31,4,3548.68
3076,495,88,3,5288.13
3077,2465,26,1,878.55
3078,1415,30,2,1103.76
3079,628,34,1,417.6
3080,1076,46,4,22462.92
3081,142,102,1,1116.94
3082,1488,69,1,461.28
3083,46,5,1,4078.47
3084,2892,61,3,18335.97
3085,2058,83,4,4224.28
3086,664,115,2,890.96
3087,573,38,3,5490.33
3088,2030,28,4,2457.68
3089,1554,26,2,1757.1
3090,1622,61,2,12223.98
3091,2697,106,2,1769.78
3092,913,23,4,9528.56
3093,640,46,2,11231.46
3094,2664,113,2,9661.4
3095,2746,30,3,1655.64
3096,909,67,2,1752.56
3097,2226,92,1,1100.8
3098,869,33,3,14277.03
3099,1030,106,3,2654.67
3100,853,3,4,1790.52
3101,307,69,2,922.56
3102,2596,83,1,1056.07
3103,2375,42,1,985.49
3104,1817,62,2,2356.82
3105,395,58,2,953.3
3106,2348,57,4,3993.0
3107,749,112,1,824.07
3108,2333,1,3,6910.71
3109,330,102,4,4467.76
3110,2098,73,4,1929.0
3111,2032,60,3,7270.59
3112,773,69,4,1845.12
3113,1646,59,2,3863.6
3114,1733,46,3,16847.19
3115,378,106,3,2654.67
3116,1788,34,1,417.6
3117,1624,101,3,1024.2
3118,1000,97,4,7835.48
3119,1849,25,1,418.94
3120,1562,42,4,3941.96
3121,774,29,2,1466.28
3122,1084,25,2,837.88
3123,2916,54,1,609.6
3124,1804,73,1,482.25
3125,1099,67,4,3505.12
3126,2051,15,2,2276.2
3127,1599,4,1,6238.54
3128,748,109,2,466.1
3129,1472,38,2,3660.22
3130,1765,20,2,1482.72
3131,2323,113,4,19322.8
3132,1554,23,4,9528.56
3133,1616,37,2,1736.42
3134,2263,62,2,2356.82
3135,1509,111,2,1472.3
3136,329,8,3,2186.91
3137,2303,37,3,2604.63
3138,1411,120,4,2604.92
3139,126,45,2,2045.7
3140,767,97,3,5876.61
3141,1574,33,1,4759.01
3142,1228,7,1,945.39
3143,1196,22,2,838.4
3144,1759,5,3,12235.41
3145,217,110,1,401.16
3146,1360,15,4,4552.4
3147,1322,21,1,2367.1
3148,832,89,4,6550.44
3149,182,17,1,5003.13
3150,334,56,1,1108.67
3151,511,50,3,3197.97
3152,383,7,1,945.39
3153,1897,118,1,1854.48
3154,332,50,4,4263.96
3155,1189,60,4,9694.12
3156,1266,83,1,1056.07
3157,900,116,2,3531.82
3158,642,7,1,945.39
3159,1251,40,1,614.79
3160,634,45,3,3068.55
3161,2499,59,1,1931.8
3162,196,114,1,1245.16
3163,1894,88,4,7050.84
3164,458,75,4,8488.28
3165,830,105,4,3544.04
3166,2305,55,4,5666.44
3167,2057,64,1,409.18
3168,2809,65,2,7092.82
3169,2997,54,3,1828.8
3170,1225,96,3,685.65
3171,887,40,2,1229.58
3172,393,53,2,1221.44
3173,1676,44,3,2745.33
3174,2447,63,1,1617.6
3175,2379,2,3,1326.75
3176,2528,79,2,2105.42
3177,2182,21,1,2367.1
3178,916,88,3,5288.13
3179,935,50,1,1065.99
3180,355,81,1,1142.94
3181,2632,111,2,1472.3
3182,1522,52,4,15063.72
3183,2673,116,3,5297.73
3184,2338,9,2,3576.06
3185,2873,99,3,4561.08
3186,629,20,4,2965.44
3187,2680,83,4,4224.28
3188,1171,18,4,8518.92
3189,327,84,4,2449.72
3190,1439,30,3,1655.64
3191,2258,104,1,997.34
3192,1422,65,1,3546.41
3193,1127,24,4,15208.16
3194,2684,88,4,7050.84
3195,1781,47,1,1349.56
3196,1532,83,2,2112.14
3197,1915,94,4,2118.12
3198,2916,90,1,6218.42
3199,1233,106,2,1769.78
3200,1957,44,1,915.11
3201,2476,102,2,2233.88
3202,393,29,3,2199.42
3203,826,77,2,2346.04
3204,2964,68,4,4626.92
3205,1913,109,2,466.1
3206,2396,17,2,10006.26
3207,50,97,4,7835.48
3208,2964,5,3,12235.41
3209,1397,92,2,2201.6
3210,1051,88,3,5288.13
3211,800,81,1,1142.94
3212,1793,50,1,1065.99
3213,2697,103,4,4727.12
3214,1364,112,3,2472.21
3215,2349,40,4,2459.16
3216,1566,108,4,8964.48
3217,2214,46,2,11231.46
3218,2364,51,1,2608.75
3219,1,11,4,5198.68
3220,1020,12,2,603.14
3221,1285,13,2,9618.46
3222,63,64,3,1227.54
3223,2531,8,1,728.97
3224,1870,65,3,10639.23
3225,2270,9,3,5364.09
3226,152,92,4,4403.2
3227,644,2,3,1326.75
3228,626,78,4,5020.52
3229,217,13,3,14427.69
3230,196,112,2,1648.14
3231,1015,2,1,442.25
3232,2695,68,1,1156.73
3233,2756,76,1,1085.57
3234,1522,48,2,2038.34
3235,1579,74,2,2817.98
3236,1081,3,3,1342.89
3237,1528,68,3,3470.19
3238,722,6,3,859.44
3239,1608,87,3,2719.53
3240,1760,5,1,4078.47
3241,1563,114,3,3735.48
3242,640,3,2,895.26
3243,2154,10,2,4315.84
3244,165,43,2,1700.18
3245,215,19,4,3809.04
3246,1095,14,4,15484.64
3247,90,21,4,9468.4
3248,1796,43,3,2550.27
3249,2922,28,1,614.42
3250,1252,21,1,2367.1
3251,1103,36,3,2890.32
3252,608,24,3,11406.12
3253,349,54,4,2438.4
3254,2942,38,2,3660.22
3255,246,17,2,10006.26
3256,272,22,4,1676.8
3257,2031,83,4,4224.28
3258,403,45,1,1022.85
3259,1466,118,4,7417.92
3260,1196,74,2,2817.98
3261,2946,61,2,12223.98
3262,1080,11,3,3899.01
3263,1615,61,1,6111.99
3264,1127,38,3,5490.33
3265,284,66,1,3576.47
3266,517,33,3,14277.03
3267,2666,43,1,850.09
3268,1302,31,4,3548.68
3269,612,112,2,1648.14
3270,750,35,4,1803.12
3271,1293,37,1,868.21
3272,1857,47,1,1349.56
3273,400,111,3,2208.45
3274,1527,100,1,4087.48
3275,2025,23,4,9528.56
3276,2134,36,1,963.44
3277,320,40,1,614.79
3278,1056,103,3,3545.34
3279,336,90,1,6218.42
3280,2099,89,3,4912.83
3281,174,81,2,2285.88
3282,1642,15,3,3414.3
3283,501,37,1,868.21
3284,2124,109,2,466.1
3285,2364,4,1,6238.54
3286,1857,22,3,1257.6
3287,1897,81,4,4571.76
3288,1664,22,2,838.4
3289,1719,81,4,4571.76
3290,1779,78,4,5020.52
3291,697,78,2,2510.26
3292,732,17,4,20012.52
3293,1095,72,4,970.64
3294,2902,98,4,8636.28
3295,2714,90,4,24873.68
3296,652,109,2,466.1
3297,1095,94,1,529.53
3298,46,86,4,1913.44
3299,1071,80,2,1857.62
3300,1446,94,2,1059.06
3301,2197,80,2,1857.62
3302,2958,38,2,3660.22
3303,456,118,3,5563.44
3304,1663,24,1,3802.04
3305,2925,100,1,4087.48
3306,966,99,4,6081.44
3307,2021,6,2,572.96
3308,869,68,3,3470.19
3309,1529,82,2,3676.68
3310,2977,6,4,1145.92
3311,1001,26,1,878.55
3312,774,101,4,1365.6
3313,2292,91,4,2357.64
3314,2522,41,4,5601.12
3315,2430,75,4,8488.28
3316,1127,38,4,7320.44
3317,2537,80,4,3715.24
3318,1061,83,4,4224.28
3319,1678,43,1,850.09
3320,1544,53,1,610.72
3321,397,15,2,2276.2
3322,2344,90,2,12436.84
3323,107,56,3,3326.01
3324,2908,105,3,2658.03
3325,954,56,1,1108.67
3326,2578,31,1,887.17
3327,1849,83,3,3168.21
3328,934,57,1,998.25
3329,288,51,3,7826.25
3330,706,24,2,7604.08
3331,2044,58,1,476.65
3332,1485,73,1,482.25
3333,215,87,3,2719.53
3334,1305,4,4,24954.16
3335,2780,10,4,8631.68
3336,1978,63,2,3235.2
3337,1483,73,1,482.25
3338,1825,83,1,1056.07
3339,344,15,3,3414.3
3340,194,115,4,1781.92
3341,158,98,4,8636.28
3342,465,106,2,1769.78
3343,2152,63,4,6470.4
3344,2082,19,4,3809.04
3345,2687,113,4,19322.8
3346,1750,63,3,4852.8
3347,2373,116,4,7063.64
3348,2739,56,2,2217.34
3349,592,21,4,9468.4
3350,2189,34,2,835.2
3351,2522,115,3,1336.44
3352,1055,17,3,15009.39
3353,884,18,2,4259.46
3354,63,81,3,3428.82
3355,1111,66,1,3576.47
3356,304,51,1,2608.75
3357,1085,65,1,3546.41
3358,396,43,1,850.09
3359,334,57,1,998.25
3360,2834,10,3,6473.76
3361,411,37,2,1736.42
3362,2332,48,3,3057.51
3363,466,120,4,2604.92
3364,80,69,1,461.28
3365,2832,56,1,1108.67
3366,1101,119,3,4065.27
3367,1978,76,4,4342.28
3368,733,36,3,2890.32
3369,1818,31,2,1774.34
3370,1564,55,1,1416.61
3371,1385,38,3,5490.33
3372,2125,115,2,890.96
3373,2557,73,1,482.25
3374,1188,108,1,2241.12
3375,1199,90,1,6218.42
3376,2510,15,4,4552.4
3377,1612,16,3,17647.2
3378,2293,77,1,1173.02
3379,122,89,1,1637.61
3380,185,94,2,1059.06
3381,32,53,3,1832.16
3382,998,56,2,2217.34
3383,1987,7,3,2836.17
3384,2810,57,1,998.25
3385,569,55,4,5666.44
3386,2358,52,2,7531.86
3387,1396,4,4,24954.16
3388,1680,43,4,3400.36
3389,830,40,4,2459.16
3390,1620,102,3,3350.82
3391,1080,30,3,1655.64
3392,791,10,4,8631.68
3393,2512,94,1,529.53
3394,2726,103,1,1181.78
3395,2718,7,4,3781.56
3396,2746,36,2,1926.88
3397,994,35,2,901.56
3398,78,88,3,5288.13
3399,2582,39,2,7745.1
3400,108,36,1,963.44
3401,1297,109,4,932.2
3402,2812,20,2,1482.72
3403,2063,49,4,3518.0
3404,370,96,2,457.1
3405,2253,59,3,5795.4
3406,2005,103,1,1181.78
3407,1704,49,3,2638.5
3408,2913,90,4,24873.68
3409,441,26,1,878.55
3410,2907,36,1,963.44
3411,227,43,3,2550.27
3412,2576,99,2,3040.72
3413,2402,43,3,2550.27
3414,623,99,4,6081.44
3415,1025,76,2,2171.14
3416,1577,33,3,14277.03
3417,2975,100,3,12262.44
3418,1644,78,2,2510.26
3419,1185,97,2,3917.74
3420,161,110,2,802.32
3421,871,45,3,3068.55
3422,1746,45,2,2045.7
3423,1175,88,2,3525.42
3424,444,15,2,2276.2
3425,1791,95,1,2105.85
3426,1495,17,4,20012.52
3427,463,12,2,603.14
3428,473,22,4,1676.8
3429,2605,23,2,4764.28
3430,80,90,2,12436.84
3431,1063,78,1,1255.13
3432,240,12,1,301.57
3433,557,114,2,2490.32
3434,590,68,2,2313.46
3435,1361,110,2,802.32
3436,1885,51,4,10435.0
3437,1976,13,2,9618.46
3438,1304,57,4,3993.0
3439,1140,55,1,1416.61
3440,2317,82,4,7353.36
3441,1940,107,2,4663.24
3442,335,28,1,614.42
3443,312,102,3,3350.82
3444,1077,105,1,886.01
3445,2742,44,3,2745.33
3446,34,19,4,3809.04
3447,1842,46,1,5615.73
3448,386,111,1,736.15
3449,249,107,1,2331.62
3450,1135,102,4,4467.76
3451,1434,110,2,802.32
3452,1203,3,4,1790.52
3453,794,83,1,1056.07
3454,852,20,2,1482.72
3455,2922,25,1,418.94
3456,376,75,1,2122.07
3457,724,56,3,3326.01
3458,1611,81,1,1142.94
3459,1914,61,4,24447.96
3460,202,113,4,19322.8
3461,2493,55,4,5666.44
3462,1943,35,2,901.56
3463,2345,78,3,3765.39
3464,1332,59,3,5795.4
3465,493,39,1,3872.55
3466,338,57,1,998.25
3467,1969,83,3,3168.21
3468,2971,67,2,1752.56
3469,1866,34,4,1670.4
3470,792,113,1,4830.7
3471,1517,41,3,4200.84
3472,2023,22,2,838.4
3473,2365,102,4,4467.76
3474,942,120,1,651.23
3475,2674,27,4,2329.28
3476,2123,21,4,9468.4
3477,2987,41,3,4200.84
3478,59,31,3,2661.51
3479,2434,27,4,2329.28
3480,2063,37,4,3472.84
3481,1255,66,1,3576.47
3482,2247,54,2,1219.2
3483,1378,111,2,1472.3
3484,35,9,4,7152.12
3485,162,83,3,3168.21
3486,2847,42,2,1970.98
3487,895,36,4,3853.76
3488,471,10,3,6473.76
3489,2579,59,1,1931.8
3490,2840,40,2,1229.58
3491,2900,54,1,609.6
3492,1447,109,3,699.15
3493,348,39,4,15490.2
3494,694,7,1,945.39
3495,935,4,4,24954.16
3496,913,15,2,2276.2
3497,147,76,1,1085.57
3498,1712,48,2,2038.34
3499,675,6,2,572.96
3500,1440,73,2,964.5
3501,2735,35,2,901.56
3502,1518,72,2,485.32
3503,1280,71,3,7256.76
3504,686,68,1,1156.73
3505,1127,58,4,1906.6
3506,121,77,4,4692.08
3507,2467,19,3,2856.78
3508,2398,62,4,4713.64
3509,42,71,4,9675.68
3510,29,10,4,8631.68
3511,966,25,1,418.94
3512,1916,44,4,3660.44
3513,2833,99,1,1520.36
3514,2001,58,4,1906.6
3515,2062,25,4,1675.76
3516,920,93,1,501.13
3517,818,120,3,1953.69
3518,2873,76,4,4342.28
3519,1509,115,2,890.96
3520,1213,111,2,1472.3
3521,872,40,3,1844.37
3522,295,76,2,2171.14
3523,864,116,1,1765.91
3524,2596,70,4,2763.88
3525,1038,10,4,8631.68
3526,2683,66,4,14305.88
3527,595,120,4,2604.92
3528,1183,109,2,466.1
3529,1518,25,2,837.88
3530,1353,71,2,4837.84
3531,614,104,1,997.34
3532,1873,87,2,1813.02
3533,1604,112,2,1648.14
3534,1584,11,4,5198.68
3535,1593,36,2,1926.88
3536,1156,49,3,2638.5
3537,465,48,3,3057.51
3538,1480,115,4,1781.92
3539,2978,87,2,1813.02
3540,1291,107,3,6994.86
3541,2847,7,3,2836.17
3542,2443,91,1,589.41
3543,2294,77,4,4692.08
3544,568,51,3,7826.25
3545,38,17,3,15009.39
3546,245,32,4,1261.24
3547,21,26,2,1757.1
3548,1134,22,4,1676.8
3549,1630,13,1,4809.23
3550,394,12,1,301.57
3551,1434,71,1,2418.92
3552,987,1,3,6910.71
3553,1672,33,2,9518.02
3554,2056,116,1,1765.91
3555,2376,119,4,5420.36
3556,1911,14,1,3871.16
3557,290,111,3,2208.45
3558,1787,64,1,409.18
3559,2559,43,2,1700.18
3560,912,120,1,651.23
3561,361,58,2,953.3
3562,1623,41,2,2800.56
3563,2764,81,4,4571.76
3564,219,68,2,2313.46
3565,2454,116,3,5297.73
3566,2016,115,3,1336.44
3567,2041,39,2,7745.1
3568,2045,1,2,4607.14
3569,2801,41,1,1400.28
3570,2971,45,1,1022.85
3571,832,88,4,7050.84
3572,1794,98,1,2159.07
3573,1792,98,3,6477.21
3574,2842,88,1,1762.71
3575,1244,79,4,4210.84
3576,595,81,4,4571.76
3577,2155,13,2,9618.46
3578,581,71,4,9675.68
3579,2657,9,2,3576.06
3580,1748,108,3,6723.36
3581,2056,63,3,4852.8
3582,2854,99,1,1520.36
3583,2237,23,4,9528.56
3584,81,54,3,1828.8
3585,2156,47,2,2699.12
3586,1345,39,4,15490.2
3587,1603,87,4,3626.04
3588,2734,26,2,1757.1
3589,346,1,4,9214.28
3590,1887,14,4,15484.64
3591,2376,96,3,685.65
3592,555,115,2,890.96
3593,302,112,3,2472.21
3594,200,74,2,2817.98
3595,2941,65,1,3546.41
3596,1063,69,4,1845.12
3597,307,67,4,3505.12
3598,1657,49,3,2638.5
3599,1872,50,4,4263.96
3600,2516,58,4,1906.6
3601,2227,53,3,1832.16
3602,2693,91,3,1768.23
3603,1847,115,2,890.96
3604,1765,118,1,1854.48
3605,276,57,3,2994.75
3606,1176,86,2,956.72
3607,1402,18,3,6389.19
3608,2669,16,2,11764.8
3609,638,2,1,442.25
3610,1776,111,2,1472.3
3611,930,13,2,9618.46
3612,1881,45,4,4091.4
3613,183,80,3,2786.43
3614,1845,72,2,485.32
3615,72,43,3,2550.27
3616,2767,72,2,485.32
3617,1677,54,4,2438.4
3618,1296,74,4,5635.96
3619,2774,119,1,1355.09
3620,2317,97,2,3917.74
3621,1044,31,4,3548.68
3622,2626,76,3,3256.71
3623,815,9,2,3576.06
3624,1527,101,2,682.8
3625,2195,73,1,482.25
3626,2938,48,3,3057.51
3627,310,18,1,2129.73
3628,2566,94,2,1059.06
3629,2062,96,1,228.55
3630,132,104,2,1994.68
3631,1878,87,2,1813.02
3632,2803,11,1,1299.67
3633,2487,62,1,1178.41
3634,2791,84,2,1224.86
3635,740,19,1,952.26
3636,795,100,1,4087.48
3637,2311,116,2,3531.82
3638,2691,90,3,18655.26
3639,258,74,1,1408.99
3640,1258,24,1,3802.04
3641,2457,13,4,19236.92
3642,1852,116,3,5297.73
3643,975,46,1,5615.73
3644,1048,53,2,1221.44
3645,271,98,4,8636.28
3646,1119,29,4,2932.56
3647,142,36,4,3853.76
3648,902,71,1,2418.92
3649,274,115,2,890.96
3650,2324,94,4,2118.12
3651,465,17,3,15009.39
3652,1232,48,4,4076.68
3653,1320,77,4,4692.08
3654,288,120,3,1953.69
3655,876,24,4,15208.16
3656,1993,54,4,2438.4
3657,2926,119,3,4065.27
3658,2228,95,1,2105.85
3659,1121,91,3,1768.23
3660,1215,114,1,1245.16
3661,447,85,1,906.04
3662,2833,108,1,2241.12
3663,2609,119,3,4065.27
3664,2532,1,3,6910.71
3665,2897,79,1,1052.71
3666,722,67,3,2628.84
3667,2164,6,1,286.48
3668,2583,78,3,3765.39
3669,1352,55,2,2833.22
3670,407,38,3,5490.33
3671,1726,33,3,14277.03
3672,694,116,3,5297.73
3673,495,102,1,1116.94
3674,948,8,1,728.97
3675,23,90,2,12436.84
3676,1129,79,2,2105.42
3677,1699,78,4,5020.52
3678,558,112,2,1648.14
3679,1617,20,1,741.36
3680,941,55,2,2833.22
3681,1246,48,2,2038.34
3682,2903,83,3,3168.21
3683,2939,56,2,2217.34
3684,1657,97,4,7835.48
3685,78,100,3,12262.44
3686,1346,88,1,1762.71
3687,807,10,4,8631.68
3688,1042,52,1,3765.93
3689,768,50,4,4263.96
3690,454,34,3,1252.8
3691,2976,36,4,3853.76
3692,2325,111,4,2944.6
3693,1448,61,2,12223.98
3694,1500,100,1,4087.48
3695,1051,16,3,17647.2
3696,2562,79,4,4210.84
3697,1889,18,1,2129.73
3698,2512,71,1,2418.92
3699,2855,47,2,2699.12
3700,2872,86,1,478.36
3701,363,32,3,945.93
3702,2799,43,2,1700.18
3703,525,83,4,4224.28
3704,1218,40,3,1844.37
3705,1486,120,3,1953.69
3706,2104,65,3,10639.23
3707,1254,35,2,901.56
3708,2537,69,1,461.28
3709,1856,50,3,3197.97
3710,722,12,1,301.57
3711,1984,76,1,1085.57
3712,1208,85,3,2718.12
3713,1449,58,1,476.65
3714,1399,83,2,2112.14
3715,2089,63,2,3235.2
3716,1508,73,4,1929.0
3717,1004,107,1,2331.62
3718,2308,49,1,879.5
3719,2489,112,4,3296.28
3720,926,36,2,1926.88
3721,856,106,4,3539.56
3722,84,54,4,2438.4
3723,2094,47,4,5398.24
3724,2488,115,1,445.48
3725,1543,32,1,315.31
3726,986,99,1,1520.36
3727,1869,95,1,2105.85
3728,136,53,3,1832.16
3729,1207,119,4,5420.36
3730,1733,32,4,1261.24
3731,1196,62,1,1178.41
3732,909,37,2,1736.42
3733,2909,96,3,685.65
3734,2836,107,3,6994.86
3735,590,120,2,1302.46
3736,1952,101,1,341.4
3737,956,103,3,3545.34
3738,2738,38,3,5490.33
3739,2587,30,4,2207.52
3740,1144,58,4,1906.6
3741,1332,32,1,315.31
3742,2756,109,1,233.05
3743,1554,66,4,14305.88
3744,2343,51,4,10435.0
3745,1807,11,4,5198.68
3746,2101,59,2,3863.6
3747,806,20,3,2224.08
3748,1456,37,1,868.21
3749,52,73,1,482.25
3750,2776,102,2,2233.88
3751,72,49,4,3518.0
3752,28,19,3,2856.78
3753,469,55,4,5666.44
3754,764,40,1,614.79
3755,2934,7,2,1890.78
3756,2960,5,3,12235.41
3757,2595,111,3,2208.45
3758,1425,42,3,2956.47
3759,2249,88,3,5288.13
3760,820,48,2,2038.34
3761,1490,105,1,886.01
3762,1676,7,3,2836.17
3763,560,11,3,3899.01
3764,379,73,1,482.25
3765,1919,49,4,3518.0
3766,1076,30,3,1655.64
3767,79,41,3,4200.84
3768,1409,3,4,1790.52
3769,834,86,1,478.36
3770,1032,40,1,614.79
3771,2073,51,3,7826.25
3772,450,84,1,612.43
3773,2816,32,4,1261.24
3774,2803,48,2,2038.34
3775,1993,71,4,9675.68
3776,1485,71,4,9675.68
3777,2246,20,2,1482.72
3778,1743,89,4,6550.44
3779,1971,109,3,699.15
3780,2485,35,3,1352.34
3781,1551,108,1,2241.12
3782,690,24,1,3802.04
3783,1991,40,4,2459.16
3784,1402,77,3,3519.06
3785,587,52,3,11297.79
3786,2152,112,2,1648.14
3787,1830,39,1,3872.55
3788,1986,68,3,3470.19
3789,627,61,4,24447.96
3790,2032,76,3,3256.71
3791,2506,81,1,1142.94
3792,364,65,4,14185.64
3793,2183,62,1,1178.41
3794,374,81,3,3428.82
3795,2087,2,3,1326.75
3796,1988,6,3,859.44
3797,2867,108,1,2241.12
3798,2095,75,4,8488.28
3799,2084,117,3,3988.8
3800,2143,43,3,2550.27
3801,1385,82,3,5515.02
3802,1549,40,2,1229.58
3803,1170,89,2,3275.22
3804,1941,39,4,15490.2
3805,368,28,1,614.42
3806,65,110,3,1203.48
3807,754,80,3,2786.43
3808,1544,63,1,1617.6
3809,2036,64,1,409.18
3810,2864,12,4,1206.28
3811,1877,41,1,1400.28
3812,1579,116,3,5297.73
3813,756,29,4,2932.56
3814,2229,23,2,4764.28
3815,1525,85,4,3624.16
3816,597,80,4,3715.24
3817,2835,117,4,5318.4
3818,2675,51,1,2608.75
3819,1835,112,3,2472.21
3820,2664,105,1,886.01
3821,1396,45,3,3068.55
3822,1587,90,1,6218.42
3823,112,101,4,1365.6
3824,453,22,3,1257.6
3825,2804,115,1,445.48
3826,2632,10,4,8631.68
3827,2187,7,2,1890.78
3828,1872,73,1,482.25
3829,2279,89,1,1637.61
3830,1263,110,2,802.32
3831,253,15,1,1138.1
3832,2005,77,2,2346.04
3833,1460,106,3,2654.67
3834,1943,46,2,11231.46
3835,2609,90,4,24873.68
3836,1327,85,2,1812.08
3837,2120,87,3,2719.53
3838,1858,61,2,12223.98
3839,2270,108,2,4482.24
3840,1101,92,3,3302.4
3841,62,61,1,6111.99
3842,1495,51,1,2608.75
3843,1181,38,4,7320.44
3844,806,12,4,1206.28
3845,2173,88,2,3525.42
3846,2789,77,1,1173.02
3847,1876,104,1,997.34
3848,2209,112,2,1648.14
3849,541,66,3,10729.41
3850,626,54,1,609.6
3851,1615,39,4,15490.2
3852,106,76,2,2171.14
3853,1155,39,3,11617.65
3854,1709,115,4,1781.92
3855,2824,78,1,1255.13
3856,1909,30,3,1655.64
3857,2050,105,4,3544.04
3858,2281,114,2,2490.32
3859,369,107,3,6994.86
3860,1275,48,3,3057.51
3861,946,83,2,2112.14
3862,2228,31,1,887.17
3863,293,107,1,2331.62
3864,584,114,3,3735.48
3865,2843,107,3,6994.86
3866,2223,25,3,1256.82
3867,2171,68,4,4626.92
3868,2275,114,3,3735.48
3869,2492,51,1,2608.75
3870,2476,13,2,9618.46
3871,765,100,2,8174.96
3872,2680,63,2,3235.2
3873,2113,42,3,2956.47
3874,1305,54,3,1828.8
3875,1415,101,2,682.8
3876,428,67,4,3505.12
3877,2666,80,4,3715.24
3878,2973,90,4,24873.68
3879,2015,104,4,3989.36
3880,2860,56,1,1108.67
3881,107,103,2,2363.56
3882,659,19,1,952.26
3883,1183,46,3,16847.19
3884,2313,15,4,4552.4
3885,1226,32,4,1261.24
3886,155,49,2,1759.0
3887,896,21,4,9468.4
3888,1522,65,2,7092.82
3889,1621,70,3,2072.91
3890,993,27,4,2329.28
3891,2293,23,4,9528.56
3892,1324,47,1,1349.56
3893,1386,95,2,4211.7
3894,2434,12,2,603.14
3895,2807,85,4,3624.16
3896,2462,116,1,1765.91
3897,1302,66,4,14305.88
3898,2763,5,2,8156.94
3899,759,9,2,3576.06
3900,747,20,4,2965.44
3901,593,110,3,1203.48
3902,1549,82,4,7353.36
3903,2887,63,1,1617.6
3904,16,86,2,956.72
3905,993,72,2,485.32
3906,1069,98,4,8636.28
3907,1345,73,3,1446.75
3908,2699,71,2,4837.84
3909,2196,30,4,2207.52
3910,2403,82,3,5515.02
3911,703,91,4,2357.64
3912,613,16,4,23529.6
3913,105,85,4,3624.16
3914,1498,5,2,8156.94
3915,396,119,3,4065.27
3916,2654,29,1,733.14
3917,2011,47,1,1349.56
3918,851,101,2,682.8
3919,1989,107,2,4663.24
3920,442,22,4,1676.8
3921,1669,78,4,5020.52
3922,873,57,3,2994.75
3923,667,83,4,4224.28
3924,1052,35,3,1352.34
3925,2842,88,4,7050.84
3926,2523,106,4,3539.56
3927,628,60,1,2423.53
3928,1429,70,2,1381.94
3929,2550,60,3,7270.59
3930,348,58,1,476.65
3931,1264,3,4,1790.52
3932,1018,34,1,417.6
3933,570,45,3,3068.55
3934,2743,50,2,2131.98
3935,2074,2,1,442.25
3936,1953,15,3,3414.3
3937,2265,37,4,3472.84
3938,1352,15,1,1138.1
3939,2885,60,2,4847.06
3940,2822,96,3,685.65
3941,670,85,2,1812.08
3942,718,64,4,1636.72
3943,2358,81,2,2285.88
3944,2647,98,4,8636.28
3945,267,96,4,914.2
3946,1439,114,1,1245.16
3947,2694,111,4,2944.6
3948,1357,52,2,7531.86
3949,1023,23,1,2382.14
3950,2038,99,4,6081.44
3951,2498,37,3,2604.63
3952,565,107,3,6994.86
3953,1271,41,4,5601.12
3954,1060,101,1,341.4
3955,1425,57,1,998.25
3956,28,97,1,1958.87
3957,220,25,2,837.88
3958,406,110,3,1203.48
3959,1638,37,4,3472.84
3960,1799,40,4,2459.16
3961,2319,85,3,2718.12
3962,1760,46,2,11231.46
3963,1675,60,1,2423.53
3964,792,112,3,2472.21
3965,963,102,4,4467.76
3966,1310,104,2,1994.68
3967,834,98,4,8636.28
3968,317,19,1,952.26
3969,1321,91,3,1768.23
3970,2386,9,1,1788.03
3971,1331,69,2,922.56
3972,351,5,3,12235.41
3973,511,89,1,1637.61
3974,2573,26,1,878.55
3975,492,19,1,952.26
3976,1932,30,2,1103.76
3977,1618,100,1,4087.48
3978,2057,48,4,4076.68
3979,1521,112,3,2472.21
3980,1584,16,3,17647.2
3981,2609,71,1,2418.92
3982,2488,18,2,4259.46
3983,1576,56,4,4434.68
3984,2840,21,4,9468.4
3985,1762,31,3,2661.51
3986,1992,1,3,6910.71
3987,1269,3,4,1790.52
3988,2081,95,3,6317.55
3989,1047,25,1,418.94
3990,2893,117,4,5318.4
3991,2614,8,3,2186.91
3992,49,65,1,3546.41
3993,462,62,1,1178.41
3994,2638,7,4,3781.56
3995,336,7,1,945.39
3996,1382,8,4,2915.88
3997,1146,19,1,952.26
3998,359,17,4,20012.52
3999,2394,11,4,5198.68
4000,193,111,4,2944.6
4001,1440,105,4,3544.04
4002,1401,49,1,879.5
4003,756,11,4,5198.68
4004,1685,102,3,3350.82
4005,2526,41,1,1400.28
4006,828,62,4,4713.64
4007,890,114,1,1245.16
4008,653,52,1,3765.93
4009,2456,66,1,3576.47
4010,2334,68,1,1156.73
4011,1922,114,4,4980.64
4012,851,92,1,1100.8
4013,111,97,3,5876.61
4014,620,75,1,2122.07
4015,793,67,1,876.28
4016,2098,40,3,1844.37
4017,1158,5,4,16313.88
4018,588,116,3,5297.73
4019,2644,85,2,1812.08
4020,2718,22,3,1257.6
4021,1310,118,4,7417.92
4022,1958,37,3,2604.63
4023,2362,11,1,1299.67
4024,2654,44,4,3660.44
4025,297,86,2,956.72
4026,1630,105,4,3544.04
4027,569,53,1,610.72
4028,1188,77,2,2346.04
4029,832,118,4,7417.92
4030,610,116,4,7063.64
4031,16,61,1,6111.99
4032,1370,67,3,2628.84
4033,72,13,3,14427.69
4034,270,92,2,2201.6
4035,287,118,1,1854.48
4036,66,11,1,1299.67
4037,880,11,3,3899.01
4038,68,85,3,2718.12
4039,1217,116,2,3531.82
4040,1403,85,3,2718.12
4041,974,7,2,1890.78
4042,508,17,4,20012.52
4043,2885,48,2,2038.34
4044,1126,14,2,7742.32
4045,886,63,2,3235.2
4046,2842,64,4,1636.72
4047,2470,97,3,5876.61
4048,1988,75,2,4244.14
4049,775,77,3,3519.06
4050,2526,65,2,7092.82
4051,926,34,3,1252.8
4052,120,9,2,3576.06
4053,1939,77,3,3519.06
4054,488,37,1,868.21
4055,2126,30,4,2207.52
4056,441,41,2,2800.56
4057,462,45,4,4091.4
4058,612,101,2,682.8
4059,1318,47,1,1349.56
4060,1660,7,1,945.39
4061,917,14,4,15484.64
4062,2657,48,2,2038.34
4063,6,6,3,859.44
4064,681,34,2,835.2
4065,2943,80,3,2786.43
4066,2319,115,4,1781.92
4067,1644,101,4,1365.6
4068,2859,100,1,4087.48
4069,2607,46,3,16847.19
4070,99,59,2,3863.6
4071,526,70,1,690.97
4072,2242,8,4,2915.88
4073,1181,24,1,3802.04
4074,1690,67,2,1752.56
4075,1139,4,2,12477.08
4076,396,96,4,914.2
4077,770,1,1,2303.57
4078,1827,34,3,1252.8
4079,1546,109,3,699.15
4080,2928,9,3,5364.09
4081,2793,63,2,3235.2
4082,683,76,1,1085.57
4083,1557,10,3,6473.76
4084,15,10,1,2157.92
4085,2416,50,4,4263.96
4086,2686,44,3,2745.33
4087,2901,118,1,1854.48
4088,1237,48,2,2038.34
4089,2748,87,4,3626.04
4090,5,6,4,1145.92
4091,2279,88,4,7050.84
4092,1909,24,4,15208.16
4093,1426,85,2,1812.08
4094,1608,120,2,1302.46
4095,2634,106,3,2654.67
4096,169,95,2,4211.7
4097,2809,111,2,1472.3
4098,792,58,4,1906.6
4099,1000,105,2,1772.02
4100,152,64,4,1636.72
4101,2272,94,1,529.53
4102,504,56,1,1108.67
4103,1574,98,1,2159.07
4104,2092,82,1,1838.34
4105,2745,12,1,301.57
4106,504,35,1,450.78
4107,2978,71,1,2418.92
4108,843,105,4,3544.04
4109,351,104,4,3989.36
4110,2071,89,4,6550.44
4111,1660,6,4,1145.92
4112,598,65,2,7092.82
4113,1067,110,2,802.32
4114,2514,80,3,2786.43
4115,40,60,2,4847.06
4116,2351,112,4,3296.28
4117,175,68,4,4626.92
4118,999,29,1,733.14
4119,1485,38,1,1830.11
4120,2669,111,3,2208.45
4121,1217,92,2,2201.6
4122,2292,22,4,1676.8
4123,836,8,2,1457.94
4124,2328,63,3,4852.8
4125,1060,96,1,228.55
4126,2605,97,4,7835.48
4127,898,13,1,4809.23
4128,1564,27,4,2329.28
4129,1047,18,1,2129.73
4130,2767,18,1,2129.73
4131,932,77,3,3519.06
4132,2139,86,2,956.72
4133,2438,62,1,1178.41
4134,2598,14,4,15484.64
4135,2979,11,2,2599.34
4136,1252,103,2,2363.56
4137,1226,114,1,1245.16
4138,1374,117,1,1329.6
4139,1062,86,1,478.36
4140,2781,100,2,8174.96
4141,500,17,3,15009.39
4142,1723,51,1,2608.75
4143,2919,96,2,457.1
4144,2565,14,2,7742.32
4145,2116,106,4,3539.56
4146,1764,57,1,998.25
4147,2171,93,3,1503.39
4148,1709,6,4,1145.92
4149,336,114,1,1245.16
4150,1177,57,4,3993.0
4151,779,4,1,6238.54
4152,1186,11,4,5198.68
4153,1934,109,3,699.15
4154,1467,104,4,3989.36
4155,2471,74,4,5635.96
4156,1562,119,4,5420.36
4157,939,92,1,1100.8
4158,804,11,1,1299.67
4159,1936,99,3,4561.08
4160,634,79,4,4210.84
4161,1254,8,2,1457.94
4162,1083,84,4,2449.72
4163,2144,114,2,2490.32
4164,1286,59,2,3863.6
4165,354,21,4,9468.4
4166,1160,65,2,7092.82
4167,1886,93,2,1002.26
4168,1819,24,4,15208.16
4169,967,30,1,551.88
4170,2971,104,4,3989.36
4171,2521,99,3,4561.08
4172,2478,97,2,3917.74
4173,2585,84,3,1837.29
4174,1170,57,2,1996.5
4175,1548,80,1,928.81
4176,2135,73,2,964.5
4177,109,95,4,8423.4
4178,1369,17,2,10006.26
4179,1758,59,3,5795.4
4180,994,31,4,3548.68
4181,1518,64,3,1227.54
4182,1357,48,1,1019.17
4183,822,23,3,7146.42
4184,937,70,3,2072.91
4185,2697,30,3,1655.64
4186,191,55,4,5666.44
4187,1997,7,1,945.39
4188,933,120,1,651.23
4189,142,112,1,824.07
4190,1893,104,3,2992.02
4191,2888,106,4,3539.56
4192,2216,110,4,1604.64
4193,566,75,4,8488.28
4194,1283,98,3,6477.21
4195,1463,12,1,301.57
4196,1135,60,3,7270.59
4197,744,116,4,7063.64
4198,673,52,3,11297.79
4199,2912,109,2,466.1
4200,2887,111,1,736.15
4201,531,27,1,582.32
4202,1314,12,4,1206.28
4203,562,13,3,14427.69
4204,1534,72,4,970.64
4205,2223,80,3,2786.43
4206,302,62,2,2356.82
4207,185,29,1,733.14
4208,510,35,1,450.78
4209,2867,60,3,7270.59
4210,1334,29,1,733.14
4211,1370,31,3,2661.51
4212,2204,77,4,4692.08
4213,2835,76,2,2171.14
4214,795,115,3,1336.44
4215,2480,61,2,12223.98
4216,1524,2,4,1769.0
4217,761,33,4,19036.04
4218,2195,72,4,970.64
4219,2529,62,3,3535.23
4220,435,105,2,1772.02
4221,1543,59,2,3863.6
4222,2039,40,1,614.79
4223,1707,117,3,3988.8
4224,69,49,1,879.5
4225,1630,105,1,886.01
4226,1905,32,3,945.93
4227,2923,38,1,1830.11
4228,2234,92,1,1100.8
4229,2952,79,1,1052.71
4230,2730,87,4,3626.04
4231,2252,88,3,5288.13
4232,554,13,4,19236.92
4233,2061,85,1,906.04
4234,2714,54,1,609.6
4235,1298,76,4,4342.28
4236,2099,13,1,4809.23
4237,500,39,3,11617.65
4238,2417,23,2,4764.28
4239,2772,114,4,4980.64
4240,2405,110,2,802.32
4241,2895,107,2,4663.24
4242,1530,92,2,2201.6
4243,2304,14,4,15484.64
4244,1512,17,1,5003.13
4245,279,24,3,11406.12
4246,1083,117,1,1329.6
4247,446,58,3,1429.95
4248,2161,63,1,1617.6
4249,836,34,2,835.2
4250,755,51,2,5217.5
4251,1846,112,3,2472.21
4252,1593,86,4,1913.44
4253,1513,10,1,2157.92
4254,1431,118,2,3708.96
4255,2415,72,3,727.98
4256,1084,21,1,2367.1
4257,2377,37,3,2604.63
4258,2776,7,4,3781.56
4259,1591,90,4,24873.68
4260,1909,13,1,4809.23
4261,2768,80,4,3715.24
4262,2232,30,1,551.88
4263,1023,31,1,887.17
4264,2359,5,4,16313.88
4265,1562,32,3,945.93
4266,177,16,3,17647.2
4267,847,111,1,736.15
4268,1249,73,2,964.5
4269,1601,22,1,419.2
4270,1605,64,3,1227.54
4271,1976,119,1,1355.09
4272,2057,44,3,2745.33
4273,236,40,4,2459.16
4274,710,109,1,233.05
4275,2972,37,1,868.21
4276,2733,78,4,5020.52
4277,794,16,4,23529.6
4278,2856,43,2,1700.18
4279,1935,84,4,2449.72
4280,1670,63,2,3235.2
4281,27,108,4,8964.48
4282,2598,15,3,3414.3
4283,1227,120,1,651.23
4284,85,44,4,3660.44
4285,1856,90,3,18655.26
4286,2514,9,4,7152.12
4287,1123,65,1,3546.41
4288,1214,99,4,6081.44
4289,12,44,4,3660.44
4290,1013,20,1,741.36
4291,1749,109,4,932.2
4292,1877,119,1,1355.09
4293,2620,70,2,1381.94
4294,1318,106,4,3539.56
4295,1384,74,3,4226.97
4296,1679,112,4,3296.28
4297,2962,33,1,4759.01
4298,180,80,1,928.81
4299,797,100,3,12262.44
4300,1468,6,3,859.44
4301,2025,83,1,1056.07
4302,2489,31,2,1774.34
4303,887,66,2,7152.94
4304,2469,18,1,2129.73
4305,1190,106,2,1769.78
4306,1676,28,3,1843.26
4307,1520,68,2,2313.46
4308,2516,65,3,10639.23
4309,2761,111,4,2944.6
4310,2433,106,3,2654.67
4311,2362,114,4,4980.64
4312,771,80,3,2786.43
4313,1279,45,3,3068.55
4314,959,58,2,953.3
4315,917,47,3,4048.68
4316,2071,66,1,3576.47
4317,1782,52,4,15063.72
4318,339,36,4,3853.76
4319,1517,1,3,6910.71
4320,2871,39,1,3872.55
4321,2414,87,3,2719.53
4322,1396,90,3,18655.26
4323,915,75,2,4244.14
4324,1854,106,3,2654.67
4325,475,1,3,6910.71
4326,1447,75,2,4244.14
4327,1380,88,2,3525.42
4328,1484,74,1,1408.99
4329,2075,14,2,7742.32
4330,2990,78,4,5020.52
4331,2850,71,4,9675.68
4332,801,23,1,2382.14
4333,2908,43,3,2550.27
4334,1247,22,1,419.2
4335,864,60,2,4847.06
4336,2738,100,3,12262.44
4337,1172,27,1,582.32
4338,739,56,1,1108.67
4339,1375,2,4,1769.0
4340,2463,39,1,3872.55
4341,982,51,3,7826.25
4342,2477,110,1,401.16
4343,2089,19,1,952.26
4344,2953,62,2,2356.82
4345,1012,71,1,2418.92
4346,2751,76,3,3256.71
4347,2127,67,4,3505.12
4348,717,63,4,6470.4
4349,1808,111,4,2944.6
4350,2592,5,4,16313.88
4351,1474,72,2,485.32
4352,2522,78,3,3765.39
4353,1166,61,2,12223.98
4354,2342,100,4,16349.92
4355,610,71,2,4837.84
4356,2184,7,1,945.39
4357,2532,50,3,3197.97
4358,1813,46,1,5615.73
4359,1336,96,2,457.1
4360,2862,72,1,242.66
4361,555,76,2,2171.14
4362,1656,74,2,2817.98
4363,1756,14,3,11613.48
4364,46,73,3,1446.75
4365,1260,102,3,3350.82
4366,1072,94,4,2118.12
4367,2246,69,3,1383.84
4368,2132,65,1,3546.41
4369,543,65,3,10639.23
4370,1452,57,3,2994.75
4371,2119,62,3,3535.23
4372,2568,20,2,1482.72
4373,1993,113,2,9661.4
4374,2946,75,3,6366.21
4375,913,26,2,1757.1
4376,1069,44,2,1830.22
4377,2341,67,4,3505.12
4378,2986,70,1,690.97
4379,812,62,2,2356.82
4380,1489,107,1,2331.62
4381,1909,45,2,2045.7
4382,1574,11,3,3899.01
4383,867,72,2,485.32
4384,2428,93,2,1002.26
4385,1767,74,1,1408.99
4386,2310,34,3,1252.8
4387,580,88,4,7050.84
4388,2405,46,1,5615.73
4389,1443,112,3,2472.21
4390,698,81,3,3428.82
4391,1977,32,1,315.31
4392,2491,75,2,4244.14
4393,726,98,3,6477.21
4394,286,88,4,7050.84
4395,1892,119,2,2710.18
4396,570,5,1,4078.47
4397,2888,63,1,1617.6
4398,1965,29,1,733.14
4399,1514,48,1,1019.17
4400,498,112,4,3296.28
4401,1918,98,4,8636.28
4402,705,16,3,17647.2
4403,1357,25,4,1675.76
4404,562,101,1,341.4
4405,1999,72,4,970.64
4406,32,29,2,1466.28
4407,43,52,2,7531.86
4408,1917,46,3,16847.19
4409,1375,25,1,418.94
4410,1846,106,4,3539.56
4411,559,23,3,7146.42
4412,2318,34,3,1252.8
4413,1437,67,4,3505.12
4414,943,94,3,1588.59
4415,1599,114,1,1245.16
4416,1371,117,4,5318.4
4417,1929,34,2,835.2
4418,1637,32,2,630.62
4419,2085,117,4,5318.4
4420,92,29,3,2199.42
4421,1844,9,3,5364.09
4422,185,66,2,7152.94
4423,728,57,2,1996.5
4424,1052,39,1,3872.55
4425,1572,7,3,2836.17
4426,2420,110,1,401.16
4427,832,69,2,922.56
4428,345,8,2,1457.94
4429,1443,96,2,457.1
4430,1220,119,2,2710.18
4431,2126,118,1,1854.48
4432,167,18,2,4259.46
4433,264,102,4,4467.76
4434,1496,110,3,1203.48
4435,1232,82,2,3676.68
4436,2772,49,3,2638.5
4437,1287,105,2,1772.02
4438,1530,109,1,233.05
4439,1809,16,3,17647.2
4440,2560,21,1,2367.1
4441,1878,10,2,4315.84
4442,1750,106,4,3539.56
4443,1910,4,4,24954.16
4444,2624,44,4,3660.44
4445,2770,8,4,2915.88
4446,1336,111,4,2944.6
4447,1198,117,1,1329.6
4448,2479,55,4,5666.44
4449,768,19,2,1904.52
4450,2511,111,1,736.15
4451,101,64,1,409.18
4452,1733,40,4,2459.16
4453,1920,104,3,2992.02
4454,2292,51,2,5217.5
4455,1372,9,1,1788.03
4456,105,30,2,1103.76
4457,694,56,3,3326.01
4458,1691,81,1,1142.94
4459,1311,104,2,1994.68
4460,1071,44,4,3660.44
4461,1067,59,1,1931.8
4462,818,15,1,1138.1
4463,2269,68,1,1156.73
4464,1537,70,1,690.97
4465,2192,61,4,24447.96
4466,890,80,3,2786.43
4467,1878,90,3,18655.26
4468,1874,101,2,682.8
4469,790,23,4,9528.56
4470,553,77,4,4692.08
4471,844,47,2,2699.12
4472,659,17,4,20012.52
4473,2885,57,4,3993.0
4474,1019,54,1,609.6
4475,1954,91,1,589.41
4476,1191,52,1,3765.93
4477,751,22,4,1676.8
4478,2297,101,4,1365.6
4479,775,83,3,3168.21
4480,2812,39,1,3872.55
4481,1381,99,2,3040.72
4482,692,13,4,19236.92
4483,2868,78,1,1255.13
4484,719,112,3,2472.21
4485,234,95,1,2105.85
4486,2072,109,3,699.15
4487,1405,66,3,10729.41
4488,1006,110,4,1604.64
4489,1370,52,3,11297.79
4490,1402,103,3,3545.34
4491,2570,101,2,682.8
4492,2065,14,3,11613.48
4493,2293,73,2,964.5
4494,2766,74,2,2817.98
4495,2818,63,1,1617.6
4496,717,71,1,2418.92
4497,1563,28,4,2457.68
4498,1712,110,4,1604.64
4499,1226,89,4,6550.44
4500,1272,46,3,16847.19
4501,2166,28,1,614.42
4502,9,2,3,1326.75
4503,598,17,1,5003.13
4504,23,59,3,5795.4
4505,1991,52,4,15063.72
4506,2288,4,1,6238.54
4507,1609,77,1,1173.02
4508,2075,82,2,3676.68
4509,1105,3,1,447.63
4510,2247,115,1,445.48
4511,2823,37,3,2604.63
4512,92,97,4,7835.48
4513,851,105,2,1772.02
4514,1983,24,3,11406.12
4515,1108,72,1,242.66
4516,300,35,3,1352.34
4517,2344,2,4,1769.0
4518,2695,33,2,9518.02
4519,1478,76,3,3256.71
4520,1305,86,1,478.36
4521,1001,77,3,3519.06
4522,1083,10,1,2157.92
4523,2957,81,2,2285.88
4524,2919,62,2,2356.82
4525,1366,43,3,2550.27
4526,2801,69,2,922.56
4527,2390,59,4,7727.2
4528,2110,9,3,5364.09
4529,776,77,1,1173.02
4530,2673,60,3,7270.59
4531,1453,63,1,1617.6
4532,1682,52,2,7531.86
4533,1752,23,1,2382.14
4534,2304,30,1,551.88
4535,2876,43,1,850.09
4536,1852,119,1,1355.09
4537,1898,68,4,4626.92
4538,1730,21,1,2367.1
4539,1328,43,3,2550.27
4540,615,73,4,1929.0
4541,245,7,1,945.39
4542,757,16,1,5882.4
4543,824,23,1,2382.14
4544,2828,58,4,1906.6
4545,2780,87,1,906.51
4546,1847,31,1,887.17
4547,1436,69,1,461.28
4548,2926,6,2,572.96
4549,1241,115,3,1336.44
4550,516,65,1,3546.41
4551,474,59,3,5795.4
4552,36,112,2,1648.14
4553,1411,28,2,1228.84
4554,1793,18,1,2129.73
4555,1735,88,3,5288.13
4556,830,77,4,4692.08
4557,1093,97,1,1958.87
4558,2414,10,4,8631.68
4559,1186,7,2,1890.78
4560,1763,37,2,1736.42
4561,945,96,3,685.65
4562,1512,45,4,4091.4
4563,431,86,4,1913.44
4564,2023,16,1,5882.4
4565,859,88,3,5288.13
4566,230,116,3,5297.73
4567,2418,118,4,7417.92
4568,178,14,2,7742.32
4569,1434,11,3,3899.01
4570,2616,83,2,2112.14
4571,1614,87,1,906.51
4572,2841,34,3,1252.8
4573,1764,60,3,7270.59
4574,2948,104,1,997.34
4575,1775,13,3,14427.69
4576,975,39,4,15490.2
4577,82,44,4,3660.44
4578,846,28,1,614.42
4579,2810,40,2,1229.58
4580,1217,16,2,11764.8
4581,618,50,3,3197.97
4582,2264,115,2,890.96
4583,2338,28,2,1228.84
4584,445,68,1,1156.73
4585,923,92,2,2201.6
4586,2600,60,2,4847.06
4587,193,12,2,603.14
4588,1663,16,4,23529.6
4589,289,53,4,2442.88
4590,2631,54,1,609.6
4591,1168,49,3,2638.5
4592,1431,36,1,963.44
4593,1835,62,3,3535.23
4594,2905,84,3,1837.29
4595,1971,26,2,1757.1
4596,2829,56,2,2217.34
4597,896,120,1,651.23
4598,920,90,1,6218.42
4599,2612,22,1,419.2
4600,2035,120,4,2604.92
4601,1553,73,4,1929.0
4602,1701,69,4,1845.12
4603,2061,81,4,4571.76
4604,1726,49,4,3518.0
4605,2388,98,2,4318.14
4606,2913,2,3,1326.75
4607,1898,53,4,2442.88
4608,1800,119,1,1355.09
4609,312,7,3,2836.17
4610,2781,100,4,16349.92
4611,1128,77,4,4692.08
4612,339,20,2,1482.72
4613,2348,94,2,1059.06
4614,359,30,2,1103.76
4615,2217,75,4,8488.28
4616,1173,95,2,4211.7
4617,2809,67,4,3505.12
4618,768,59,3,5795.4
4619,2090,66,3,10729.41
4620,202,112,4,3296.28
4621,1693,3,1,447.63
4622,464,56,4,4434.68
4623,449,79,3,3158.13
4624,913,17,3,15009.39
4625,798,112,4,3296.28
4626,794,52,4,15063.72
4627,437,7,4,3781.56
4628,1917,112,3,2472.21
4629,1774,5,1,4078.47
4630,531,98,4,8636.28
4631,565,97,3,5876.61
4632,1621,54,4,2438.4
4633,1297,61,3,18335.97
4634,2920,109,4,932.2
4635,213,16,3,17647.2
4636,949,101,4,1365.6
4637,1128,67,2,1752.56
4638,192,59,4,7727.2
4639,1404,47,3,4048.68
4640,1991,48,4,4076.68
4641,1105,107,1,2331.62
4642,705,115,4,1781.92
4643,549,64,4,1636.72
4644,1862,50,4,4263.96
4645,154,85,1,906.04
4646,1666,41,1,1400.28
4647,571,72,1,242.66
4648,1785,22,2,838.4
4649,2288,115,1,445.48
4650,2422,54,2,1219.2
4651,805,5,4,16313.88
4652,799,17,2,10006.26
4653,611,101,4,1365.6
4654,2736,78,2,2510.26
4655,2822,103,1,1181.78
4656,1807,41,1,1400.28
4657,143,92,2,2201.6
4658,272,95,2,4211.7
4659,1556,81,1,1142.94
4660,2474,35,4,1803.12
4661,2094,40,4,2459.16
4662,2143,22,4,1676.8
4663,2112,109,4,932.2
4664,2461,48,3,3057.51
4665,459,53,4,2442.88
4666,1739,93,3,1503.39
4667,1433,10,3,6473.76
4668,2518,18,1,2129.73
4669,2858,99,1,1520.36
4670,506,108,2,4482.24
4671,1710,80,4,3715.24
4672,1097,114,4,4980.64
4673,84,49,1,879.5
4674,59,71,1,2418.92
4675,1045,30,1,551.88
4676,1482,19,2,1904.52
4677,2966,55,4,5666.44
4678,2205,60,2,4847.06
4679,1353,87,3,2719.53
4680,1597,72,3,727.98
4681,576,81,4,4571.76
4682,2885,21,1,2367.1
4683,680,26,1,878.55
4684,203,28,2,1228.84
4685,1130,39,3,11617.65
4686,318,33,3,14277.03
4687,1206,40,4,2459.16
4688,1639,83,3,3168.21
4689,1797,29,1,733.14
4690,406,20,1,741.36
4691,2997,20,1,741.36
4692,2543,74,4,5635.96
4693,679,12,2,603.14
4694,1271,120,3,1953.69
4695,1890,97,4,7835.48
4696,1548,120,2,1302.46
4697,1644,25,4,1675.76
4698,1360,25,3,1256.82
4699,1446,117,1,1329.6
4700,835,4,2,12477.08
4701,2242,4,2,12477.08
4702,2356,9,4,7152.12
4703,1669,15,4,4552.4
4704,1931,120,1,651.23
4705,2554,26,4,3514.2
4706,281,79,3,3158.13
4707,2723,90,3,18655.26
4708,1814,92,3,3302.4
4709,933,71,3,7256.76
4710,2763,32,1,315.31
4711,608,76,1,1085.57
4712,483,99,1,1520.36
4713,1247,52,4,15063.72
4714,1773,32,1,315.31
4715,2165,9,2,3576.06
4716,192,78,2,2510.26
4717,2836,13,2,9618.46
4718,2666,56,4,4434.68
4719,2018,44,4,3660.44
4720,2564,97,1,1958.87
4721,307,96,3,685.65
4722,532,83,2,2112.14
4723,122,30,4,2207.52
4724,2697,16,2,11764.8
4725,592,12,1,301.57
4726,2918,74,4,5635.96
4727,1476,66,3,10729.41
4728,59,18,3,6389.19
4729,2349,13,4,19236.92
4730,2601,93,3,1503.39
4731,1574,24,1,3802.04
4732,1141,102,3,3350.82
4733,1811,12,2,603.14
4734,1806,60,2,4847.06
4735,399,60,2,4847.06
4736,2563,93,4,2004.52
4737,2853,86,4,1913.44
4738,2546,100,4,16349.92
4739,942,1,4,9214.28
4740,528,43,4,3400.36
4741,2446,55,1,1416.61
4742,1775,40,4,2459.16
4743,1422,64,3,1227.54
4744,1670,34,1,417.6
4745,1551,34,4,1670.4
4746,436,48,3,3057.51
4747,840,33,1,4759.01
4748,360,68,2,2313.46
4749,1153,102,1,1116.94
4750,864,30,4,2207.52
4751,2682,117,1,1329.6
4752,1651,116,1,1765.91
4753,1733,110,2,802.32
4754,1246,84,1,612.43
4755,2262,90,1,6218.42
4756,916,79,2,2105.42
4757,2640,71,4,9675.68
4758,1799,71,3,7256.76
4759,2183,114,1,1245.16
4760,2802,29,2,1466.28
4761,386,23,1,2382.14
4762,1327,34,4,1670.4
4763,1806,84,4,2449.72
4764,1586,15,2,2276.2
4765,1213,97,3,5876.61
4766,1550,53,3,1832.16
4767,389,17,1,5003.13
4768,2792,64,2,818.36
4769,704,84,3,1837.29
4770,2973,61,4,24447.96
4771,1739,57,3,2994.75
4772,2821,77,2,2346.04
4773,864,108,4,8964.48
4774,1060,88,1,1762.71
4775,79,118,4,7417.92
4776,1299,111,3,2208.45
4777,1302,120,3,1953.69
4778,674,37,3,2604.63
4779,2360,7,1,945.39
4780,204,8,3,2186.91
4781,985,87,2,1813.02
4782,1976,78,1,1255.13
4783,17,68,4,4626.92
4784,476,21,3,7101.3
4785,1017,61,2,12223.98
4786,210,110,2,802.32
4787,499,74,1,1408.99
4788,429,86,2,956.72
4789,1330,94,1,529.53
4790,2106,94,1,529.53
4791,1554,80,1,928.81
4792,1232,75,4,8488.28
4793,1535,86,4,1913.44
4794,1868,29,2,1466.28
4795,2570,25,4,1675.76
4796,2629,58,1,476.65
4797,1877,14,1,3871.16
4798,899,78,4,5020.52
4799,1107,66,2,7152.94
4800,2669,54,1,609.6
4801,1068,77,4,4692.08
4802,1507,67,3,2628.84
4803,2958,30,2,1103.76
4804,1668,18,2,4259.46
4805,493,54,2,1219.2
4806,2547,100,3,12262.44
4807,605,21,1,2367.1
4808,948,53,2,1221.44
4809,294,83,4,4224.28
4810,1172,16,2,11764.8
4811,2019,28,4,2457.68
4812,172,4,2,12477.08
4813,1587,115,4,1781.92
4814,531,55,4,5666.44
4815,1144,15,4,4552.4
4816,1860,64,3,1227.54
4817,1761,65,3,10639.23
4818,2114,112,3,2472.21
4819,2189,111,1,736.15
4820,2494,16,4,23529.6
4821,189,118,1,1854.48
4822,158,20,3,2224.08
4823,2718,64,4,1636.72
4824,1971,33,1,4759.01
4825,246,81,3,3428.82
4826,2904,69,1,461.28
4827,2992,69,1,461.28
4828,2796,58,3,1429.95
4829,2378,39,4,15490.2
4830,2560,77,2,2346.04
4831,850,108,2,4482.24
4832,1811,36,1,963.44
4833,1095,94,1,529.53
4834,1337,68,1,1156.73
4835,2127,87,4,3626.04
4836,169,21,1,2367.1
4837,2858,63,1,1617.6
4838,2228,85,1,906.04
4839,1652,6,3,859.44
4840,2308,24,2,7604.08
4841,1510,111,2,1472.3
4842,1796,53,3,1832.16
4843,2345,95,4,8423.4
4844,620,83,4,4224.28
4845,2903,102,4,4467.76
4846,2408,76,3,3256.71
4847,2165,78,2,2510.26
4848,357,50,2,2131.98
4849,2487,12,1,301.57
4850,1678,56,2,2217.34
4851,1212,120,4,2604.92
4852,1305,15,4,4552.4
4853,1535,83,1,1056.07
4854,1490,92,1,1100.8
4855,1964,40,2,1229.58
4856,1362,41,1,1400.28
4857,2570,69,1,461.28
4858,199,69,3,1383.84
4859,1788,6,2,572.96
4860,1074,87,4,3626.04
4861,1166,67,3,2628.84
4862,1807,101,4,1365.6
4863,1538,33,1,4759.01
4864,2718,43,1,850.09
4865,31,21,4,9468.4
4866,2381,84,3,1837.29
4867,660,65,3,10639.23
4868,2225,103,3,3545.34
4869,2418,111,1,736.15
4870,547,17,2,10006.26
4871,2583,93,1,501.13
4872,1130,8,4,2915.88
4873,2145,64,3,1227.54
4874,2278,90,2,12436.84
4875,2275,28,3,1843.26
4876,371,98,1,2159.07
4877,1124,90,2,12436.84
4878,1469,13,2,9618.46
4879,1492,108,1,2241.12
4880,2103,101,3,1024.2
4881,2472,13,3,14427.69
4882,2363,38,3,5490.33
4883,1152,25,1,418.94
4884,2080,111,4,2944.6
4885,93,62,4,4713.64
4886,2567,23,3,7146.42
4887,1282,86,2,956.72
4888,2901,21,4,9468.4
4889,1926,54,3,1828.8
4890,1244,63,4,6470.4
4891,2800,30,3,1655.64
4892,1572,75,4,8488.28
4893,416,68,4,4626.92
4894,2605,97,2,3917.74
4895,2414,111,2,1472.3
4896,1545,76,4,4342.28
4897,2647,73,3,1446.75
4898,2379,32,2,630.62
4899,689,75,1,2122.07
4900,1666,101,2,682.8
4901,2059,24,4,15208.16
4902,2866,7,4,3781.56
4903,1531,72,1,242.66
4904,419,97,2,3917.74
4905,1146,89,4,6550.44
4906,911,1,1,2303.57
4907,1355,3,1,447.63
4908,1567,104,3,2992.02
4909,2396,28,2,1228.84
4910,412,43,2,1700.18
4911,1248,97,2,3917.74
4912,153,46,4,22462.92
4913,1236,1,1,2303.57
4914,92,38,3,5490.33
4915,331,117,2,2659.2
4916,1665,91,3,1768.23
4917,955,102,3,3350.82
4918,2602,35,1,450.78
4919,2978,74,2,2817.98
4920,1252,76,3,3256.71
4921,194,74,2,2817.98
4922,530,54,2,1219.2
4923,2893,98,2,4318.14
4924,1267,24,3,11406.12
4925,1474,28,1,614.42
4926,639,22,1,419.2
4927,1611,109,3,699.15
4928,1598,16,4,23529.6
4929,2526,13,2,9618.46
4930,2528,100,2,8174.96
4931,2336,100,1,4087.48
4932,698,62,3,3535.23
4933,2046,43,3,2550.27
4934,1702,87,4,3626.04
4935,2743,78,4,5020.52
4936,540,32,1,315.31
4937,330,67,4,3505.12
4938,470,91,4,2357.64
4939,2897,83,3,3168.21
4940,534,86,3,1435.08
4941,1963,57,4,3993.0
4942,467,65,1,3546.41
4943,2468,69,4,1845.12
4944,762,49,1,879.5
4945,1006,33,4,19036.04
4946,891,115,3,1336.44
4947,2356,19,3,2856.78
4948,1956,36,1,963.44
4949,2972,115,4,1781.92
4950,2382,70,4,2763.88
4951,954,15,1,1138.1
4952,1444,100,4,16349.92
4953,1673,120,2,1302.46
4954,2837,97,3,5876.61
4955,832,24,3,11406.12
4956,844,27,1,582.32
4957,2298,49,4,3518.0
4958,1320,75,1,2122.07
4959,184,113,2,9661.4
4960,1284,23,4,9528.56
4961,2847,33,2,9518.02
4962,1691,41,1,1400.28
4963,2234,110,3,1203.48
4964,1433,111,2,1472.3
4965,2886,56,4,4434.68
4966,1797,29,1,733.14
4967,627,31,1,887.17
4968,2907,65,1,3546.41
4969,2056,98,3,6477.21
4970,783,18,1,2129.73
4971,1508,82,1,1838.34
4972,1785,6,3,859.44
4973,775,52,1,3765.93
4974,1760,40,1,614.79
4975,1864,65,2,7092.82
4976,1007,111,1,736.15
4977,677,42,3,2956.47
4978,1831,94,2,1059.06
4979,211,68,1,1156.73
4980,1337,32,3,945.93
4981,1628,10,4,8631.68
4982,1361,107,1,2331.62
4983,490,69,4,1845.12
4984,1427,9,2,3576.06
4985,2687,69,3,1383.84
4986,191,61,2,12223.98
4987,2719,11,4,5198.68
4988,843,99,4,6081.44
4989,335,91,4,2357.64
4990,1643,68,3,3470.19
4991,1111,74,4,5635.96
4992,579,103,4,4727.12
4993,62,97,3,5876.61
4994,387,102,4,4467.76
4995,1170,8,1,728.97
4996,2201,49,4,3518.0
4997,619,24,3,11406.12
4998,1684,103,4,4727.12
4999,2746,33,3,14277.03
5000,1878,105,4,3544.04
5001,2226,107,1,2331.62
5002,2895,19,3,2856.78
5003,487,2,3,1326.75
5004,1278,55,3,4249.83
5005,2548,11,3,3899.01
5006,541,99,4,6081.44
5007,1536,17,4,20012.52
5008,2061,42,1,985.49
5009,151,61,1,6111.99
5010,1074,3,4,1790.52
5011,1239,86,2,956.72
5012,991,35,3,1352.34
5013,2692,85,4,3624.16
5014,372,89,1,1637.61
5015,1137,103,3,3545.34
5016,2300,66,1,3576.47
5017,2101,1,2,4607.14
5018,1154,7,3,2836.17
5019,193,20,2,1482.72
5020,2639,43,2,1700.18
5021,1081,119,2,2710.18
5022,2145,6,4,1145.92
5023,198,55,1,1416.61
5024,2195,100,3,12262.44
5025,1599,115,4,1781.92
5026,1601,21,1,2367.1
5027,2771,51,4,10435.0
5028,684,46,1,5615.73
5029,333,35,3,1352.34
5030,1244,100,3,12262.44
5031,1422,8,3,2186.91
5032,1366,114,3,3735.48
5033,1822,68,1,1156.73
5034,2560,107,4,9326.48
5035,2220,16,3,17647.2
5036,1492,67,3,2628.84
5037,1772,71,3,7256.76
5038,2011,64,2,818.36
5039,2612,2,3,1326.75
5040,2560,1,3,6910.71
5041,1213,58,1,476.65
5042,1144,1,2,4607.14
5043,105,102,1,1116.94
5044,2722,115,4,1781.92
5045,807,7,2,1890.78
5046,1065,88,1,1762.71
5047,889,69,1,461.28
5048,2924,85,4,3624.16
5049,2725,92,4,4403.2
5050,321,18,3,6389.19
5051,2383,88,3,5288.13
5052,2312,32,2,630.62
5053,2913,45,2,2045.7
5054,1501,33,4,19036.04
5055,2400,74,2,2817.98
5056,1569,73,3,1446.75
5057,1797,49,4,3518.0
5058,1520,33,1,4759.01
5059,1919,97,4,7835.48
5060,1866,71,2,4837.84
5061,1406,68,3,3470.19
5062,2724,28,3,1843.26
5063,1505,87,1,906.51
5064,2967,53,1,610.72
5065,1960,96,4,914.2
5066,5,44,3,2745.33
5067,2082,80,1,928.81
5068,1169,110,1,401.16
5069,2399,55,4,5666.44
5070,2631,10,4,8631.68
5071,2513,14,3,11613.48
5072,348,103,2,2363.56
5073,1766,36,2,1926.88
5074,125,34,3,1252.8
5075,1814,88,2,3525.42
5076,2405,18,3,6389.19
5077,2575,16,3,17647.2
5078,498,105,1,886.01
5079,1177,37,2,1736.42
5080,53,41,3,4200.84
5081,149,25,2,837.88
5082,503,8,2,1457.94
5083,870,88,4,7050.84
5084,219,84,2,1224.86
5085,1301,112,3,2472.21
5086,2500,94,1,529.53
5087,2131,84,2,1224.86
5088,738,18,3,6389.19
5089,2575,68,4,4626.92
5090,2452,48,2,2038.34
5091,290,100,1,4087.48
5092,2468,70,2,1381.94
5093,339,67,3,2628.84
5094,2825,18,2,4259.46
5095,2759,111,2,1472.3
5096,1694,104,4,3989.36
5097,1869,18,2,4259.46
5098,987,56,1,1108.67
5099,959,23,2,4764.28
5100,1231,35,4,1803.12
5101,2734,6,3,859.44
5102,1289,118,2,3708.96
5103,2007,26,2,1757.1
5104,373,85,4,3624.16
5105,1512,61,4,24447.96
5106,531,88,4,7050.84
5107,924,15,2,2276.2
5108,23,91,1,589.41
5109,2152,32,4,1261.24
5110,241,12,3,904.71
5111,1005,5,2,8156.94
5112,2951,64,3,1227.54
5113,1897,71,3,7256.76
5114,1166,86,1,478.36
5115,814,27,3,1746.96
5116,655,79,4,4210.84
5117,783,103,4,4727.12
5118,2355,45,2,2045.7
5119,8,35,1,450.78
5120,1715,26,1,878.55
5121,575,23,3,7146.42
5122,912,13,1,4809.23
5123,518,90,3,18655.26
5124,1542,3,3,1342.89
5125,483,29,1,733.14
5126,2255,66,2,7152.94
5127,2717,64,3,1227.54
5128,579,28,4,2457.68
5129,387,87,4,3626.04
5130,412,36,1,963.44
5131,1866,113,1,4830.7
5132,1394,6,3,859.44
5133,1377,11,3,3899.01
5134,1968,38,4,7320.44
5135,1360,118,3,5563.44
5136,2939,34,4,1670.4
5137,906,81,3,3428.82
5138,1313,67,2,1752.56
5139,963,108,2,4482.24
5140,965,46,4,22462.92
5141,2188,98,2,4318.14
5142,1977,86,2,956.72
5143,2348,29,1,733.14
5144,1037,60,3,7270.59
5145,664,54,1,609.6
5146,825,93,4,2004.52
5147,1888,69,1,461.28
5148,2448,74,4,5635.96
5149,992,74,2,2817.98
5150,1133,117,1,1329.6
5151,2197,9,2,3576.06
5152,1740,85,3,2718.12
5153,2355,77,2,2346.04
5154,1084,10,3,6473.76
5155,435,102,2,2233.88
5156,21,75,1,2122.07
5157,2923,68,1,1156.73
5158,2430,58,2,953.3
5159,2293,110,4,1604.64
5160,1926,95,4,8423.4
5161,1473,113,3,14492.1
5162,1100,52,3,11297.79
5163,2746,34,2,835.2
5164,2638,106,1,884.89
5165,390,35,3,1352.34
5166,2616,103,2,2363.56
5167,1355,103,3,3545.34
5168,2307,33,1,4759.01
5169,426,72,3,727.98
5170,1726,32,2,630.62
5171,1030,55,3,4249.83
5172,6,97,4,7835.48
5173,191,8,3,2186.91
5174,148,46,1,5615.73
5175,405,14,1,3871.16
5176,258,98,1,2159.07
5177,2778,8,1,728.97
5178,2138,115,2,890.96
5179,824,106,3,2654.67
5180,10,71,3,7256.76
5181,1111,77,3,3519.06
5182,838,54,3,1828.8
5183,988,21,2,4734.2
5184,625,111,1,736.15
5185,30,96,3,685.65
5186,2176,75,3,6366.21
5187,2469,14,1,3871.16
5188,1079,75,4,8488.28
5189,2353,2,4,1769.0
5190,546,98,1,2159.07
5191,1129,61,3,18335.97
5192,1196,108,1,2241.12
5193,1523,111,3,2208.45
5194,2070,17,3,15009.39
5195,2439,78,4,5020.52
5196,617,89,4,6550.44
5197,149,48,3,3057.51
5198,1812,91,3,1768.23
5199,2347,8,3,2186.91
5200,172,56,4,4434.68
5201,47,17,3,15009.39
5202,626,69,1,461.28
5203,1811,12,2,603.14
5204,2255,38,2,3660.22
5205,453,18,3,6389.19
5206,1419,26,1,878.55
5207,2973,95,3,6317.55
5208,754,37,1,868.21
5209,2756,70,4,2763.88
5210,1009,41,4,5601.12
5211,2724,79,3,3158.13
5212,2903,42,4,3941.96
5213,2831,113,3,14492.1
5214,1134,90,2,12436.84
5215,2732,115,1,445.48
5216,2912,76,1,1085.57
5217,1226,41,2,2800.56
5218,168,47,2,2699.12
5219,86,14,2,7742.32
5220,1678,1,2,4607.14
5221,1983,17,4,20012.52
5222,849,97,1,1958.87
5223,1487,55,1,1416.61
5224,442,93,2,1002.26
5225,271,53,3,1832.16
5226,1601,118,3,5563.44
5227,344,109,3,699.15
5228,1207,31,3,2661.51
5229,2551,62,4,4713.64
5230,2542,8,1,728.97
5231,1258,30,1,551.88
5232,2292,77,1,1173.02
5233,1533,80,3,2786.43
5234,267,66,2,7152.94
5235,1654,45,3,3068.55
5236,893,18,1,2129.73
5237,2249,99,3,4561.08
5238,239,45,2,2045.7
5239,915,19,2,1904.52
5240,1439,77,3,3519.06
5241,2532,115,1,445.48
5242,1461,68,4,4626.92
5243,2294,83,1,1056.07
5244,1882,50,4,4263.96
5245,2200,25,1,418.94
5246,1416,38,3,5490.33
5247,2259,115,4,1781.92
5248,367,95,1,2105.85
5249,2992,36,3,2890.32
5250,1594,68,1,1156.73
5251,86,56,2,2217.34
5252,1737,39,2,7745.1
5253,1658,63,1,1617.6
5254,2042,7,3,2836.17
5255,2494,119,1,1355.09
5256,620,58,3,1429.95
5257,2352,80,4,3715.24
5258,132,59,2,3863.6
5259,904,48,4,4076.68
5260,988,5,3,12235.41
5261,1222,111,1,736.15
5262,2095,87,2,1813.02
5263,1764,36,3,2890.32
5264,2805,96,3,685.65
5265,1227,88,2,3525.42
5266,1285,25,1,418.94
5267,690,45,2,2045.7
5268,1048,92,1,1100.8
5269,687,19,1,952.26
5270,786,7,3,2836.17
5271,340,108,1,2241.12
5272,412,58,1,476.65
5273,1997,105,2,1772.02
5274,286,81,2,2285.88
5275,1110,66,1,3576.47
5276,850,80,3,2786.43
5277,430,39,2,7745.1
5278,1605,18,4,8518.92
5279,31,103,3,3545.34
5280,603,1,2,4607.14
5281,440,63,2,3235.2
5282,985,3,4,1790.52
5283,1373,21,1,2367.1
5284,1919,30,2,1103.76
5285,412,11,4,5198.68
5286,528,22,4,1676.8
5287,310,111,2,1472.3
5288,2997,57,3,2994.75
5289,1812,89,2,3275.22
5290,1362,3,4,1790.52
5291,2722,30,2,1103.76
5292,2039,88,3,5288.13
5293,2485,45,1,1022.85
5294,704,36,1,963.44
5295,663,87,2,1813.02
5296,365,118,2,3708.96
5297,923,72,4,970.64
5298,2161,64,3,1227.54
5299,176,54,4,2438.4
5300,1173,68,4,4626.92
5301,1202,50,1,1065.99
5302,936,103,4,4727.12
5303,382,107,4,9326.48
5304,1283,31,1,887.17
5305,1213,29,1,733.14
5306,306,59,3,5795.4
5307,1402,36,3,2890.32
5308,602,77,3,3519.06
5309,2391,105,2,1772.02
5310,2204,73,1,482.25
5311,712,119,2,2710.18
5312,1466,85,2,1812.08
5313,403,115,3,1336.44
5314,614,67,1,876.28
5315,2845,89,2,3275.22
5316,2671,89,4,6550.44
5317,1802,76,4,4342.28
5318,2651,93,1,501.13
5319,177,11,2,2599.34
5320,449,116,3,5297.73
5321,743,11,2,2599.34
5322,1565,113,4,19322.8
5323,1979,26,4,3514.2
5324,2349,53,3,1832.16
5325,2755,14,1,3871.16
5326,307,64,2,818.36
5327,751,80,4,3715.24
5328,869,120,2,1302.46
5329,214,10,3,6473.76
5330,1618,31,3,2661.51
5331,1664,95,1,2105.85
5332,2531,36,3,2890.32
5333,1598,10,1,2157.92
5334,2181,26,2,1757.1
5335,1673,20,4,2965.44
5336,512,44,4,3660.44
5337,2259,62,1,1178.41
5338,987,73,4,1929.0
5339,2765,79,1,1052.71
5340,253,9,1,1788.03
5341,38,71,2,4837.84
5342,629,90,2,12436.84
5343,987,24,3,11406.12
5344,1726,12,1,301.57
5345,2094,60,2,4847.06
5346,1478,84,1,612.43
5347,1702,120,1,651.23
5348,305,78,1,1255.13
5349,1739,86,2,956.72
5350,2281,16,1,5882.4
5351,245,29,1,733.14
5352,1745,32,3,945.93
5353,2808,83,1,1056.07
5354,2887,119,3,4065.27
5355,2206,35,1,450.78
5356,1025,43,3,2550.27
5357,217,96,2,457.1
5358,2976,119,2,2710.18
5359,507,53,4,2442.88
5360,761,20,1,741.36
5361,2952,115,4,1781.92
5362,2629,104,4,3989.36
5363,1054,84,3,1837.29
5364,2675,8,2,1457.94
5365,2568,99,1,1520.36
5366,1905,42,1,985.49
5367,275,77,3,3519.06
5368,492,105,4,3544.04
5369,827,70,3,2072.91
5370,951,111,4,2944.6
5371,2974,16,1,5882.4
5372,2895,69,3,1383.84
5373,1179,53,4,2442.88
5374,1101,45,3,3068.55
5375,1637,51,2,5217.5
5376,1456,98,3,6477.21
5377,39,6,1,286.48
5378,2287,33,3,14277.03
5379,2170,79,1,1052.71
5380,144,15,1,1138.1
5381,2732,14,3,11613.48
5382,2503,39,3,11617.65
5383,2416,63,3,4852.8
5384,759,5,2,8156.94
5385,247,116,2,3531.82
5386,2971,90,4,24873.68
5387,765,112,3,2472.21
5388,2423,81,4,4571.76
5389,1315,107,4,9326.48
5390,207,111,1,736.15
5391,2019,52,4,15063.72
5392,2567,16,3,17647.2
5393,2290,99,2,3040.72
5394,2867,38,4,7320.44
5395,2350,53,4,2442.88
5396,1318,87,2,1813.02
5397,701,77,4,4692.08
5398,288,97,3,5876.61
5399,2202,93,4,2004.52
5400,1594,53,1,610.72
5401,2471,46,4,22462.92
5402,850,98,1,2159.07
5403,50,98,2,4318.14
5404,1231,91,2,1178.82
5405,2612,15,4,4552.4
5406,2902,59,4,7727.2
5407,2931,50,2,2131.98
5408,2710,9,1,1788.03
5409,2613,26,2,1757.1
5410,2261,3,2,895.26
5411,1909,100,1,4087.48
5412,2859,47,2,2699.12
5413,2898,5,4,16313.88
5414,1687,62,4,4713.64
5415,1741,84,2,1224.86
5416,1344,84,4,2449.72
5417,1791,5,3,12235.41
5418,2929,10,2,4315.84
5419,1961,80,3,2786.43
5420,1089,63,2,3235.2
5421,1156,25,2,837.88
5422,2382,44,3,2745.33
5423,32,25,2,837.88
5424,868,30,4,2207.52
5425,2946,14,3,11613.48
5426,1267,86,2,956.72
5427,1216,43,4,3400.36
5428,1166,28,3,1843.26
5429,1684,94,3,1588.59
5430,601,19,4,3809.04
5431,2026,102,2,2233.88
5432,1585,42,2,1970.98
5433,988,20,3,2224.08
5434,1215,99,1,1520.36
5435,1966,86,2,956.72
5436,2647,79,2,2105.42
5437,1440,11,4,5198.68
5438,520,54,1,609.6
5439,1759,98,1,2159.07
5440,869,24,3,11406.12
5441,2064,70,4,2763.88
5442,1832,17,4,20012.52
5443,1130,28,2,1228.84
5444,283,50,3,3197.97
5445,361,95,2,4211.7
5446,1059,100,1,4087.48
5447,2161,55,4,5666.44
5448,2356,73,3,1446.75
5449,1935,10,2,4315.84
5450,959,21,2,4734.2
5451,1077,58,1,476.65
5452,1105,34,4,1670.4
5453,1640,95,1,2105.85
5454,2882,93,2,1002.26
5455,1393,107,4,9326.48
5456,2290,43,4,3400.36
5457,31,11,1,1299.67
5458,704,33,4,19036.04
5459,869,58,1,476.65
5460,1385,46,4,22462.92
5461,233,61,4,24447.96
5462,1058,62,3,3535.23
5463,1267,1,4,9214.28
5464,951,21,2,4734.2
5465,59,62,3,3535.23
5466,2819,64,1,409.18
5467,2766,87,2,1813.02
5468,302,73,1,482.25
5469,2851,56,1,1108.67
5470,2945,1,2,4607.14
5471,2046,21,1,2367.1
5472,2160,22,3,1257.6
5473,1924,54,2,1219.2
5474,317,4,1,6238.54
5475,1889,65,1,3546.41
5476,1169,51,4,10435.0
5477,2716,74,4,5635.96
5478,690,63,1,1617.6
5479,1882,15,2,2276.2
5480,1954,116,3,5297.73
5481,18,36,1,963.44
5482,1179,29,1,733.14
5483,1530,52,1,3765.93
5484,778,46,4,22462.92
5485,360,69,2,922.56
5486,332,29,1,733.14
5487,1942,111,4,2944.6
5488,528,47,1,1349.56
5489,2060,91,1,589.41
5490,1099,25,2,837.88
5491,212,80,4,3715.24
5492,1715,16,3,17647.2
5493,2689,100,2,8174.96
5494,2331,89,3,4912.83
5495,2828,41,4,5601.12
5496,1054,65,4,14185.64
5497,1033,69,3,1383.84
5498,1333,105,4,3544.04
5499,1334,20,2,1482.72
5500,2725,69,1,461.28
5501,2753,36,3,2890.32
5502,2474,93,1,501.13
5503,1841,112,3,2472.21
5504,1796,98,1,2159.07
5505,1728,58,1,476.65
5506,591,48,2,2038.34
5507,1715,82,1,1838.34
5508,2139,2,3,1326.75
5509,456,80,1,928.81
5510,444,29,4,2932.56
5511,79,97,1,1958.87
5512,1499,16,1,5882.4
5513,927,35,4,1803.12
5514,2151,111,4,2944.6
5515,623,62,3,3535.23
5516,1480,107,4,9326.48
5517,234,106,4,3539.56
5518,1618,81,3,3428.82
5519,2692,4,3,18715.62
5520,2031,113,1,4830.7
5521,2838,68,2,2313.46
5522,387,51,3,7826.25
5523,2895,89,4,6550.44
5524,1635,33,1,4759.01
5525,38,78,4,5020.52
5526,1185,24,3,11406.12
5527,1486,75,2,4244.14
5528,1968,25,1,418.94
5529,1473,28,3,1843.26
5530,241,7,3,2836.17
5531,1050,113,4,19322.8
5532,1672,36,2,1926.88
5533,562,10,3,6473.76
5534,2000,113,4,19322.8
5535,806,36,1,963.44
5536,1930,95,4,8423.4
5537,2346,83,1,1056.07
5538,805,18,4,8518.92
5539,2202,113,2,9661.4
5540,2780,6,4,1145.92
5541,1676,92,2,2201.6
5542,2516,7,2,1890.78
5543,2097,102,1,1116.94
5544,1678,12,4,1206.28
5545,46,41,4,5601.12
5546,2828,114,4,4980.64
5547,1652,63,2,3235.2
5548,82,98,3,6477.21
5549,2321,25,4,1675.76
5550,2442,81,4,4571.76
5551,1810,53,3,1832.16
5552,790,33,1,4759.01
5553,595,87,4,3626.04
5554,2106,73,3,1446.75
5555,2613,6,4,1145.92
5556,1,62,2,2356.82
5557,2264,66,3,10729.41
5558,1497,102,2,2233.88
5559,766,9,3,5364.09
5560,671,67,1,876.28
5561,2559,16,2,11764.8
5562,1602,89,4,6550.44
5563,915,88,3,5288.13
5564,1845,111,4,2944.6
5565,1996,93,1,501.13
5566,95,108,3,6723.36
5567,493,55,1,1416.61
5568,2813,40,3,1844.37
5569,150,26,2,1757.1
5570,1047,38,4,7320.44
5571,2804,35,2,901.56
5572,1239,87,2,1813.02
5573,399,68,2,2313.46
5574,2458,59,2,3863.6
5575,2179,106,3,2654.67
5576,855,14,4,15484.64
5577,2196,117,3,3988.8
5578,381,120,3,1953.69
5579,552,47,3,4048.68
5580,295,103,2,2363.56
5581,1144,71,1,2418.92
5582,456,72,2,485.32
5583,1554,42,3,2956.47
5584,169,51,2,5217.5
5585,710,19,4,3809.04
5586,1947,66,4,14305.88
5587,2020,47,2,2699.12
5588,2085,65,2,7092.82
5589,1722,42,1,985.49
5590,1285,38,2,3660.22
5591,2279,118,2,3708.96
5592,254,13,1,4809.23
5593,2377,106,2,1769.78
5594,1321,44,2,1830.22
5595,2058,24,2,7604.08
5596,2494,96,2,457.1
5597,2970,30,2,1103.76
5598,2884,70,3,2072.91
5599,2126,38,2,3660.22
5600,2241,97,1,1958.87
5601,401,108,2,4482.24
5602,2157,119,3,4065.27
5603,2840,23,1,2382.14
5604,1947,74,1,1408.99
5605,2311,57,2,1996.5
5606,2377,110,4,1604.64
5607,363,79,3,3158.13
5608,2307,23,4,9528.56
5609,1359,120,2,1302.46
5610,85,36,3,2890.32
5611,1546,57,4,3993.0
5612,1825,1,3,6910.71
5613,308,72,2,485.32
5614,262,3,3,1342.89
5615,1922,14,2,7742.32
5616,2845,81,4,4571.76
5617,631,34,3,1252.8
5618,680,111,1,736.15
5619,865,70,2,1381.94
5620,2372,69,3,1383.84
5621,2973,110,1,401.16
5622,1726,51,1,2608.75
5623,1852,105,1,886.01
5624,727,104,1,997.34
5625,1261,29,2,1466.28
5626,1649,99,3,4561.08
5627,217,82,1,1838.34
5628,1270,104,3,2992.02
5629,448,48,3,3057.51
5630,319,94,4,2118.12
5631,1910,79,3,3158.13
5632,2085,117,2,2659.2
5633,2779,79,2,2105.42
5634,1058,16,1,5882.4
5635,39,57,3,2994.75
5636,1603,97,2,3917.74
5637,2257,10,2,4315.84
5638,830,19,2,1904.52
5639,856,101,1,341.4
5640,2947,114,2,2490.32
5641,2649,67,3,2628.84
5642,2808,36,2,1926.88
5643,1859,4,2,12477.08
5644,1103,75,1,2122.07
5645,1501,105,3,2658.03
5646,2482,33,2,9518.02
5647,1821,28,3,1843.26
5648,842,96,3,685.65
5649,2080,80,2,1857.62
5650,2441,9,1,1788.03
5651,1256,75,3,6366.21
5652,2958,6,4,1145.92
5653,2240,49,2,1759.0
5654,1940,91,3,1768.23
5655,270,76,3,3256.71
5656,2786,22,3,1257.6
5657,2125,104,2,1994.68
5658,735,48,4,4076.68
5659,884,101,3,1024.2
5660,2332,21,3,7101.3
5661,1113,33,1,4759.01
5662,2592,81,2,2285.88
5663,649,56,2,2217.34
5664,1180,29,3,2199.42
5665,2298,53,1,610.72
5666,2143,40,3,1844.37
5667,17,74,3,4226.97
5668,117,18,2,4259.46
5669,983,47,1,1349.56
5670,2381,116,3,5297.73
5671,1847,13,2,9618.46
5672,1546,27,3,1746.96
5673,2694,62,3,3535.23
5674,2164,74,1,1408.99
5675,963,96,1,228.55
5676,1277,105,1,886.01
5677,847,45,3,3068.55
5678,2364,3,4,1790.52
5679,2858,22,1,419.2
5680,372,27,4,2329.28
5681,2808,55,4,5666.44
5682,2925,67,4,3505.12
5683,1607,33,2,9518.02
5684,156,2,3,1326.75
5685,2662,75,1,2122.07
5686,2556,46,3,16847.19
5687,465,74,3,4226.97
5688,783,103,2,2363.56
5689,804,119,2,2710.18
5690,220,33,2,9518.02
5691,2063,58,3,1429.95
5692,1774,7,4,3781.56
5693,117,15,3,3414.3
5694,2379,26,2,1757.1
5695,2104,11,3,3899.01
5696,1375,38,2,3660.22
5697,2019,27,2,1164.64
5698,308,118,1,1854.48
5699,222,103,4,4727.12
5700,1197,7,2,1890.78
5701,797,1,1,2303.57
5702,1530,74,4,5635.96
5703,151,21,2,4734.2
5704,1721,79,4,4210.84
5705,1557,30,4,2207.52
5706,112,94,3,1588.59
5707,683,8,1,728.97
5708,1162,88,4,7050.84
5709,2380,83,3,3168.21
5710,1566,3,4,1790.52
5711,893,55,3,4249.83
5712,1331,15,2,2276.2
5713,161,36,2,1926.88
5714,1426,6,3,859.44
5715,278,42,2,1970.98
5716,1557,50,2,2131.98
5717,2945,112,2,1648.14
5718,497,18,4,8518.92
5719,1396,102,3,3350.82
5720,1916,83,1,1056.07
5721,655,113,1,4830.7
5722,303,50,3,3197.97
5723,438,30,4,2207.52
5724,2774,77,2,2346.04
5725,186,39,2,7745.1
5726,1590,116,4,7063.64
5727,673,12,1,301.57
5728,1274,98,3,6477.21
5729,1001,59,3,5795.4
5730,2327,76,4,4342.28
5731,683,44,2,1830.22
5732,1719,88,2,3525.42
5733,925,4,2,12477.08
5734,2428,36,3,2890.32
5735,2883,114,1,1245.16
5736,999,48,3,3057.51
5737,285,14,4,15484.64
5738,421,81,3,3428.82
5739,2161,49,4,3518.0
5740,2276,67,3,2628.84
5741,1495,102,1,1116.94
5742,528,87,4,3626.04
5743,2544,77,2,2346.04
5744,31,9,2,3576.06
5745,162,21,3,7101.3
5746,1842,105,3,2658.03
5747,705,72,1,242.66
5748,722,81,1,1142.94
5749,1402,16,2,11764.8
5750,446,16,3,17647.2
5751,2792,28,4,2457.68
5752,427,51,1,2608.75
5753,2552,56,4,4434.68
5754,1551,80,4,3715.24
5755,1968,57,1,998.25
5756,721,110,3,1203.48
5757,2732,52,4,15063.72
5758,1802,46,3,16847.19
5759,2630,78,4,5020.52
5760,1965,110,3,1203.48
5761,1058,108,3,6723.36
5762,2045,38,3,5490.33
5763,736,84,3,1837.29
5764,2739,109,1,233.05
5765,758,48,4,4076.68
5766,1796,41,3,4200.84
5767,1644,98,2,4318.14
5768,754,118,4,7417.92
5769,24,59,4,7727.2
5770,1240,93,3,1503.39
5771,55,67,4,3505.12
5772,1305,74,2,2817.98
5773,2852,84,2,1224.86
5774,2375,66,2,7152.94
5775,970,27,4,2329.28
5776,2234,32,4,1261.24
5777,2543,56,3,3326.01
5778,434,10,4,8631.68
5779,208,40,4,2459.16
5780,133,17,3,15009.39
5781,1363,58,2,953.3
5782,1220,118,3,5563.44
5783,1286,97,1,1958.87
5784,1306,6,4,1145.92
5785,369,39,4,15490.2
5786,1207,111,1,736.15
5787,2471,18,1,2129.73
5788,2292,73,1,482.25
5789,782,72,3,727.98
5790,2672,89,2,3275.22
5791,567,95,3,6317.55
5792,527,42,1,985.49
5793,37,4,3,18715.62
5794,178,20,4,2965.44
5795,639,28,3,1843.26
5796,2900,40,1,614.79
5797,72,65,4,14185.64
5798,2400,104,2,1994.68
5799,2671,119,3,4065.27
5800,1173,44,3,2745.33
5801,1721,23,1,2382.14
5802,105,57,2,1996.5
5803,1683,47,4,5398.24
5804,221,13,1,4809.23
5805,1850,16,1,5882.4
5806,863,90,3,18655.26
5807,2566,55,2,2833.22
5808,299,95,1,2105.85
5809,2909,114,3,3735.48
5810,42,65,4,14185.64
5811,771,81,1,1142.94
5812,2945,16,4,23529.6
5813,2540,119,4,5420.36
5814,1463,37,3,2604.63
5815,2133,52,2,7531.86
5816,1710,117,4,5318.4
5817,991,10,1,2157.92
5818,711,38,2,3660.22
5819,209,44,2,1830.22
5820,1272,95,3,6317.55
5821,1235,74,1,1408.99
5822,39,54,1,609.6
5823,1276,113,3,14492.1
5824,2974,98,3,6477.21
5825,1827,51,2,5217.5
5826,762,52,4,15063.72
5827,1437,70,4,2763.88
5828,2994,92,4,4403.2
5829,1470,92,4,4403.2
5830,2100,59,1,1931.8
5831,374,13,1,4809.23
5832,931,41,3,4200.84
5833,156,12,3,904.71
5834,1566,50,4,4263.96
5835,1114,104,3,2992.02
5836,2727,57,1,998.25
5837,2399,50,4,4263.96
5838,2117,119,4,5420.36
5839,1266,57,1,998.25
5840,654,54,2,1219.2
5841,63,66,4,14305.88
5842,509,8,3,2186.91
5843,2340,106,2,1769.78
5844,1688,63,1,1617.6
5845,1448,9,2,3576.06
5846,1693,60,2,4847.06
5847,2869,120,4,2604.92
5848,1389,114,2,2490.32
5849,2198,63,3,4852.8
5850,1295,72,4,970.64
5851,2929,115,1,445.48
5852,1605,3,3,1342.89
5853,1140,73,4,1929.0
5854,704,13,2,9618.46
5855,516,9,3,5364.09
5856,1938,95,4,8423.4
5857,1834,89,4,6550.44
5858,1265,52,1,3765.93
5859,30,108,4,8964.48
5860,326,62,1,1178.41
5861,2997,119,2,2710.18
5862,16,109,4,932.2
5863,111,8,4,2915.88
5864,2920,111,2,1472.3
5865,2761,95,4,8423.4
5866,107,45,4,4091.4
5867,2427,53,3,1832.16
5868,2210,109,1,233.05
5869,283,63,4,6470.4
5870,269,95,4,8423.4
5871,2532,81,1,1142.94
5872,2715,111,3,2208.45
5873,1221,57,1,998.25
5874,1267,54,4,2438.4
5875,598,19,2,1904.52
5876,799,67,2,1752.56
5877,1283,46,3,16847.19
5878,2846,94,3,1588.59
5879,1173,10,4,8631.68
5880,1891,113,3,14492.1
5881,2438,93,4,2004.52
5882,2012,104,2,1994.68
5883,2464,18,3,6389.19
5884,426,12,4,1206.28
5885,1726,49,1,879.5
5886,2915,23,3,7146.42
5887,2134,62,4,4713.64
5888,1240,11,4,5198.68
5889,2471,73,1,482.25
5890,118,118,2,3708.96
5891,2930,56,1,1108.67
5892,2463,88,4,7050.84
5893,599,89,1,1637.61
5894,2088,55,1,1416.61
5895,1185,25,4,1675.76
5896,2751,111,2,1472.3
5897,2585,9,1,1788.03
5898,2468,12,1,301.57
5899,664,11,3,3899.01
5900,2143,113,3,14492.1
5901,1582,38,4,7320.44
5902,650,28,4,2457.68
5903,1490,8,4,2915.88
5904,288,74,3,4226.97
5905,1700,89,4,6550.44
5906,412,47,1,1349.56
5907,2448,36,1,963.44
5908,2576,50,2,2131.98
5909,1042,107,4,9326.48
5910,136,9,1,1788.03
5911,2026,105,1,886.01
5912,759,60,2,4847.06
5913,1272,72,1,242.66
5914,2891,67,2,1752.56
5915,2758,53,2,1221.44
5916,1025,82,3,5515.02
5917,381,110,1,401.16
5918,2557,99,3,4561.08
5919,1529,17,1,5003.13
5920,806,100,3,12262.44
5921,476,53,2,1221.44
5922,954,28,2,1228.84
5923,849,114,2,2490.32
5924,897,63,2,3235.2
5925,32,15,1,1138.1
5926,1928,19,4,3809.04
5927,2166,86,1,478.36
5928,191,70,3,2072.91
5929,1771,47,1,1349.56
5930,1774,71,1,2418.92
5931,2122,108,3,6723.36
5932,623,48,2,2038.34
5933,1127,73,3,1446.75
5934,2919,20,3,2224.08
5935,586,37,4,3472.84
5936,2468,75,4,8488.28
5937,473,2,2,884.5
5938,1788,64,3,1227.54
5939,114,86,3,1435.08
5940,1403,112,3,2472.21
5941,1337,36,1,963.44
5942,2378,5,4,16313.88
5943,339,64,4,1636.72
5944,2286,7,2,1890.78
5945,1197,70,4,2763.88
5946,79,120,4,2604.92
5947,464,22,2,838.4
5948,1922,74,3,4226.97
5949,2653,46,1,5615.73
5950,1988,40,2,1229.58
5951,562,61,4,24447.96
5952,285,110,2,802.32
5953,223,46,4,22462.92
5954,2641,84,3,1837.29
5955,1290,28,3,1843.26
5956,1691,87,3,2719.53
5957,2421,35,4,1803.12
5958,1257,1,2,4607.14
5959,2959,29,4,2932.56
5960,828,9,3,5364.09
5961,2284,9,3,5364.09
5962,2719,22,3,1257.6
5963,828,63,4,6470.4
5964,2811,66,1,3576.47
5965,1961,80,3,2786.43
5966,1966,104,2,1994.68
5967,2428,58,3,1429.95
5968,2842,70,4,2763.88
5969,614,55,2,2833.22
5970,563,13,4,19236.92
5971,2468,97,1,1958.87
5972,2100,19,1,952.26
5973,1745,79,4,4210.84
5974,2867,33,3,14277.03
5975,1806,74,2,2817.98
5976,1969,65,3,10639.23
5977,2253,60,4,9694.12
5978,731,12,4,1206.28
5979,257,43,3,2550.27
5980,185,93,2,1002.26
5981,2193,17,2,10006.26
5982,2032,68,2,2313.46
5983,1714,29,2,1466.28
5984,246,55,2,2833.22
5985,2235,7,1,945.39
5986,866,44,1,915.11
5987,2088,77,4,4692.08
5988,601,5,1,4078.47
5989,962,60,2,4847.06
5990,1442,6,2,572.96
5991,2057,98,2,4318.14
5992,2398,117,4,5318.4
5993,2132,7,4,3781.56
5994,533,46,3,16847.19
5995,989,57,1,998.25
5996,2043,54,1,609.6
5997,358,92,3,3302.4
5998,378,46,3,16847.19
5999,2220,10,1,2157.92
6000,1049,4,2,12477.08
6001,393,67,1,876.28
6002,1127,25,2,837.88
6003,702,87,4,3626.04
6004,1434,91,1,589.41
6005,2597,78,1,1255.13
6006,784,61,4,24447.96
6007,1829,38,4,7320.44
6008,2380,32,4,1261.24
6009,2842,23,4,9528.56
6010,2697,111,4,2944.6
6011,983,104,3,2992.02
6012,2591,37,3,2604.63
6013,1043,3,4,1790.52
6014,1172,99,4,6081.44
6015,2539,13,4,19236.92
6016,2331,34,4,1670.4
6017,862,88,2,3525.42
6018,1877,65,2,7092.82
6019,1836,76,4,4342.28
6020,1699,8,4,2915.88
6021,113,83,1,1056.07
6022,1686,9,4,7152.12
6023,1623,28,4,2457.68
6024,1423,78,3,3765.39
6025,862,91,2,1178.82
6026,2658,18,4,8518.92
6027,1933,42,2,1970.98
6028,508,41,2,2800.56
6029,1668,70,1,690.97
6030,466,33,2,9518.02
6031,2872,101,2,682.8
6032,2657,106,4,3539.56
6033,1122,89,3,4912.83
6034,290,77,4,4692.08
6035,2916,54,4,2438.4
6036,1763,87,3,2719.53
6037,2830,36,3,2890.32
6038,2210,97,1,1958.87
6039,2672,85,3,2718.12
6040,1867,98,4,8636.28
6041,717,56,3,3326.01
6042,1401,100,3,12262.44
6043,567,17,3,15009.39
6044,1474,10,2,4315.84
6045,994,87,1,906.51
6046,1141,44,2,1830.22
6047,1988,2,2,884.5
6048,2644,99,1,1520.36
6049,1994,14,2,7742.32
6050,1810,111,3,2208.45
6051,1205,109,1,233.05
6052,959,41,2,2800.56
6053,1717,2,4,1769.0
6054,1013,19,2,1904.52
6055,1819,80,4,3715.24
6056,1311,107,3,6994.86
6057,475,108,4,8964.48
6058,618,89,2,3275.22
6059,641,1,2,4607.14
6060,2310,2,2,884.5
6061,162,112,1,824.07
6062,2004,27,1,582.32
6063,1983,2,2,884.5
6064,2229,94,2,1059.06
6065,725,51,3,7826.25
6066,469,10,1,2157.92
6067,1810,19,1,952.26
6068,21,106,1,884.89
6069,260,80,4,3715.24
6070,2514,13,2,9618.46
6071,1140,48,3,3057.51
6072,1437,114,3,3735.48
6073,537,56,2,2217.34
6074,952,72,2,485.32
6075,2814,56,3,3326.01
6076,1980,50,4,4263.96
6077,1841,95,3,6317.55
6078,1857,45,4,4091.4
6079,2982,89,4,6550.44
6080,851,59,1,1931.8
6081,1972,39,2,7745.1
6082,1281,21,1,2367.1
6083,1192,55,4,5666.44
6084,533,120,3,1953.69
6085,2063,57,1,998.25
6086,2098,114,3,3735.48
6087,304,102,4,4467.76
6088,416,41,3,4200.84
6089,305,93,1,501.13
6090,2244,70,4,2763.88
6091,813,82,2,3676.68
6092,2848,49,1,879.5
6093,2436,44,1,915.11
6094,2805,35,2,901.56
6095,1985,91,4,2357.64
6096,2503,5,2,8156.94
6097,713,71,1,2418.92
6098,2753,74,4,5635.96
6099,2896,74,3,4226.97
6100,1682,51,1,2608.75
6101,1334,57,3,2994.75
6102,175,58,2,953.3
6103,1090,92,4,4403.2
6104,1417,36,2,1926.88
6105,1988,10,3,6473.76
6106,2327,50,1,1065.99
6107,758,99,4,6081.44
6108,2411,117,2,2659.2
6109,1773,99,3,4561.08
6110,171,37,3,2604.63
6111,1075,112,1,824.07
6112,1352,20,3,2224.08
6113,665,13,4,19236.92
6114,592,75,3,6366.21
6115,2979,109,1,233.05
6116,1169,19,2,1904.52
6117,2322,92,4,4403.2
6118,2556,102,2,2233.88
6119,2411,56,2,2217.34
6120,1349,45,3,3068.55
6121,848,60,3,7270.59
6122,2703,68,1,1156.73
6123,2346,57,3,2994.75
6124,494,54,3,1828.8
6125,546,37,2,1736.42
6126,2352,83,4,4224.28
6127,1491,37,3,2604.63
6128,904,117,4,5318.4
6129,2287,14,3,11613.48
6130,2698,95,3,6317.55
6131,1541,92,1,1100.8
6132,884,100,3,12262.44
6133,2458,44,1,915.11
6134,2774,102,2,2233.88
6135,2366,83,4,4224.28
6136,2573,42,3,2956.47
6137,905,1,1,2303.57
6138,620,23,2,4764.28
6139,953,119,3,4065.27
6140,2849,64,1,409.18
6141,2964,28,1,614.42
6142,320,112,2,1648.14
6143,876,4,3,18715.62
6144,2377,41,3,4200.84
6145,1901,60,4,9694.12
6146,753,18,3,6389.19
6147,2705,63,1,1617.6
6148,1380,61,4,24447.96
6149,1038,49,4,3518.0
6150,71,47,3,4048.68
6151,2875,115,4,1781.92
6152,2913,39,1,3872.55
6153,1836,89,1,1637.61
6154,2976,82,2,3676.68
6155,1547,6,1,286.48
6156,106,83,2,2112.14
6157,770,53,4,2442.88
6158,2010,76,2,2171.14
6159,2941,25,3,1256.82
6160,2244,99,2,3040.72
6161,2193,65,3,10639.23
6162,1374,5,4,16313.88
6163,2519,65,2,7092.82
6164,1710,8,1,728.97
6165,216,39,3,11617.65
6166,1117,111,4,2944.6
6167,260,43,1,850.09
6168,934,82,3,5515.02
6169,575,110,4,1604.64
6170,1565,73,4,1929.0
6171,1811,5,1,4078.47
6172,285,119,4,5420.36
6173,2532,4,2,12477.08
6174,1955,108,4,8964.48
6175,2420,93,3,1503.39
6176,70,1,3,6910.71
6177,379,94,3,1588.59
6178,1303,56,2,2217.34
6179,2350,45,1,1022.85
6180,255,65,2,7092.82
6181,1708,3,2,895.26
6182,2992,22,2,838.4
6183,692,72,4,970.64
6184,1288,56,1,1108.67
6185,834,18,4,8518.92
6186,2765,25,2,837.88
6187,2472,48,3,3057.51
6188,2261,116,2,3531.82
6189,2036,84,1,612.43
6190,1968,31,3,2661.51
6191,100,30,1,551.88
6192,1853,80,2,1857.62
6193,2356,66,1,3576.47
6194,2726,81,4,4571.76
6195,2523,10,3,6473.76
6196,1572,71,1,2418.92
6197,112,59,3,5795.4
6198,183,106,3,2654.67
6199,2645,51,2,5217.5
6200,165,116,2,3531.82
6201,2863,9,3,5364.09
6202,2138,54,1,609.6
6203,2024,62,3,3535.23
6204,455,81,2,2285.88
6205,2286,9,1,1788.03
6206,2023,9,3,5364.09
6207,2582,101,2,682.8
6208,727,24,3,11406.12
6209,2106,39,3,11617.65
6210,542,75,3,6366.21
6211,1938,8,1,728.97
6212,1022,25,2,837.88
6213,2666,110,2,802.32
6214,2450,66,4,14305.88
6215,842,10,3,6473.76
6216,1703,117,3,3988.8
6217,1690,24,4,15208.16
6218,2887,112,3,2472.21
6219,519,80,1,928.81
6220,197,83,4,4224.28
6221,2094,59,2,3863.6
6222,2578,31,3,2661.51
6223,1421,11,2,2599.34
6224,1689,6,3,859.44
6225,1000,70,4,2763.88
6226,2824,32,2,630.62
6227,2122,39,3,11617.65
6228,1638,48,1,1019.17
6229,2383,13,4,19236.92
6230,1871,59,3,5795.4
6231,633,67,3,2628.84
6232,2736,56,3,3326.01
6233,575,120,4,2604.92
6234,2344,41,3,4200.84
6235,1108,56,3,3326.01
6236,1039,35,2,901.56
6237,1891,38,2,3660.22
6238,478,81,4,4571.76
6239,2681,67,4,3505.12
6240,2367,34,1,417.6
6241,2527,76,3,3256.71
6242,2416,88,2,3525.42
6243,367,70,2,1381.94
6244,1837,106,3,2654.67
6245,2426,11,3,3899.01
6246,1716,112,4,3296.28
6247,2511,27,1,582.32
6248,1618,48,1,1019.17
6249,13,24,4,15208.16
6250,536,18,4,8518.92
6251,2318,27,2,1164.64
6252,376,54,4,2438.4
6253,1725,55,1,1416.61
6254,257,120,2,1302.46
6255,2265,105,1,886.01
6256,450,21,3,7101.3
6257,894,59,1,1931.8
6258,1185,115,2,890.96
6259,2080,34,1,417.6
6260,1848,120,2,1302.46
6261,1284,97,2,3917.74
6262,1309,58,4,1906.6
6263,610,48,1,1019.17
6264,917,54,4,2438.4
6265,2590,18,4,8518.92
6266,1626,3,1,447.63
6267,148,24,2,7604.08
6268,656,1,3,6910.71
6269,2115,6,1,286.48
6270,2618,19,4,3809.04
6271,1817,86,4,1913.44
6272,1303,115,2,890.96
6273,2796,43,4,3400.36
6274,443,8,3,2186.91
6275,2945,69,4,1845.12
6276,399,52,2,7531.86
6277,1152,73,1,482.25
6278,2530,47,2,2699.12
6279,2996,85,4,3624.16
6280,2234,28,2,1228.84
6281,2217,46,4,22462.92
6282,1708,4,2,12477.08
6283,1988,120,1,651.23
6284,1671,88,4,7050.84
6285,1582,8,3,2186.91
6286,507,116,3,5297.73
6287,2569,61,3,18335.97
6288,161,17,3,15009.39
6289,340,34,4,1670.4
6290,1826,20,4,2965.44
6291,1499,80,1,928.81
6292,1624,74,2,2817.98
6293,1487,34,4,1670.4
6294,1507,43,3,2550.27
6295,2752,10,4,8631.68
6296,1177,94,3,1588.59
6297,823,30,1,551.88
6298,785,115,2,890.96
6299,131,25,4,1675.76
6300,1476,57,2,1996.5
6301,2564,110,3,1203.48
6302,1500,63,3,4852.8
6303,2584,107,2,4663.24
6304,2789,105,1,886.01
6305,781,71,2,4837.84
6306,1708,47,2,2699.12
6307,1770,84,4,2449.72
6308,1319,81,4,4571.76
6309,1939,3,3,1342.89
6310,1459,111,4,2944.6
6311,2636,46,1,5615.73
6312,2774,104,1,997.34
6313,2991,36,1,963.44
6314,376,26,3,2635.65
6315,2252,10,1,2157.92
6316,661,34,1,417.6
6317,2123,78,4,5020.52
6318,1404,8,3,2186.91
6319,741,55,2,2833.22
6320,304,91,1,589.41
6321,1086,10,4,8631.68
6322,2618,57,2,1996.5
6323,786,114,1,1245.16
6324,1211,79,2,2105.42
6325,229,101,2,682.8
6326,1855,86,3,1435.08
6327,268,45,3,3068.55
6328,2775,50,1,1065.99
6329,2850,64,1,409.18
6330,254,95,3,6317.55
6331,870,2,1,442.25
6332,2135,45,1,1022.85
6333,1205,95,3,6317.55
6334,1049,62,2,2356.82
6335,2270,14,1,3871.16
6336,990,74,4,5635.96
6337,397,94,3,1588.59
6338,938,100,1,4087.48
6339,2559,111,1,736.15
6340,2609,104,3,2992.02
6341,2894,15,4,4552.4
6342,440,14,4,15484.64
6343,1928,31,3,2661.51
6344,2359,29,4,2932.56
6345,2008,27,1,582.32
6346,35,85,4,3624.16
6347,2265,9,1,1788.03
6348,721,20,2,1482.72
6349,519,99,4,6081.44
6350,269,58,2,953.3
6351,638,79,3,3158.13
6352,2523,88,4,7050.84
6353,1349,49,1,879.5
6354,1380,57,4,3993.0
6355,90,16,3,17647.2
6356,1066,100,3,12262.44
6357,1389,75,1,2122.07
6358,1695,8,4,2915.88
6359,1390,67,2,1752.56
6360,2336,19,3,2856.78
6361,481,110,3,1203.48
6362,2685,105,1,886.01
6363,501,67,4,3505.12
6364,1662,36,2,1926.88
6365,2100,89,4,6550.44
6366,103,60,4,9694.12
6367,1448,36,2,1926.88
6368,2747,11,1,1299.67
6369,1964,51,3,7826.25
6370,1640,80,1,928.81
6371,2518,55,1,1416.61
6372,1328,54,4,2438.4
6373,2475,17,2,10006.26
6374,1680,62,3,3535.23
6375,2158,42,4,3941.96
6376,1589,24,3,11406.12
6377,2563,17,4,20012.52
6378,68,48,2,2038.34
6379,2437,84,3,1837.29
6380,1674,86,3,1435.08
6381,308,70,1,690.97
6382,1376,7,4,3781.56
6383,1823,14,4,15484.64
6384,1090,11,4,5198.68
6385,460,12,1,301.57
6386,2395,110,1,401.16
6387,2373,5,3,12235.41
6388,667,5,4,16313.88
6389,1623,20,4,2965.44
6390,1057,54,3,1828.8
6391,68,55,3,4249.83
6392,2235,58,3,1429.95
6393,2240,79,2,2105.42
6394,1237,90,2,12436.84
6395,1624,97,3,5876.61
6396,2476,30,1,551.88
6397,1375,24,1,3802.04
6398,2264,87,4,3626.04
6399,177,73,2,964.5
6400,1589,3,2,895.26
6401,1354,100,3,12262.44
6402,2609,48,3,3057.51
6403,2929,71,3,7256.76
6404,626,22,3,1257.6
6405,2655,14,3,11613.48
6406,179,48,1,1019.17
6407,395,29,1,733.14
6408,1169,50,3,3197.97
6409,876,80,1,928.81
6410,962,112,3,2472.21
6411,198,98,3,6477.21
6412,969,10,2,4315.84
6413,669,71,1,2418.92
6414,2505,89,1,1637.61
6415,1277,27,2,1164.64
6416,1911,79,1,1052.71
6417,72,96,2,457.1
6418,223,28,4,2457.68
6419,2324,9,1,1788.03
6420,1270,71,3,7256.76
6421,1365,120,2,1302.46
6422,2621,80,3,2786.43
6423,924,26,3,2635.65
6424,471,99,1,1520.36
6425,2502,81,2,2285.88
6426,2055,87,4,3626.04
6427,188,8,3,2186.91
6428,2052,2,3,1326.75
6429,1669,95,4,8423.4
6430,2955,57,2,1996.5
6431,1149,52,1,3765.93
6432,960,58,3,1429.95
6433,2573,96,1,228.55
6434,630,93,2,1002.26
6435,775,3,4,1790.52
6436,360,8,1,728.97
6437,518,59,2,3863.6
6438,1344,2,1,442.25
6439,1970,95,1,2105.85
6440,921,62,3,3535.23
6441,2900,115,1,445.48
6442,935,49,3,2638.5
6443,1987,101,2,682.8
6444,901,20,2,1482.72
6445,1729,29,3,2199.42
6446,2447,17,4,20012.52
6447,1370,74,1,1408.99
6448,1219,105,2,1772.02
6449,2216,22,2,838.4
6450,377,6,4,1145.92
6451,1775,62,2,2356.82
6452,1506,107,3,6994.86
6453,1268,98,4,8636.28
6454,2655,31,2,1774.34
6455,1011,62,4,4713.64
6456,2637,119,4,5420.36
6457,1195,12,2,603.14
6458,1231,12,2,603.14
6459,1178,63,2,3235.2
6460,2096,16,4,23529.6
6461,1673,25,3,1256.82
6462,1929,22,3,1257.6
6463,173,91,1,589.41
6464,2554,88,2,3525.42
6465,2446,76,3,3256.71
6466,294,117,1,1329.6
6467,552,18,1,2129.73
6468,1471,45,2,2045.7
6469,2898,111,1,736.15
6470,1040,80,3,2786.43
6471,1663,68,1,1156.73
6472,885,12,1,301.57
6473,1373,49,3,2638.5
6474,1227,33,1,4759.01
6475,134,86,1,478.36
6476,771,63,4,6470.4
6477,2556,18,1,2129.73
6478,1090,54,1,609.6
6479,480,112,4,3296.28
6480,863,97,4,7835.48
6481,459,27,4,2329.28
6482,626,106,2,1769.78
6483,159,83,2,2112.14
6484,2209,112,3,2472.21
6485,1278,78,1,1255.13
6486,2008,25,3,1256.82
6487,1921,34,2,835.2
6488,940,88,1,1762.71
6489,1573,102,1,1116.94
6490,2203,60,4,9694.12
6491,2534,54,2,1219.2
6492,432,87,1,906.51
6493,1051,5,4,16313.88
6494,1004,108,1,2241.12
6495,2115,36,2,1926.88
6496,2590,54,3,1828.8
6497,2144,88,3,5288.13
6498,215,36,1,963.44
6499,2242,69,4,1845.12
6500,1671,39,4,15490.2
6501,1314,70,4,2763.88
6502,885,109,2,466.1
6503,2087,100,3,12262.44
6504,1888,109,3,699.15
6505,939,4,1,6238.54
6506,939,74,3,4226.97
6507,206,116,4,7063.64
6508,942,65,2,7092.82
6509,555,85,4,3624.16
6510,2532,40,4,2459.16
6511,1520,103,3,3545.34
6512,771,37,2,1736.42
6513,249,67,2,1752.56
6514,1098,111,4,2944.6
6515,373,31,1,887.17
6516,1855,91,3,1768.23
6517,2927,81,1,1142.94
6518,835,87,4,3626.04
6519,2919,77,3,3519.06
6520,702,47,1,1349.56
6521,2186,27,1,582.32
6522,2996,51,1,2608.75
6523,2505,20,3,2224.08
6524,2862,110,1,401.16
6525,2871,117,2,2659.2
6526,942,13,4,19236.92
6527,2492,63,3,4852.8
6528,2401,44,2,1830.22
6529,996,24,1,3802.04
6530,794,119,4,5420.36
6531,2459,105,1,886.01
6532,678,3,2,895.26
6533,1814,107,1,2331.62
6534,1562,10,3,6473.76
6535,453,65,2,7092.82
6536,2467,49,3,2638.5
6537,2498,58,4,1906.6
6538,1139,77,3,3519.06
6539,51,78,3,3765.39
6540,1393,97,1,1958.87
6541,1539,2,1,442.25
6542,210,66,2,7152.94
6543,888,103,4,4727.12
6544,1927,105,2,1772.02
6545,850,120,4,2604.92
6546,1878,31,4,3548.68
6547,627,68,3,3470.19
6548,2727,98,1,2159.07
6549,1459,83,4,4224.28
6550,2825,37,1,868.21
6551,1251,73,4,1929.0
6552,663,24,1,3802.04
6553,268,77,2,2346.04
6554,2164,44,1,915.11
6555,1624,94,3,1588.59
6556,1854,83,4,4224.28
6557,754,41,3,4200.84
6558,1353,74,4,5635.96
6559,1869,51,3,7826.25
6560,1064,42,4,3941.96
6561,182,108,1,2241.12
6562,1514,78,4,5020.52
6563,903,40,3,1844.37
6564,1143,48,3,3057.51
6565,2994,113,4,19322.8
6566,2306,84,4,2449.72
6567,1507,4,2,12477.08
6568,2557,102,2,2233.88
6569,2140,108,1,2241.12
6570,2003,60,1,2423.53
6571,1185,114,1,1245.16
6572,149,39,1,3872.55
6573,2165,5,1,4078.47
6574,2506,106,4,3539.56
6575,2613,96,2,457.1
6576,2862,6,4,1145.92
6577,2093,14,2,7742.32
6578,1801,70,2,1381.94
6579,2022,78,3,3765.39
6580,2822,12,3,904.71
6581,1843,62,2,2356.82
6582,2037,27,4,2329.28
6583,2282,54,2,1219.2
6584,1399,90,1,6218.42
6585,1571,12,4,1206.28
6586,1874,8,4,2915.88
6587,1973,74,2,2817.98
6588,2245,16,1,5882.4
6589,2073,52,2,7531.86
6590,2443,26,1,878.55
6591,714,8,4,2915.88
6592,1809,105,2,1772.02
6593,223,45,1,1022.85
6594,864,93,3,1503.39
6595,530,84,4,2449.72
6596,1212,81,4,4571.76
6597,1426,19,3,2856.78
6598,2305,17,1,5003.13
6599,654,103,4,4727.12
6600,1160,65,1,3546.41
6601,1843,116,3,5297.73
6602,2639,29,2,1466.28
6603,444,14,4,15484.64
6604,2466,17,4,20012.52
6605,574,13,1,4809.23
6606,2177,93,4,2004.52
6607,1011,98,2,4318.14
6608,341,91,3,1768.23
6609,2858,63,4,6470.4
6610,1281,110,3,1203.48
6611,100,33,1,4759.01
6612,2087,29,2,1466.28
6613,2311,37,4,3472.84
6614,150,103,3,3545.34
6615,1657,83,2,2112.14
6616,2738,46,3,16847.19
6617,2861,24,1,3802.04
6618,1354,14,2,7742.32
6619,1144,111,2,1472.3
6620,1608,101,1,341.4
6621,2267,5,1,4078.47
6622,2954,53,4,2442.88
6623,1838,88,1,1762.71
6624,244,98,1,2159.07
6625,2934,114,3,3735.48
6626,587,95,2,4211.7
6627,2566,30,3,1655.64
6628,2238,60,1,2423.53
6629,2963,120,4,2604.92
6630,2663,73,3,1446.75
6631,856,91,3,1768.23
6632,2514,28,2,1228.84
6633,2147,106,2,1769.78
6634,2036,26,2,1757.1
6635,830,18,4,8518.92
6636,1387,36,4,3853.76
6637,1717,8,1,728.97
6638,1688,18,1,2129.73
6639,56,84,2,1224.86
6640,1726,58,3,1429.95
6641,1954,32,2,630.62
6642,1046,93,1,501.13
6643,2628,49,3,2638.5
6644,185,48,1,1019.17
6645,522,82,4,7353.36
6646,1602,71,2,4837.84
6647,2312,65,2,7092.82
6648,1249,92,3,3302.4
6649,1659,33,2,9518.02
6650,1062,50,1,1065.99
6651,1003,4,1,6238.54
6652,2171,119,4,5420.36
6653,2349,84,1,612.43
6654,2881,117,3,3988.8
6655,2018,116,1,1765.91
6656,1929,36,4,3853.76
6657,2693,95,4,8423.4
6658,2922,102,2,2233.88
6659,394,28,3,1843.26
6660,1618,3,1,447.63
6661,661,6,4,1145.92
6662,1429,45,1,1022.85
6663,1155,23,4,9528.56
6664,69,7,2,1890.78
6665,2810,120,4,2604.92
6666,320,61,2,12223.98
6667,2225,100,3,12262.44
6668,584,65,1,3546.41
6669,1865,6,1,286.48
6670,1184,24,2,7604.08
6671,582,37,3,2604.63
6672,1768,45,2,2045.7
6673,1557,51,4,10435.0
6674,1799,100,2,8174.96
6675,111,88,3,5288.13
6676,999,102,4,4467.76
6677,758,45,1,1022.85
6678,283,63,1,1617.6
6679,1743,29,1,733.14
6680,2242,101,3,1024.2
6681,1071,109,3,699.15
6682,2390,96,3,685.65
6683,2570,25,3,1256.82
6684,1394,10,3,6473.76
6685,801,35,4,1803.12
6686,2951,55,2,2833.22
6687,131,25,1,418.94
6688,1294,91,3,1768.23
6689,1964,45,1,1022.85
6690,2862,96,3,685.65
6691,61,12,1,301.57
6692,2212,4,2,12477.08
6693,1549,106,1,884.89
6694,272,90,1,6218.42
6695,1782,67,3,2628.84
6696,2181,17,4,20012.52
6697,1268,73,4,1929.0
6698,1458,93,1,501.13
6699,38,65,4,14185.64
6700,1895,82,2,3676.68
6701,1343,105,2,1772.02
6702,2665,53,4,2442.88
6703,474,84,4,2449.72
6704,59,57,2,1996.5
6705,2637,105,4,3544.04
6706,1964,98,4,8636.28
6707,2547,115,3,1336.44
6708,1919,28,3,1843.26
6709,2615,112,4,3296.28
6710,2615,99,4,6081.44
6711,904,16,3,17647.2
6712,383,21,3,7101.3
6713,1412,77,4,4692.08
6714,85,99,3,4561.08
6715,1534,42,2,1970.98
6716,2675,54,1,609.6
6717,2874,32,2,630.62
6718,2341,114,3,3735.48
6719,1091,38,2,3660.22
6720,2835,70,1,690.97
6721,129,114,3,3735.48
6722,2077,102,2,2233.88
6723,1569,38,2,3660.22
6724,692,54,1,609.6
6725,1961,60,3,7270.59
6726,133,77,4,4692.08
6727,1209,110,3,1203.48
6728,646,117,1,1329.6
6729,2737,103,1,1181.78
6730,2582,77,1,1173.02
6731,1613,47,1,1349.56
6732,516,12,4,1206.28
6733,2046,53,3,1832.16
6734,1864,33,3,14277.03
6735,2213,28,2,1228.84
6736,2975,3,4,1790.52
6737,933,82,4,7353.36
6738,1664,26,2,1757.1
6739,557,54,2,1219.2
6740,1672,40,3,1844.37
6741,2728,66,3,10729.41
6742,993,68,3,3470.19
6743,1629,114,4,4980.64
6744,1692,92,4,4403.2
6745,757,92,2,2201.6
6746,1105,89,1,1637.61
6747,1271,90,1,6218.42
6748,2903,109,1,233.05
6749,2541,47,1,1349.56
6750,649,2,1,442.25
6751,1410,42,3,2956.47
6752,992,34,2,835.2
6753,1331,94,1,529.53
6754,628,21,1,2367.1
6755,2673,108,1,2241.12
6756,2591,101,3,1024.2
6757,2055,44,1,915.11
6758,1950,87,2,1813.02
6759,954,97,3,5876.61
6760,2563,2,3,1326.75
6761,1843,91,4,2357.64
6762,2803,112,4,3296.28
6763,2121,59,3,5795.4
6764,10,86,1,478.36
6765,1597,98,1,2159.07
6766,2610,16,1,5882.4
6767,122,20,1,741.36
6768,687,26,4,3514.2
6769,2010,16,2,11764.8
6770,2561,70,3,2072.91
6771,441,109,1,233.05
6772,2750,108,4,8964.48
6773,591,23,2,4764.28
6774,1369,42,3,2956.47
6775,1990,37,3,2604.63
6776,1362,72,3,727.98
6777,1208,6,1,286.48
6778,2115,37,3,2604.63
6779,2065,116,1,1765.91
6780,1407,22,2,838.4
6781,2416,6,4,1145.92
6782,2952,118,4,7417.92
6783,1340,32,4,1261.24
6784,1521,17,3,15009.39
6785,2769,38,4,7320.44
6786,1577,17,2,10006.26
6787,908,37,1,868.21
6788,2521,23,4,9528.56
6789,115,49,1,879.5
6790,2148,61,1,6111.99
6791,2486,49,4,3518.0
6792,1369,61,4,24447.96
6793,2397,77,4,4692.08
6794,139,32,3,945.93
6795,828,86,4,1913.44
6796,2372,63,3,4852.8
6797,846,7,2,1890.78
6798,2342,22,1,419.2
6799,1981,85,2,1812.08
6800,1553,6,4,1145.92
6801,1316,61,1,6111.99
6802,74,14,4,15484.64
6803,484,16,4,23529.6
6804,16,3,1,447.63
6805,1550,9,2,3576.06
6806,1360,47,4,5398.24
6807,2841,85,1,906.04
6808,1897,114,2,2490.32
6809,2564,94,3,1588.59
6810,2973,94,2,1059.06
6811,1151,42,2,1970.98
6812,2872,42,1,985.49
6813,2566,96,2,457.1
6814,129,23,3,7146.42
6815,511,3,3,1342.89
6816,423,1,4,9214.28
6817,2433,67,3,2628.84
6818,1907,101,4,1365.6
6819,232,71,3,7256.76
6820,959,3,2,895.26
6821,825,100,4,16349.92
6822,65,49,3,2638.5
6823,833,67,2,1752.56
6824,615,55,2,2833.22
6825,2029,4,4,24954.16
6826,801,31,1,887.17
6827,1968,66,2,7152.94
6828,278,78,2,2510.26
6829,2014,101,1,341.4
6830,1718,64,4,1636.72
6831,2414,31,3,2661.51
6832,2564,117,3,3988.8
6833,1239,63,2,3235.2
6834,2487,66,1,3576.47
6835,428,31,2,1774.34
6836,2777,47,4,5398.24
6837,2444,107,2,4663.24
6838,1525,22,3,1257.6
6839,1487,74,1,1408.99
6840,586,116,4,7063.64
6841,375,94,2,1059.06
6842,1524,97,3,5876.61
6843,2996,83,2,2112.14
6844,93,46,3,16847.19
6845,1601,89,1,1637.61
6846,2369,58,4,1906.6
6847,914,119,2,2710.18
6848,1346,61,4,24447.96
6849,1841,118,1,1854.48
6850,1302,46,3,16847.19
6851,1622,1,1,2303.57
6852,1562,96,1,228.55
6853,1754,25,4,1675.76
6854,1417,61,1,6111.99
6855,2965,105,2,1772.02
6856,95,81,3,3428.82
6857,1780,14,1,3871.16
6858,959,45,2,2045.7
6859,1131,77,3,3519.06
6860,1414,102,4,4467.76
6861,1784,39,3,11617.65
6862,2119,66,4,14305.88
6863,664,32,3,945.93
6864,969,96,1,228.55
6865,2635,58,4,1906.6
6866,2775,104,4,3989.36
6867,2416,56,4,4434.68
6868,2099,6,1,286.48
6869,1167,89,1,1637.61
6870,1572,67,3,2628.84
6871,1524,82,3,5515.02
6872,988,50,1,1065.99
6873,2308,118,1,1854.48
6874,1226,119,4,5420.36
6875,1209,38,3,5490.33
6876,2206,107,3,6994.86
6877,99,3,4,1790.52
6878,2289,112,4,3296.28
6879,1515,5,4,16313.88
6880,202,24,2,7604.08
6881,634,54,2,1219.2
6882,746,34,1,417.6
6883,490,111,3,2208.45
6884,579,112,4,3296.28
6885,2575,39,4,15490.2
6886,273,112,3,2472.21
6887,1243,88,2,3525.42
6888,786,100,3,12262.44
6889,453,92,1,1100.8
6890,1176,48,2,2038.34
6891,2395,49,3,2638.5
6892,816,34,3,1252.8
6893,414,80,1,928.81
6894,1551,100,3,12262.44
6895,431,7,2,1890.78
6896,2427,18,4,8518.92
6897,895,70,4,2763.88
6898,2476,114,4,4980.64
6899,1947,92,2,2201.6
6900,1108,103,3,3545.34
6901,192,34,3,1252.8
6902,41,51,3,7826.25
6903,1888,105,3,2658.03
6904,1860,93,4,2004.52
6905,1797,68,2,2313.46
6906,1333,14,1,3871.16
6907,136,69,2,922.56
6908,1814,89,3,4912.83
6909,106,103,3,3545.34
6910,519,8,2,1457.94
6911,1942,15,2,2276.2
6912,2862,83,4,4224.28
6913,1566,59,3,5795.4
6914,126,11,2,2599.34
6915,2448,20,3,2224.08
6916,2127,55,2,2833.22
6917,389,36,3,2890.32
6918,1559,82,2,3676.68
6919,1725,14,3,11613.48
6920,2122,58,1,476.65
6921,1029,38,4,7320.44
6922,1943,89,1,1637.61
6923,82,80,4,3715.24
6924,1561,82,4,7353.36
6925,776,1,2,4607.14
6926,278,104,1,997.34
6927,2888,65,4,14185.64
6928,1879,1,3,6910.71
6929,2272,115,2,890.96
6930,1608,85,2,1812.08
6931,606,60,3,7270.59
6932,2067,25,3,1256.82
6933,640,91,4,2357.64
6934,1790,10,3,6473.76
6935,1757,50,2,2131.98
6936,1367,12,3,904.71
6937,2145,92,1,1100.8
6938,175,113,2,9661.4
6939,1377,32,3,945.93
6940,348,33,2,9518.02
6941,1,72,4,970.64
6942,63,106,1,884.89
6943,1784,26,4,3514.2
6944,226,42,1,985.49
6945,2471,50,3,3197.97
6946,1043,61,2,12223.98
6947,2079,41,3,4200.84
6948,845,57,4,3993.0
6949,2681,2,2,884.5
6950,24,99,3,4561.08
6951,2885,98,3,6477.21
6952,1235,70,2,1381.94
6953,1985,31,2,1774.34
6954,161,23,4,9528.56
6955,1279,76,1,1085.57
6956,1595,54,1,609.6
6957,2162,115,2,890.96
6958,2552,28,1,614.42
6959,1953,79,4,4210.84
6960,1696,19,1,952.26
6961,955,76,2,2171.14
6962,357,114,4,4980.64
6963,2217,48,2,2038.34
6964,969,2,4,1769.0
6965,242,11,4,5198.68
6966,139,44,2,1830.22
6967,2145,101,3,1024.2
6968,147,59,2,3863.6
6969,1081,59,4,7727.2
6970,1066,120,2,1302.46
6971,2914,38,2,3660.22
6972,543,25,4,1675.76
6973,692,107,1,2331.62
6974,1026,21,4,9468.4
6975,1162,42,2,1970.98
6976,1641,36,4,3853.76
6977,2952,9,4,7152.12
6978,730,12,1,301.57
6979,2379,10,3,6473.76
6980,2665,59,2,3863.6
6981,404,110,2,802.32
6982,2556,5,1,4078.47
6983,1940,33,4,19036.04
6984,1151,69,3,1383.84
6985,1736,80,2,1857.62
6986,1039,63,3,4852.8
6987,2274,101,3,1024.2
6988,2913,101,4,1365.6
6989,745,29,4,2932.56
6990,2541,18,4,8518.92
6991,319,93,2,1002.26
6992,1243,6,3,859.44
6993,773,53,3,1832.16
6994,1917,82,2,3676.68
6995,2500,32,1,315.31
6996,944,42,4,3941.96
6997,2896,47,2,2699.12
6998,2015,31,4,3548.68
6999,1214,62,3,3535.23
7000,2932,56,2,2217.34
