order_id,customer_id,order_date,status
1,39,2023-02-16 12:52:05.841947,Completed
2,15,2022-04-16 23:35:59.519839,Completed
3,376,2023-11-19 10:23:43.674558,Completed
4,497,2023-01-14 05:37:04.341447,Completed
5,4,2022-09-19 13:19:27.989329,Completed
6,349,2022-11-13 23:27:49.756585,Completed
7,470,2023-11-06 01:31:42.634211,Completed
8,409,2023-05-21 02:56:13.124374,Completed
9,397,2023-08-03 12:07:26.548849,Completed
10,210,2022-02-14 05:46:40.533511,Completed
11,161,2023-09-22 19:45:02.100700,Completed
12,16,2022-12-24 02:03:52.877625,Completed
13,493,2022-12-26 12:24:14.884961,Completed
14,426,2023-01-22 06:08:16.965655,Returned
15,108,2023-01-21 18:28:12.564188,Cancelled
16,382,2022-06-10 04:34:10.283427,Completed
17,450,2022-02-08 15:35:49.916638,Completed
18,311,2023-08-21 17:40:11.603867,Completed
19,227,2022-09-03 18:07:04.941647,Returned
20,170,2022-01-13 15:21:54.438146,Completed
21,34,2023-08-20 18:20:02.800933,Completed
22,414,2023-12-05 11:26:08.922974,Completed
23,251,2022-09-12 00:28:19.766588,Completed
24,247,2022-09-13 23:08:37.372457,Completed
25,269,2023-10-31 11:20:52.017339,Completed
26,141,2023-07-15 18:54:37.092364,Cancelled
27,274,2022-10-26 12:05:02.500833,Returned
28,416,2022-12-30 03:54:47.895965,Completed
29,96,2023-11-18 05:13:32.670890,Completed
30,227,2022-12-28 22:44:36.892297,Completed
31,379,2022-09-09 14:07:57.759253,Completed
32,39,2023-04-20 00:11:31.430476,Completed
33,302,2022-07-26 09:01:08.422807,Completed
34,500,2022-03-27 19:22:56.858952,Completed
35,29,2022-09-24 21:40:16.405468,Completed
36,446,2023-12-11 19:07:06.142047,Completed
37,497,2023-02-27 17:13:47.075691,Completed
38,477,2022-12-22 20:53:41.873957,Completed
39,318,2022-08-29 15:36:18.726242,Returned
40,245,2022-11-04 06:06:21.727242,Returned
41,236,2023-04-03 23:09:06.182060,Returned
42,185,2023-03-16 17:36:21.127042,Completed
43,272,2023-07-24 01:15:51.917305,Completed
44,440,2023-07-03 09:22:44.854951,Completed
45,236,2022-09-28 01:30:45.015005,Cancelled
46,239,2022-07-18 14:19:57.999333,Completed
47,377,2023-03-14 07:15:59.119706,Completed
48,266,2023-04-22 10:31:53.437812,Completed
49,414,2023-08-16 09:19:23.187729,Completed
50,409,2023-07-31 14:07:00.140046,Completed
51,359,2023-12-28 01:59:33.591197,Completed
52,340,2022-08-04 20:32:34.251417,Completed
53,389,2023-03-27 21:58:02.360786,Completed
54,65,2022-10-14 20:03:16.865621,Cancelled
55,478,2022-06-12 03:14:27.889296,Completed
56,177,2022-06-03 15:03:10.863621,Completed
57,3,2023-09-30 20:16:14.724908,Completed
58,429,2023-02-04 03:20:13.604534,Cancelled
59,142,2022-02-03 01:24:59.299766,Completed
60,376,2023-04-19 00:51:22.627542,Returned
61,158,2023-02-17 12:12:14.644881,Completed
62,498,2022-04-14 19:05:39.713237,Returned
63,324,2022-12-25 13:04:06.082027,Cancelled
64,146,2023-10-09 08:27:31.750583,Completed
65,446,2023-12-21 00:48:29.769923,Completed
66,293,2022-07-18 20:10:00.200066,Completed
67,153,2023-06-16 20:40:15.205068,Completed
68,432,2022-09-26 20:20:34.011337,Completed
69,193,2023-06-25 14:41:34.431477,Completed
70,437,2022-02-17 21:17:13.544514,Completed
71,494,2023-10-12 06:27:58.159386,Completed
72,463,2023-04-30 22:43:10.463487,Completed
73,73,2023-10-28 13:20:25.608536,Completed
74,399,2023-08-19 01:29:47.395798,Completed
75,305,2022-04-25 05:57:14.344781,Completed
76,377,2023-07-05 13:53:04.661553,Completed
77,344,2023-04-19 12:31:27.029009,Completed
78,452,2022-08-14 13:54:02.280760,Cancelled
79,140,2023-05-04 14:13:43.474491,Completed
80,187,2023-10-14 05:08:15.765255,Completed
81,293,2023-12-30 18:09:57.799266,Completed
82,61,2022-08-08 23:43:11.663887,Completed
83,485,2023-06-25 03:01:30.030010,Cancelled
84,427,2022-01-06 08:20:48.416138,Cancelled
85,380,2022-02-26 21:08:34.971657,Completed
86,198,2022-10-01 05:21:13.624541,Completed
87,295,2022-08-14 13:54:02.280760,Completed
88,440,2022-05-07 21:19:08.782927,Completed
89,319,2023-03-16 11:46:18.926308,Returned
90,302,2022-04-15 12:35:46.315438,Completed
91,344,2022-07-12 12:29:02.980993,Completed
92,11,2023-01-31 23:29:44.994998,Completed
93,62,2023-02-26 23:43:40.473491,Completed
94,333,2022-05-10 07:39:30.790263,Completed
95,226,2023-03-01 10:04:02.480826,Completed
96,153,2023-02-12 03:51:26.228742,Completed
97,199,2022-11-16 21:28:16.165388,Completed
98,52,2023-11-26 11:34:47.495831,Completed
99,260,2022-08-10 16:33:27.069023,Cancelled
100,59,2022-10-01 05:21:13.624541,Completed
101,72,2023-01-06 16:45:56.118706,Completed
102,148,2022-11-19 13:38:40.373457,Completed
103,349,2023-12-11 07:27:01.740580,Completed
104,63,2023-09-21 20:24:53.297765,Completed
105,310,2022-09-06 16:07:31.350450,Completed
106,373,2023-01-19 02:17:48.356118,Completed
107,243,2022-12-01 23:10:32.610870,Cancelled
108,493,2023-01-05 05:45:42.914304,Completed
109,366,2023-02-13 14:51:39.433144,Completed
110,330,2023-05-01 10:23:14.864954,Completed
111,107,2022-02-24 22:28:17.365788,Completed
112,226,2022-11-03 00:56:10.723574,Completed
113,313,2022-07-31 23:11:59.039679,Completed
114,218,2022-08-05 14:02:40.853617,Completed
115,425,2022-12-26 06:34:12.684228,Completed
116,241,2022-09-09 19:57:59.959986,Completed
117,259,2023-07-03 15:12:47.055685,Completed
118,376,2023-11-09 17:02:15.645215,Cancelled
119,262,2022-04-07 06:14:31.490496,Completed
120,5,2022-09-30 23:31:11.423807,Completed
121,261,2023-05-21 02:56:13.124374,Completed
122,54,2023-12-17 20:58:01.160386,Completed
123,47,2022-06-07 12:23:46.075358,Completed
124,215,2022-03-21 17:32:01.840613,Completed
125,177,2022-12-27 05:54:21.487162,Completed
126,9,2022-08-20 04:04:52.897632,Completed
127,99,2023-05-03 09:03:32.470823,Completed
128,20,2023-05-06 01:13:56.678892,Completed
129,378,2023-10-11 12:57:51.557185,Cancelled
130,241,2023-04-02 12:08:52.977659,Completed
131,61,2022-10-18 17:23:52.077359,Completed
132,379,2023-03-07 17:44:59.699899,Completed
133,490,2022-02-09 03:15:54.318106,Completed
134,419,2023-03-02 15:14:13.484494,Completed
135,178,2022-07-08 09:18:25.568522,Completed
136,338,2023-03-21 02:37:00.740246,Completed
137,62,2023-07-19 04:35:07.902634,Completed
138,145,2022-09-13 11:28:32.970990,Completed
139,216,2023-07-31 19:57:02.340780,Completed
140,3,2022-08-17 06:04:26.488829,Cancelled
141,160,2022-05-12 00:29:46.195398,Completed
142,227,2023-09-09 05:02:58.859619,Cancelled
143,486,2022-07-19 13:40:06.802267,Completed
144,269,2022-12-22 03:23:35.271757,Completed
145,120,2022-09-22 11:19:54.398132,Cancelled
146,381,2022-03-28 07:03:01.260420,Completed
147,495,2022-02-26 21:08:34.971657,Returned
148,89,2023-07-07 18:23:24.468156,Completed
149,329,2023-01-12 06:56:46.735578,Completed
150,68,2023-05-25 11:56:52.737579,Cancelled
151,398,2022-01-29 10:34:17.485828,Completed
152,357,2023-05-26 17:07:03.741247,Returned
153,98,2023-02-11 16:11:21.827275,Returned
154,267,2023-09-27 22:15:48.316105,Completed
155,105,2022-09-17 08:49:08.182727,Completed
156,440,2023-05-26 11:17:01.540513,Completed
157,323,2022-05-16 09:30:25.808602,Completed
158,123,2023-03-18 04:36:34.331443,Completed
159,476,2023-05-03 09:03:32.470823,Completed
160,29,2023-12-10 13:56:55.138379,Completed
161,137,2022-04-07 12:04:33.691230,Completed
162,195,2022-06-13 20:04:43.294431,Returned
163,409,2022-04-04 19:54:09.483161,Completed
164,226,2023-06-09 13:39:09.183061,Completed
165,332,2023-10-09 20:07:36.152050,Completed
166,170,2023-05-17 17:15:42.314104,Completed
167,9,2022-08-03 15:22:23.247749,Completed
168,463,2022-05-12 06:19:48.396132,Completed
169,40,2022-02-11 07:46:14.124708,Returned
170,25,2023-08-21 00:10:05.001667,Completed
171,261,2022-06-29 15:17:06.342114,Completed
172,395,2022-12-07 13:21:23.227742,Completed
173,443,2023-12-08 03:36:33.131043,Cancelled
174,226,2023-07-08 11:53:31.070356,Completed
175,472,2022-01-29 16:24:19.686562,Completed
176,124,2023-11-20 03:53:50.276758,Completed
177,463,2023-09-03 14:52:08.242747,Completed
178,38,2023-06-07 20:48:53.777925,Completed
179,328,2023-10-30 06:10:41.013671,Completed
180,251,2023-04-30 22:43:10.463487,Cancelled
181,389,2023-02-19 10:52:32.250750,Completed
182,176,2023-02-23 14:03:09.663221,Completed
183,90,2023-06-25 03:01:30.030010,Completed
184,402,2023-11-10 16:22:24.448149,Completed
185,454,2023-02-17 12:12:14.644881,Completed
186,37,2022-12-18 00:12:57.859286,Completed
187,316,2023-03-04 13:54:31.090363,Completed
188,176,2023-01-06 10:55:53.917972,Completed
189,461,2022-06-11 09:44:21.287095,Completed
190,284,2022-01-08 18:41:10.423474,Completed
191,453,2023-05-26 22:57:05.941980,Completed
192,461,2023-09-16 17:54:07.082360,Completed
193,81,2023-11-13 08:32:48.656218,Completed
194,114,2023-05-16 12:05:31.310436,Returned
195,40,2023-01-13 00:26:53.337779,Completed
196,301,2022-06-24 18:36:22.327442,Completed
197,224,2023-09-25 11:55:26.308769,Cancelled
198,318,2023-08-12 06:08:45.775258,Returned
199,349,2022-04-28 09:47:42.954318,Completed
200,115,2022-08-25 06:35:39.113037,Completed
201,186,2023-10-12 00:37:55.958652,Completed
202,323,2022-03-16 09:11:13.424474,Completed
203,56,2022-04-21 20:16:43.534511,Completed
204,40,2023-06-21 11:30:57.019006,Completed
205,354,2022-03-22 05:12:06.242080,Completed
206,40,2023-11-18 05:13:32.670890,Completed
207,347,2022-02-24 10:48:12.964321,Completed
208,461,2023-11-06 19:01:49.236412,Completed
209,237,2022-12-26 12:24:14.884961,Completed
210,289,2022-09-21 00:19:41.193731,Completed
211,262,2022-06-06 07:13:35.071690,Completed
212,216,2022-05-30 11:52:33.451150,Completed
213,147,2022-02-17 03:47:06.942314,Completed
214,336,2022-04-29 14:57:53.957985,Returned
215,168,2023-06-20 18:00:50.416805,Completed
216,92,2023-10-08 20:47:27.349116,Completed
217,353,2022-10-31 14:35:48.716238,Returned
218,59,2023-08-21 17:40:11.603867,Completed
219,59,2022-09-25 21:00:25.208402,Completed
220,304,2022-10-06 19:32:04.241413,Cancelled
221,169,2023-09-05 01:52:21.447149,Completed
222,269,2022-10-29 15:55:31.110370,Completed
223,363,2022-05-06 04:28:53.377792,Completed
224,45,2023-01-31 00:09:36.192064,Completed
225,345,2022-10-01 22:51:20.226742,Completed
226,181,2022-04-06 06:54:22.687562,Completed
227,170,2022-06-03 03:23:06.462154,Completed
228,356,2023-03-25 23:17:44.754918,Completed
229,191,2023-10-08 09:07:22.947649,Completed
230,155,2022-08-26 23:25:54.518172,Completed
231,422,2022-04-16 06:05:52.917639,Completed
232,188,2023-09-21 20:24:53.297765,Completed
233,7,2022-03-09 08:00:09.603201,Completed
234,133,2022-02-26 09:28:30.570190,Completed
235,235,2023-01-13 06:16:55.538512,Completed
236,45,2023-01-23 11:18:27.969323,Completed
237,314,2022-09-28 13:10:49.416472,Cancelled
238,249,2023-08-09 13:58:21.567189,Completed
239,499,2022-01-07 01:50:55.018339,Completed
240,31,2022-12-11 10:41:58.439479,Completed
241,23,2023-09-13 19:53:40.673557,Cancelled
242,426,2023-07-17 11:44:52.497499,Completed
243,394,2022-04-22 19:36:52.337445,Completed
244,160,2023-09-01 10:21:48.436145,Completed
245,363,2022-09-23 04:50:01.000333,Completed
246,437,2022-09-02 12:56:53.937979,Completed
247,158,2023-12-09 08:46:44.134711,Completed
248,39,2023-04-30 16:53:08.262754,Returned
249,415,2022-04-30 02:37:58.359453,Completed
250,82,2022-09-18 13:59:19.186395,Completed
251,356,2023-09-27 16:25:46.115371,Returned
252,258,2022-02-22 06:17:53.157719,Completed
253,206,2023-02-23 19:53:11.863954,Completed
254,77,2023-01-22 23:38:23.567855,Completed
255,477,2023-09-26 11:15:35.111703,Completed
256,12,2022-02-08 09:45:47.715905,Completed
257,295,2023-09-09 10:53:01.060353,Completed
258,450,2022-06-16 12:15:07.502500,Completed
259,224,2023-11-22 14:14:12.284094,Completed
260,13,2023-03-08 17:05:08.502834,Completed
261,46,2023-05-14 19:15:15.905301,Completed
262,155,2023-03-24 23:57:35.951983,Completed
263,113,2023-08-09 08:08:19.366455,Completed
264,233,2023-09-02 03:51:55.038346,Completed
265,17,2023-07-12 20:54:10.683561,Completed
266,360,2023-01-22 06:08:16.965655,Cancelled
267,223,2023-02-17 06:22:12.444148,Completed
268,354,2023-12-29 12:59:46.795598,Completed
269,188,2023-08-24 04:00:33.611203,Completed
270,448,2023-04-19 00:51:22.627542,Completed
271,344,2023-05-17 05:35:37.912637,Completed
272,365,2023-11-08 11:52:04.641547,Completed
273,163,2022-10-06 07:51:59.839946,Completed
274,496,2023-07-19 22:05:14.504834,Completed
275,326,2023-01-20 07:27:59.359786,Completed
276,467,2023-08-31 16:51:41.833944,Completed
277,414,2023-10-05 22:47:00.940313,Completed
278,455,2023-08-30 00:01:26.428809,Completed
279,74,2023-07-03 15:12:47.055685,Completed
280,233,2023-11-03 03:31:16.225408,Completed
281,224,2023-07-25 23:56:09.523174,Completed
282,482,2023-04-15 15:10:51.817272,Completed
283,319,2023-03-04 02:14:26.688896,Completed
284,412,2023-05-14 07:35:11.503834,Completed
285,60,2022-08-29 09:46:16.525508,Completed
286,335,2023-01-10 14:06:31.330443,Completed
287,222,2022-09-29 06:40:56.018672,Completed
288,37,2023-09-16 23:44:09.283094,Cancelled
289,477,2022-04-30 14:18:02.760920,Completed
290,278,2022-05-31 11:12:42.254084,Completed
291,196,2023-08-02 01:07:13.344448,Completed
292,404,2023-08-02 12:47:17.745915,Completed
293,352,2023-05-25 17:46:54.938312,Cancelled
294,484,2023-01-11 19:16:42.334111,Completed
295,242,2022-07-29 12:51:37.032344,Completed
296,324,2023-02-16 01:12:01.440480,Completed
297,219,2023-01-26 03:28:52.177392,Completed
298,192,2023-07-18 16:55:03.501167,Completed
299,17,2022-05-21 17:51:14.224741,Completed
300,12,2023-04-05 10:09:19.386462,Completed
301,406,2022-11-06 22:16:45.935311,Completed
302,401,2023-09-26 17:05:37.312437,Completed
303,394,2023-10-29 18:30:36.612204,Cancelled
304,374,2023-03-27 21:58:02.360786,Completed
305,193,2023-08-30 00:01:26.428809,Completed
306,22,2022-11-26 08:59:41.993997,Completed
307,474,2022-10-10 11:02:37.252417,Completed
308,120,2022-03-28 12:53:03.461153,Completed
309,210,2023-01-30 18:19:33.991330,Completed
310,306,2023-07-19 04:35:07.902634,Completed
311,270,2023-05-03 14:53:34.671557,Cancelled
312,192,2023-07-28 04:26:29.329776,Completed
313,175,2022-07-31 05:41:52.437479,Completed
314,285,2022-08-04 03:02:27.649216,Completed
315,204,2023-05-02 09:43:23.667889,Completed
316,164,2023-06-20 00:30:43.814604,Completed
317,251,2022-12-10 11:21:49.636545,Completed
318,227,2022-11-08 20:57:03.541180,Completed
319,436,2022-05-31 11:12:42.254084,Returned
320,381,2022-08-03 09:32:21.047015,Completed
321,460,2022-07-13 11:49:11.783927,Completed
322,7,2023-06-12 23:19:39.993331,Completed
323,29,2022-11-12 00:47:32.150716,Completed
324,395,2022-05-31 05:22:40.053351,Completed
325,33,2023-03-22 19:27:16.145381,Completed
326,134,2022-03-01 07:28:56.978992,Completed
327,367,2023-12-05 17:16:11.123707,Completed
328,79,2023-08-30 23:21:35.231743,Completed
329,416,2022-08-14 19:44:04.481493,Completed
330,435,2022-11-05 17:06:34.931643,Completed
331,459,2022-05-07 03:49:02.180726,Completed
332,58,2023-08-09 13:58:21.567189,Completed
333,471,2022-01-02 16:50:15.405135,Completed
334,26,2023-09-06 18:42:36.852284,Completed
335,482,2023-05-06 18:44:03.281093,Completed
336,430,2022-05-01 01:58:07.162387,Completed
337,226,2023-01-31 23:29:44.994998,Completed
338,285,2023-12-02 01:45:38.112704,Completed
339,4,2022-09-16 03:38:57.179059,Completed
340,465,2023-10-04 17:36:49.936645,Completed
341,99,2022-02-15 05:06:49.336445,Completed
342,397,2023-11-12 20:52:44.254751,Completed
343,489,2023-04-02 06:18:50.776925,Completed
344,39,2023-06-05 04:38:29.569856,Completed
345,271,2022-01-21 15:53:07.062354,Completed
346,375,2022-02-03 01:24:59.299766,Completed
347,285,2023-08-23 22:10:31.410470,Returned
348,157,2023-05-31 13:47:47.755918,Completed
349,75,2023-02-02 16:20:00.400133,Completed
350,372,2023-06-24 03:41:21.227075,Completed
351,288,2023-03-02 15:14:13.484494,Completed
352,130,2023-06-23 21:51:19.026342,Completed
353,175,2023-03-11 09:15:32.710903,Completed
354,462,2022-07-31 17:21:56.838946,Completed
355,84,2023-07-30 20:36:53.537845,Completed
356,22,2023-09-01 10:21:48.436145,Completed
357,459,2022-08-18 05:24:35.291763,Completed
358,27,2023-01-31 05:59:38.392797,Completed
359,195,2023-11-21 14:54:03.481160,Completed
360,337,2023-10-09 14:17:33.951317,Completed
361,382,2023-12-15 16:27:41.353784,Cancelled
362,236,2022-03-26 14:12:45.855285,Returned
363,440,2023-02-12 09:41:28.429476,Completed
364,92,2022-10-18 17:23:52.077359,Completed
365,477,2022-01-03 04:30:19.806602,Cancelled
366,21,2023-11-09 11:12:13.444481,Completed
367,303,2022-12-22 03:23:35.271757,Completed
368,464,2022-06-11 21:24:25.688562,Returned
369,357,2023-09-23 07:25:06.502167,Completed
370,443,2023-01-05 23:15:49.516505,Completed
371,84,2023-06-13 22:39:48.796265,Completed
372,262,2022-05-26 20:22:00.440146,Completed
373,147,2023-10-07 15:37:16.345448,Completed
374,441,2022-03-21 05:51:57.439146,Completed
375,453,2022-08-26 23:25:54.518172,Completed
376,387,2023-08-19 18:59:53.997999,Completed
377,257,2022-06-02 15:43:02.060686,Completed
378,58,2023-01-31 23:29:44.994998,Completed
379,380,2023-11-04 02:51:25.028342,Completed
380,422,2022-03-08 08:40:00.800266,Cancelled
381,15,2022-06-16 06:25:05.301767,Completed
382,162,2022-01-28 22:54:13.084361,Completed
383,445,2022-07-29 01:11:32.630876,Completed
384,163,2023-05-02 21:23:28.069356,Completed
385,320,2022-06-18 05:05:22.907635,Completed
386,497,2022-09-26 14:30:31.810603,Completed
387,281,2023-07-31 08:16:57.939313,Completed
388,280,2023-06-10 07:09:15.785261,Completed
389,12,2023-03-12 14:25:43.714571,Completed
390,274,2022-02-07 04:35:36.712237,Completed
391,271,2023-04-07 20:29:41.393797,Completed
392,492,2022-12-13 21:02:20.446815,Completed
393,208,2022-11-10 07:57:16.745581,Completed
394,27,2022-03-18 07:51:31.030343,Completed
395,72,2022-09-16 15:19:01.580526,Cancelled
396,60,2022-01-26 06:43:48.876292,Completed
397,430,2023-04-13 16:30:34.211403,Completed
398,473,2023-04-11 00:20:10.003334,Completed
399,145,2022-10-23 14:04:36.092030,Completed
400,93,2022-12-13 03:32:13.844614,Completed
401,309,2023-08-07 15:18:03.961320,Completed
402,8,2023-03-07 17:44:59.699899,Completed
403,79,2023-04-22 10:31:53.437812,Completed
404,27,2023-11-07 18:21:58.039346,Completed
405,174,2023-01-25 15:48:47.775925,Completed
406,50,2022-06-22 02:25:58.119373,Completed
407,500,2022-06-08 00:03:50.476825,Completed
408,199,2023-11-29 21:15:18.306102,Completed
409,387,2022-08-18 22:54:41.893964,Completed
410,349,2022-06-10 10:24:12.484161,Completed
411,448,2023-06-06 15:38:42.774258,Completed
412,428,2023-10-03 12:26:38.932977,Cancelled
413,181,2023-07-21 03:15:25.508502,Completed
414,24,2023-08-19 13:09:51.797265,Completed
415,316,2022-10-03 04:01:31.230410,Completed
416,378,2022-06-19 21:55:38.312770,Completed
417,387,2023-06-30 23:02:22.847615,Completed
418,404,2023-05-11 09:34:45.095031,Completed
419,46,2023-08-01 01:47:04.541513,Completed
420,15,2023-06-20 00:30:43.814604,Completed
421,153,2022-05-14 22:30:12.604201,Completed
422,222,2022-04-09 04:54:49.096365,Completed
423,206,2022-04-23 01:26:54.538179,Completed
424,455,2023-06-14 16:09:55.398466,Completed
425,273,2023-11-21 20:44:05.681893,Completed
426,382,2022-08-01 05:02:01.240413,Completed
427,236,2022-01-21 04:13:02.660886,Completed
428,340,2022-12-12 15:52:09.443147,Completed
429,228,2023-11-12 20:52:44.254751,Completed
430,9,2023-10-13 05:48:06.962320,Completed
431,166,2022-02-23 11:28:04.161387,Cancelled
432,432,2023-09-25 00:15:21.907302,Completed
433,444,2022-12-05 03:01:01.220406,Completed
434,319,2022-01-27 23:34:04.281427,Completed
435,214,2022-05-30 06:02:31.250416,Completed
436,117,2023-01-20 07:27:59.359786,Cancelled
437,386,2023-12-24 04:38:58.379459,Completed
438,344,2022-04-26 05:17:23.147715,Completed
439,72,2023-12-02 19:15:44.714904,Completed
440,395,2023-04-11 00:20:10.003334,Completed
441,64,2022-03-07 15:09:54.198066,Cancelled
442,205,2023-08-23 22:10:31.410470,Completed
443,209,2023-04-12 17:10:25.408469,Cancelled
444,72,2023-11-01 10:41:00.820273,Completed
445,277,2022-12-04 21:10:59.019673,Completed
446,274,2022-01-10 11:31:25.828609,Completed
447,478,2023-04-27 18:52:41.853951,Completed
448,320,2023-06-28 12:42:00.840280,Completed
449,338,2022-08-30 09:06:25.328442,Completed
450,366,2023-05-05 01:53:47.875958,Completed
451,495,2023-09-20 21:04:44.494831,Completed
452,95,2022-03-12 06:00:36.012004,Completed
453,166,2023-08-26 20:10:57.819273,Completed
454,32,2023-09-05 01:52:21.447149,Completed
455,11,2023-10-13 05:48:06.962320,Completed
456,301,2022-03-09 13:50:11.803934,Completed
457,217,2023-12-12 18:27:14.944981,Completed
458,289,2022-05-21 23:41:16.425475,Completed
459,102,2022-07-29 12:51:37.032344,Completed
460,425,2022-03-03 11:59:16.785595,Completed
461,392,2022-02-13 18:06:36.132044,Completed
462,267,2022-06-15 07:04:56.498832,Completed
463,214,2022-07-20 07:10:13.404468,Returned
464,179,2022-06-19 21:55:38.312770,Completed
465,88,2023-09-28 04:05:50.516838,Completed
466,41,2022-11-24 21:59:28.789596,Completed
467,401,2022-12-02 10:50:37.012337,Completed
468,76,2023-02-11 16:11:21.827275,Completed
469,377,2023-10-25 21:10:01.400466,Completed
470,46,2023-08-16 15:09:25.388462,Completed
471,160,2023-02-03 04:00:04.801600,Returned
472,463,2023-04-21 17:01:46.835611,Completed
473,80,2022-02-21 06:57:44.354784,Completed
474,310,2023-01-09 20:36:24.728242,Completed
475,86,2022-04-04 02:24:02.880960,Completed
476,92,2023-02-21 15:22:52.057352,Cancelled
477,148,2022-03-24 21:22:30.450150,Completed
478,161,2023-03-23 18:47:24.948316,Completed
479,202,2023-04-29 00:02:52.857619,Completed
480,424,2022-07-24 22:00:55.218406,Completed
481,416,2023-01-08 21:16:15.925308,Cancelled
482,242,2022-04-12 20:25:22.107369,Completed
483,353,2023-11-12 03:22:37.652550,Completed
484,2,2023-04-29 05:52:55.058352,Returned
485,225,2023-04-15 15:10:51.817272,Cancelled
486,289,2023-03-26 10:57:49.156385,Completed
487,233,2022-03-16 03:21:11.223741,Completed
488,461,2023-10-31 05:30:49.816605,Completed
489,414,2022-07-30 23:51:50.236745,Completed
490,417,2023-09-21 02:54:46.695565,Completed
491,77,2022-10-03 21:31:37.832610,Completed
492,116,2022-12-15 13:52:35.851950,Completed
493,154,2022-02-19 19:57:31.150383,Completed
494,406,2022-05-01 07:48:09.363121,Completed
495,103,2023-04-10 01:00:01.200400,Completed
496,194,2023-09-13 02:23:34.071357,Completed
497,166,2022-09-12 00:28:19.766588,Completed
498,359,2022-02-21 12:47:46.555518,Completed
499,90,2022-03-17 02:41:20.026675,Completed
500,174,2023-10-21 06:19:19.586528,Completed
501,122,2023-04-29 23:23:01.660553,Completed
502,498,2023-11-12 15:02:42.054018,Completed
503,143,2022-03-07 20:59:56.398799,Completed
504,482,2023-03-19 21:26:49.736578,Completed
505,106,2023-12-27 14:19:29.189729,Completed
506,375,2023-05-21 08:46:15.325108,Completed
507,428,2022-04-18 10:36:12.724241,Completed
508,305,2023-06-21 23:11:01.420473,Cancelled
509,360,2023-11-16 00:43:12.864288,Completed
510,459,2022-03-03 11:59:16.785595,Completed
511,317,2022-05-07 09:39:04.381460,Cancelled
512,451,2022-08-26 05:55:47.915971,Completed
513,123,2022-01-03 04:30:19.806602,Completed
514,390,2023-11-06 01:31:42.634211,Completed
515,9,2023-09-13 08:13:36.272090,Cancelled
516,262,2023-11-20 09:43:52.477492,Completed
517,73,2023-01-20 19:08:03.761253,Completed
518,359,2023-08-27 13:41:04.421473,Completed
519,223,2022-10-03 15:41:35.631877,Completed
520,416,2022-02-06 22:45:34.511503,Completed
521,41,2023-02-08 00:40:48.816272,Completed
522,370,2023-12-22 11:48:42.974324,Completed
523,204,2023-12-10 19:46:57.339113,Completed
524,264,2023-11-12 15:02:42.054018,Completed
525,328,2023-03-28 03:48:04.561520,Completed
526,178,2022-10-23 02:24:31.690563,Completed
527,348,2023-03-02 21:04:15.685228,Completed
528,318,2023-09-27 10:35:43.914638,Completed
529,84,2022-09-26 08:40:29.609869,Completed
530,318,2023-09-09 10:53:01.060353,Completed
531,111,2022-08-06 07:32:47.455818,Completed
532,251,2022-09-28 01:30:45.015005,Completed
533,383,2022-01-26 00:53:46.675558,Completed
534,7,2023-04-11 06:10:12.204068,Completed
535,459,2022-09-02 12:56:53.937979,Completed
536,84,2022-04-09 16:34:53.497832,Returned
537,208,2022-12-07 13:21:23.227742,Returned
538,388,2022-02-10 08:26:05.321773,Completed
539,390,2022-05-04 11:38:37.972657,Completed
540,314,2023-02-08 18:10:55.418472,Completed
541,22,2023-07-28 16:06:33.731243,Completed
542,410,2022-07-05 05:27:56.958986,Completed
543,383,2022-06-15 07:04:56.498832,Returned
544,3,2023-09-06 12:52:34.651550,Completed
545,127,2023-05-31 07:57:45.555185,Returned
546,297,2022-10-10 22:42:41.653884,Completed
547,188,2022-05-22 05:31:18.626208,Completed
548,362,2022-03-05 10:39:34.391463,Completed
549,14,2022-11-28 07:39:59.599866,Completed
550,459,2022-11-20 12:58:49.176392,Completed
551,466,2023-07-12 03:24:04.081360,Completed
552,12,2023-01-09 20:36:24.728242,Completed
553,87,2022-05-17 03:00:32.410803,Completed
554,12,2022-09-25 03:30:18.606202,Completed
555,397,2023-04-08 13:59:47.995998,Completed
556,25,2022-02-12 07:06:22.927642,Completed
557,301,2023-06-09 01:59:04.781593,Completed
558,243,2023-06-27 01:41:47.635878,Returned
559,122,2022-02-16 10:17:00.340113,Completed
560,147,2022-01-16 13:22:20.846948,Completed
561,55,2022-12-30 21:24:54.498166,Completed
562,238,2023-01-16 21:47:28.549516,Completed
563,356,2023-12-09 14:36:46.335445,Completed
564,173,2022-10-07 18:52:13.044348,Completed
565,392,2023-04-16 20:21:02.820940,Completed
566,221,2022-03-31 10:53:29.869956,Completed
567,119,2022-07-26 14:51:10.623541,Completed
568,309,2022-01-11 05:01:32.430810,Cancelled
569,183,2023-04-09 13:19:56.798932,Returned
570,288,2023-09-09 05:02:58.859619,Completed
571,307,2022-01-19 17:12:49.456485,Completed
572,300,2023-11-30 08:55:22.707569,Completed
573,82,2023-03-20 09:06:54.138046,Completed
574,454,2022-11-11 07:17:25.548516,Completed
575,402,2022-06-13 14:14:41.093697,Completed
576,211,2022-06-20 03:45:40.513504,Returned
577,150,2022-07-04 06:07:48.156052,Cancelled
578,37,2023-04-13 10:40:32.010670,Completed
579,352,2023-11-06 13:11:47.035678,Completed
580,312,2023-12-24 10:29:00.580193,Completed
581,361,2022-08-08 00:23:02.860953,Completed
582,59,2023-12-15 16:27:41.353784,Completed
583,131,2022-08-30 03:16:23.127709,Completed
584,412,2022-10-17 12:13:41.073691,Cancelled
585,202,2023-08-03 23:47:30.950316,Completed
586,243,2023-06-29 12:02:09.643214,Completed
587,35,2022-12-25 18:54:08.282760,Completed
588,445,2023-07-21 09:05:27.709236,Completed
589,93,2022-04-05 13:24:16.085361,Completed
590,438,2022-08-31 20:06:38.532844,Completed
591,447,2022-05-08 08:59:13.184394,Completed
592,207,2023-03-27 21:58:02.360786,Completed
593,353,2023-01-02 01:55:14.304768,Completed
594,391,2022-06-09 22:44:08.082694,Cancelled
595,332,2023-11-03 15:11:20.626875,Completed
596,305,2022-08-05 08:12:38.652884,Completed
597,350,2022-12-27 00:04:19.286428,Completed
598,213,2022-04-20 15:06:32.530843,Completed
599,159,2023-08-25 15:00:46.815605,Completed
600,442,2023-01-09 14:46:22.527509,Returned
601,445,2022-08-03 09:32:21.047015,Cancelled
602,24,2022-03-17 20:11:26.628876,Completed
603,404,2022-07-23 22:40:46.415471,Completed
604,293,2023-09-16 17:54:07.082360,Completed
605,4,2022-04-01 21:53:43.074358,Completed
606,220,2022-04-20 09:16:30.330110,Completed
607,364,2022-05-25 09:21:47.235745,Completed
608,382,2022-10-27 17:15:13.504501,Completed
609,20,2022-05-02 07:08:18.166055,Completed
610,444,2022-04-23 13:06:58.939646,Completed
611,152,2022-01-28 05:24:06.482160,Returned
612,50,2022-09-09 14:07:57.759253,Completed
613,177,2023-08-02 01:07:13.344448,Completed
614,435,2023-04-13 16:30:34.211403,Completed
615,96,2022-02-03 18:55:05.901967,Completed
616,105,2022-12-13 03:32:13.844614,Completed
617,420,2023-12-18 20:18:09.963321,Completed
618,250,2022-05-06 10:18:55.578526,Cancelled
619,117,2023-09-28 21:35:57.119039,Completed
620,354,2023-04-19 06:41:24.828276,Completed
621,228,2023-12-05 05:36:06.722240,Completed
622,66,2023-06-11 06:29:24.588196,Completed
623,335,2022-08-04 14:42:32.050683,Completed
624,418,2022-11-22 23:19:11.183727,Returned
625,420,2022-01-12 21:51:47.835945,Completed
626,262,2022-01-05 09:00:39.613204,Completed
627,295,2022-06-26 05:36:35.531843,Completed
628,426,2023-06-30 11:22:18.446148,Completed
629,243,2022-12-25 01:24:01.680560,Cancelled
630,371,2023-09-26 11:15:35.111703,Returned
631,186,2022-04-20 15:06:32.530843,Completed
632,246,2023-07-22 20:05:40.913637,Completed
633,125,2022-10-10 22:42:41.653884,Completed
634,268,2022-09-27 02:10:36.212070,Completed
635,131,2023-08-16 15:09:25.388462,Cancelled
636,237,2022-02-22 00:27:50.956985,Completed
637,18,2023-01-12 12:46:48.936312,Completed
638,40,2023-07-04 20:22:58.059353,Completed
639,21,2022-01-31 20:54:39.493164,Completed
640,399,2023-03-25 11:37:40.353451,Completed
641,225,2022-07-04 11:57:50.356785,Completed
642,355,2023-08-19 18:59:53.997999,Completed
643,282,2023-03-18 04:36:34.331443,Completed
644,8,2023-08-03 17:57:28.749583,Completed
645,100,2023-12-01 14:05:33.711237,Completed
646,240,2023-11-03 03:31:16.225408,Completed
647,478,2022-03-29 12:13:12.264088,Completed
648,87,2022-05-19 01:40:50.016672,Completed
649,298,2022-12-10 23:01:54.038012,Returned
650,428,2023-07-05 13:53:04.661553,Completed
651,14,2023-01-24 04:48:34.571523,Completed
652,334,2023-02-16 07:02:03.641213,Completed
653,2,2022-02-18 20:37:22.347449,Completed
654,375,2023-05-17 17:15:42.314104,Completed
655,293,2023-07-30 20:36:53.537845,Completed
656,325,2022-05-06 16:08:57.779259,Completed
657,422,2022-11-24 16:09:26.588862,Completed
658,493,2022-12-15 19:42:38.052684,Completed
659,41,2022-11-22 23:19:11.183727,Completed
660,318,2022-06-15 07:04:56.498832,Completed
661,316,2023-04-29 05:52:55.058352,Completed
662,381,2022-12-29 10:24:41.293764,Completed
663,111,2022-04-14 01:35:33.111037,Completed
664,14,2023-04-24 09:12:11.043681,Completed
665,231,2023-02-21 03:42:47.655885,Returned
666,473,2023-08-15 15:49:16.585528,Completed
667,84,2022-07-08 20:58:29.969989,Completed
668,130,2023-06-06 09:48:40.573524,Completed
669,231,2023-03-20 20:46:58.539513,Completed
670,326,2022-02-20 07:37:35.551850,Completed
671,145,2023-01-09 14:46:22.527509,Completed
672,379,2023-02-08 06:30:51.017005,Completed
673,345,2023-10-03 00:46:34.531510,Returned
674,28,2023-06-22 22:31:10.223407,Completed
675,66,2022-01-06 02:30:46.215405,Completed
676,163,2022-02-07 04:35:36.712237,Completed
677,229,2023-04-22 22:11:57.839279,Completed
678,261,2022-02-22 23:47:59.759919,Completed
679,449,2022-06-12 09:04:30.090030,Completed
680,424,2023-01-04 23:55:40.713571,Completed
681,460,2023-07-08 11:53:31.070356,Returned
682,440,2023-05-18 10:45:48.916305,Completed
683,164,2023-09-25 00:15:21.907302,Completed
684,301,2022-08-19 16:24:48.496165,Cancelled
685,407,2023-06-18 13:30:30.610203,Completed
686,303,2022-04-08 17:14:44.694898,Completed
687,287,2022-05-25 15:11:49.436478,Returned
688,395,2023-08-10 19:08:32.570856,Completed
689,10,2022-12-16 07:22:42.454151,Returned
690,195,2023-11-24 12:54:29.889963,Completed
691,118,2023-12-22 17:38:45.175058,Completed
692,270,2022-10-09 05:52:26.248749,Cancelled
693,80,2023-02-28 10:43:53.677892,Completed
694,458,2022-11-14 11:07:54.158052,Completed
695,93,2022-01-18 12:02:38.452817,Completed
696,266,2022-04-27 16:17:36.352117,Returned
697,332,2022-05-16 21:10:30.210070,Completed
698,350,2022-06-30 20:27:17.345781,Completed
699,361,2022-12-23 08:33:46.275425,Completed
700,257,2022-01-25 01:33:37.872624,Completed
701,133,2022-09-21 00:19:41.193731,Completed
702,276,2023-09-14 01:43:42.874291,Completed
703,264,2023-07-15 07:14:32.690896,Completed
704,171,2022-04-11 03:35:06.702234,Completed
705,460,2022-09-22 11:19:54.398132,Completed
706,1,2023-10-05 05:16:54.338112,Completed
707,313,2022-10-14 02:33:10.263421,Completed
708,64,2023-05-04 02:33:39.073024,Cancelled
709,374,2023-07-17 05:54:50.296765,Completed
710,468,2022-07-19 07:50:04.601533,Completed
711,284,2022-06-10 16:14:14.684894,Completed
712,121,2023-12-29 18:49:48.996332,Completed
713,107,2022-05-16 21:10:30.210070,Completed
714,421,2023-12-22 11:48:42.974324,Completed
715,175,2023-12-16 04:07:45.755251,Completed
716,485,2022-11-05 22:56:37.132377,Returned
717,204,2023-03-17 16:56:29.929976,Completed
718,165,2023-12-10 13:56:55.138379,Completed
719,305,2022-05-29 00:52:20.246748,Completed
720,497,2023-08-22 05:20:16.005335,Returned
721,120,2022-01-06 20:00:52.817605,Completed
722,44,2023-05-08 23:14:23.087695,Completed
723,312,2022-03-10 19:00:22.807602,Completed
724,156,2022-12-24 19:33:59.479826,Completed
725,367,2023-12-13 17:47:23.747915,Completed
726,207,2022-03-14 22:11:00.220073,Completed
727,390,2022-09-23 04:50:01.000333,Cancelled
728,108,2022-09-08 08:57:46.755585,Returned
729,251,2022-07-18 08:29:55.798599,Completed
730,445,2022-01-20 22:23:00.460153,Cancelled
731,404,2023-04-12 17:10:25.408469,Completed
732,370,2023-05-24 18:26:46.135378,Completed
733,334,2022-05-30 23:32:37.852617,Completed
734,130,2023-12-25 03:59:07.182394,Completed
735,457,2023-07-16 06:34:41.493831,Completed
736,293,2022-02-12 12:56:25.128376,Completed
737,20,2022-10-17 00:33:36.672224,Completed
738,282,2023-10-20 06:59:10.783594,Completed
739,285,2022-07-24 10:20:50.816938,Completed
740,1,2022-03-31 16:43:32.070690,Completed
741,119,2023-03-18 22:06:40.933644,Completed
742,35,2023-05-26 17:07:03.741247,Completed
743,198,2022-06-17 11:35:16.305435,Cancelled
744,485,2023-03-09 10:35:15.105035,Completed
745,245,2022-11-28 13:30:01.800600,Completed
746,59,2022-12-15 02:12:31.450483,Cancelled
747,325,2022-03-30 23:13:25.468489,Completed
748,161,2022-06-06 07:13:35.071690,Completed
749,497,2023-08-13 17:08:58.979659,Completed
750,179,2022-01-18 12:02:38.452817,Completed
751,206,2023-12-22 00:08:38.572857,Completed
752,12,2022-11-05 22:56:37.132377,Completed
753,490,2022-07-28 19:21:30.430143,Completed
754,276,2022-01-11 05:01:32.430810,Completed
755,181,2023-08-13 05:28:54.578192,Completed
756,242,2022-09-16 15:19:01.580526,Completed
757,216,2023-06-23 21:51:19.026342,Completed
758,251,2023-07-04 02:52:51.457152,Completed
759,299,2023-01-04 12:15:36.312104,Completed
760,126,2023-05-23 01:36:30.730243,Completed
761,482,2022-03-31 10:53:29.869956,Completed
762,217,2023-11-13 14:22:50.856952,Completed
763,306,2022-02-06 11:05:30.110036,Completed
764,285,2022-10-03 15:41:35.631877,Completed
765,185,2023-01-01 08:25:07.702567,Completed
766,39,2022-12-21 15:43:30.870290,Cancelled
767,223,2022-09-18 02:19:14.784928,Completed
768,184,2022-09-06 16:07:31.350450,Completed
769,495,2023-01-24 10:38:36.772257,Cancelled
770,427,2023-11-08 17:42:06.842280,Completed
771,178,2023-05-11 21:14:49.496498,Completed
772,407,2022-12-04 15:20:56.818939,Completed
773,428,2022-01-17 12:42:29.649883,Completed
774,294,2023-07-25 06:26:02.920973,Completed
775,340,2022-08-18 05:24:35.291763,Completed
776,151,2022-07-14 16:59:22.787595,Completed
777,384,2023-07-24 12:55:56.318772,Completed
778,126,2023-07-01 22:22:31.650550,Completed
779,301,2022-01-15 14:02:12.044014,Completed
780,308,2022-08-18 17:04:39.693231,Completed
781,336,2022-11-21 23:59:02.380793,Completed
782,434,2022-10-15 19:23:25.668556,Completed
783,234,2022-03-22 05:12:06.242080,Cancelled
784,380,2023-01-13 00:26:53.337779,Completed
785,375,2022-03-23 22:02:21.647215,Completed
786,8,2023-01-31 23:29:44.994998,Completed
787,498,2022-11-19 13:38:40.373457,Completed
788,341,2023-01-06 22:35:58.319439,Completed
789,129,2023-02-11 16:11:21.827275,Completed
790,264,2022-11-27 19:59:55.198399,Completed
791,157,2023-01-18 08:47:41.753917,Completed
792,352,2023-10-15 21:58:31.170390,Completed
793,358,2022-03-08 14:30:03.001000,Completed
794,5,2022-10-16 12:53:32.270756,Returned
795,495,2023-07-30 03:06:46.935645,Completed
796,86,2023-10-03 18:16:41.133711,Completed
797,175,2023-09-13 02:23:34.071357,Completed
798,290,2023-08-15 15:49:16.585528,Completed
799,193,2023-04-30 11:03:06.062020,Completed
800,311,2022-07-31 05:41:52.437479,Completed
801,119,2023-12-02 01:45:38.112704,Completed
802,218,2022-09-04 11:37:11.543847,Completed
803,427,2023-04-10 12:40:05.601867,Completed
804,458,2022-05-27 08:02:04.841613,Completed
805,414,2023-03-14 07:15:59.119706,Completed
806,114,2022-06-17 17:25:18.506168,Completed
807,466,2022-04-30 20:08:04.961653,Completed
808,145,2022-04-29 20:47:56.158719,Completed
809,26,2023-11-04 20:21:31.630543,Completed
810,136,2023-09-14 07:33:45.075025,Returned
811,303,2022-04-05 13:24:16.085361,Completed
812,232,2022-03-13 11:10:47.015671,Completed
813,369,2022-12-05 08:51:03.421140,Completed
814,76,2023-11-23 01:54:16.685561,Completed
815,475,2023-12-09 20:26:48.536178,Completed
816,328,2023-02-22 08:52:58.659553,Completed
817,345,2023-09-24 00:55:13.104368,Returned
818,302,2022-06-07 12:23:46.075358,Completed
819,452,2023-04-01 06:58:41.973991,Completed
820,289,2022-05-18 19:50:47.815938,Completed
821,1,2023-12-06 22:26:22.127375,Completed
822,147,2023-11-16 18:13:19.466488,Completed
823,287,2022-04-18 22:16:17.125708,Completed
824,464,2022-03-29 23:53:16.665555,Cancelled
825,142,2023-06-12 11:39:35.591863,Completed
826,53,2022-10-22 08:54:25.088362,Completed
827,304,2022-06-30 02:57:10.743581,Completed
828,69,2023-05-12 03:04:51.697232,Completed
829,361,2022-06-15 01:14:54.298099,Completed
830,90,2023-08-23 16:20:29.209736,Completed
831,446,2023-02-04 03:20:13.604534,Completed
832,220,2023-01-18 02:57:39.553184,Completed
833,450,2022-11-27 02:29:48.596198,Cancelled
834,498,2023-06-04 22:48:27.369123,Cancelled
835,192,2022-01-16 01:42:16.445481,Completed
836,454,2023-09-15 01:03:51.677225,Completed
837,63,2022-10-10 11:02:37.252417,Completed
838,73,2022-10-26 12:05:02.500833,Completed
839,161,2023-11-17 05:53:23.867955,Completed
840,169,2022-03-03 23:39:21.187062,Completed
841,89,2022-02-02 13:44:54.898299,Completed
842,176,2022-08-01 10:52:03.441147,Completed
843,269,2022-07-19 13:40:06.802267,Completed
844,73,2023-06-03 23:28:18.566188,Completed
845,245,2022-07-19 19:30:09.003001,Completed
846,77,2022-08-25 12:25:41.313771,Completed
847,159,2023-12-26 14:59:20.386795,Completed
848,489,2023-03-08 22:55:10.703567,Completed
849,459,2022-01-30 04:04:24.088029,Returned
850,324,2023-02-02 22:10:02.600866,Completed
851,98,2022-11-28 13:30:01.800600,Completed
852,381,2022-09-02 18:46:56.138712,Completed
853,102,2022-08-13 14:33:53.477825,Cancelled
854,494,2022-06-06 13:03:37.272424,Completed
855,132,2023-05-09 22:34:31.890630,Completed
856,102,2023-11-03 03:31:16.225408,Cancelled
857,19,2023-12-08 15:16:37.532510,Completed
858,454,2023-05-18 16:35:51.117039,Returned
859,482,2022-02-28 13:58:50.376792,Cancelled
860,82,2023-09-01 04:31:46.235411,Cancelled
861,397,2023-10-11 12:57:51.557185,Completed
862,489,2023-07-26 05:46:11.723907,Completed
863,279,2023-01-29 13:09:22.987662,Completed
864,339,2022-07-14 22:49:24.988329,Completed
865,365,2022-08-23 02:05:19.306435,Completed
866,331,2022-01-17 12:42:29.649883,Completed
867,129,2022-10-08 00:42:15.245081,Completed
868,344,2022-02-17 09:37:09.143047,Completed
869,310,2023-06-16 14:50:13.004334,Completed
870,455,2023-07-21 09:05:27.709236,Completed
871,89,2023-07-28 10:16:31.530510,Completed
872,213,2022-07-01 02:17:19.546515,Completed
873,143,2023-02-15 07:41:54.838279,Completed
874,65,2022-03-09 02:10:07.402467,Completed
875,76,2022-01-15 14:02:12.044014,Completed
876,199,2023-04-11 00:20:10.003334,Completed
877,143,2023-05-26 05:26:59.339779,Completed
878,405,2023-06-19 18:40:41.613871,Completed
879,403,2023-03-07 17:44:59.699899,Completed
880,316,2022-11-21 06:28:55.778592,Cancelled
881,93,2023-03-23 12:57:22.747582,Completed
882,473,2023-09-22 19:45:02.100700,Completed
883,417,2022-05-18 14:00:45.615205,Completed
884,305,2023-01-17 21:07:37.352450,Completed
885,224,2022-05-31 22:52:46.655551,Completed
886,497,2023-05-08 05:44:16.485495,Completed
887,291,2022-10-19 16:44:00.880293,Completed
888,428,2022-03-18 02:01:28.829609,Completed
889,102,2023-11-25 18:04:40.893631,Completed
890,474,2023-12-05 17:16:11.123707,Completed
891,267,2023-06-06 03:58:38.372790,Completed
892,355,2023-12-13 17:47:23.747915,Cancelled
893,456,2022-10-28 10:45:20.106702,Completed
894,110,2023-12-01 02:25:29.309769,Completed
895,462,2022-02-03 01:24:59.299766,Completed
896,330,2022-09-08 03:07:44.554851,Completed
897,450,2023-06-09 01:59:04.781593,Completed
898,430,2023-09-23 13:15:08.702900,Completed
899,265,2022-06-10 16:14:14.684894,Completed
900,3,2023-08-24 21:30:40.213404,Completed
901,85,2023-10-13 17:28:11.363787,Completed
902,282,2023-07-16 00:44:39.293097,Completed
903,328,2022-01-21 21:43:09.263087,Cancelled
904,304,2023-09-03 14:52:08.242747,Completed
905,450,2023-06-01 01:27:52.157385,Completed
906,454,2023-09-05 01:52:21.447149,Completed
907,412,2023-08-22 05:20:16.005335,Completed
908,117,2023-11-30 03:05:20.506835,Returned
909,221,2023-12-17 03:27:54.558186,Completed
910,154,2023-11-06 01:31:42.634211,Completed
911,153,2023-09-01 16:11:50.636878,Completed
912,12,2022-11-14 22:47:58.559519,Completed
913,133,2023-02-18 05:42:21.247082,Completed
914,482,2023-10-19 07:39:01.980660,Completed
915,304,2023-10-23 22:29:43.794598,Completed
916,293,2022-05-01 01:58:07.162387,Cancelled
917,463,2023-02-05 08:30:24.608202,Completed
918,300,2023-04-18 01:31:13.824608,Completed
919,228,2022-09-17 14:39:10.383461,Completed
920,271,2022-12-13 03:32:13.844614,Completed
921,43,2022-05-25 21:01:51.637212,Completed
922,432,2022-04-20 03:26:28.129376,Completed
923,343,2022-04-28 15:37:45.155051,Completed
924,326,2022-06-06 18:53:39.473157,Completed
925,302,2023-10-11 07:07:49.356452,Cancelled
926,498,2023-01-31 23:29:44.994998,Completed
927,364,2022-06-10 16:14:14.684894,Completed
928,379,2022-07-04 00:17:45.955318,Completed
929,427,2022-03-12 00:10:33.811270,Returned
930,493,2022-06-25 00:26:24.528176,Completed
931,21,2022-06-04 20:13:21.867289,Completed
932,407,2023-07-09 17:03:42.074024,Completed
933,107,2023-08-22 17:00:20.406802,Returned
934,336,2023-12-27 14:19:29.189729,Cancelled
935,303,2022-05-02 01:18:15.965321,Completed
936,117,2022-06-03 20:53:13.064354,Completed
937,124,2023-02-11 16:11:21.827275,Completed
938,399,2023-05-09 10:54:27.489163,Completed
939,281,2022-01-28 17:04:10.883627,Completed
940,292,2023-12-26 03:19:15.985328,Completed
941,203,2022-06-13 14:14:41.093697,Returned
942,51,2023-02-26 23:43:40.473491,Completed
943,271,2022-11-02 13:16:06.322107,Completed
944,324,2023-07-02 15:52:38.252750,Completed
945,277,2023-07-12 15:04:08.482827,Completed
946,141,2023-11-13 20:12:53.057685,Completed
947,470,2022-02-05 11:45:21.307102,Completed
948,275,2023-06-11 06:29:24.588196,Completed
949,290,2022-04-10 21:45:04.501500,Cancelled
950,334,2023-02-15 01:51:52.637545,Completed
951,381,2023-08-09 19:48:23.767922,Completed
952,452,2023-01-08 09:36:11.523841,Completed
953,496,2022-02-03 01:24:59.299766,Completed
954,373,2022-01-05 09:00:39.613204,Completed
955,52,2023-06-29 23:42:14.044681,Completed
956,494,2023-08-01 19:17:11.143714,Completed
957,27,2023-04-22 04:41:51.237079,Completed
958,157,2023-06-25 03:01:30.030010,Completed
959,239,2022-09-01 07:46:42.934311,Completed
960,156,2022-04-19 21:36:25.928642,Completed
961,291,2023-04-19 12:31:27.029009,Cancelled
962,136,2022-08-18 17:04:39.693231,Completed
963,144,2022-12-01 17:20:30.410136,Completed
964,106,2023-01-05 23:15:49.516505,Returned
965,420,2022-02-04 00:45:08.102700,Completed
966,158,2023-11-13 20:12:53.057685,Completed
967,146,2023-04-12 17:10:25.408469,Returned
968,2,2023-12-25 15:39:11.583861,Completed
969,433,2022-01-23 08:43:22.467489,Cancelled
970,77,2022-02-27 20:28:43.774591,Returned
971,132,2022-02-19 14:07:28.949649,Completed
972,90,2023-09-26 17:05:37.312437,Completed
973,345,2022-12-20 22:13:24.268089,Completed
974,350,2022-03-01 07:28:56.978992,Completed
975,459,2022-07-22 00:00:28.809603,Completed
976,263,2023-12-24 10:29:00.580193,Completed
977,351,2022-03-13 11:10:47.015671,Completed
978,108,2023-10-16 03:48:33.371123,Completed
979,74,2022-07-27 20:01:21.627209,Completed
980,39,2023-05-17 17:15:42.314104,Completed
981,397,2022-01-18 00:22:34.051350,Completed
982,159,2022-11-11 01:27:23.347782,Completed
983,71,2022-11-24 16:09:26.588862,Returned
984,447,2022-03-15 21:31:09.023007,Returned
985,312,2022-09-08 08:57:46.755585,Completed
986,241,2022-11-21 23:59:02.380793,Cancelled
987,426,2022-07-18 08:29:55.798599,Completed
988,445,2022-10-01 17:01:18.026008,Completed
989,298,2022-07-19 07:50:04.601533,Completed
990,440,2022-02-16 16:07:02.540846,Completed
991,36,2023-03-08 17:05:08.502834,Returned
992,84,2022-05-09 08:19:21.987329,Completed
993,452,2023-06-24 03:41:21.227075,Completed
994,374,2022-03-02 18:29:10.183394,Completed
995,263,2023-03-11 15:05:34.911637,Completed
996,310,2023-09-22 02:14:55.498499,Completed
997,385,2023-05-08 11:34:18.686228,Completed
998,172,2023-08-22 17:00:20.406802,Completed
999,376,2023-11-22 14:14:12.284094,Completed
1000,173,2022-12-08 01:01:27.629209,Completed
1001,362,2022-10-11 16:12:48.256085,Completed
1002,47,2023-05-19 15:55:59.919973,Completed
1003,379,2023-10-22 23:09:34.991663,Completed
1004,141,2022-09-24 10:00:12.004001,Completed
1005,375,2023-10-14 05:08:15.765255,Completed
1006,406,2023-03-25 23:17:44.754918,Completed
1007,118,2022-05-03 12:18:29.169723,Completed
1008,277,2023-01-30 00:49:27.389129,Cancelled
1009,214,2023-08-03 06:17:24.348116,Completed
1010,220,2023-08-24 21:30:40.213404,Completed
1011,393,2023-09-11 21:13:23.067689,Returned
1012,26,2022-12-04 03:40:52.417472,Completed
1013,9,2023-12-29 18:49:48.996332,Completed
1014,271,2023-10-13 17:28:11.363787,Completed
1015,10,2022-10-25 01:04:49.296432,Completed
1016,472,2022-06-24 06:56:17.925975,Completed
1017,378,2022-03-24 03:52:23.847949,Returned
1018,121,2022-06-09 22:44:08.082694,Completed
1019,125,2022-08-22 14:25:14.904968,Completed
1020,170,2022-04-15 00:55:41.913971,Returned
1021,72,2022-08-07 06:52:56.258752,Returned
1022,152,2022-02-03 13:05:03.701233,Completed
1023,208,2023-12-28 13:39:37.992664,Completed
1024,49,2022-05-12 12:09:50.596865,Completed
1025,154,2023-05-27 10:37:10.343447,Completed
1026,347,2022-11-02 01:36:01.920640,Completed
1027,293,2023-10-20 12:49:12.984328,Cancelled
1028,68,2023-08-27 07:51:02.220740,Completed
1029,50,2022-04-04 02:24:02.880960,Completed
1030,152,2023-09-26 17:05:37.312437,Completed
1031,19,2022-02-16 21:57:04.741580,Completed
1032,100,2023-09-20 09:24:40.093364,Completed
1033,60,2023-09-16 12:04:04.881627,Completed
1034,167,2023-11-03 15:11:20.626875,Completed
1035,202,2023-11-12 03:22:37.652550,Completed
1036,345,2023-06-27 13:21:52.037345,Completed
1037,146,2023-04-06 15:19:30.390130,Completed
1038,403,2023-07-23 13:35:47.515838,Completed
1039,164,2022-06-27 16:36:48.736245,Completed
1040,458,2023-06-10 18:49:20.186728,Completed
1041,481,2023-11-30 03:05:20.506835,Completed
1042,439,2022-06-16 06:25:05.301767,Completed
1043,242,2022-01-20 16:32:58.259419,Completed
1044,69,2023-12-02 07:35:40.313437,Completed
1045,175,2023-08-02 12:47:17.745915,Completed
1046,49,2023-09-25 23:35:30.710236,Returned
1047,483,2023-08-03 00:27:22.147382,Completed
1048,108,2022-05-10 01:49:28.589529,Completed
1049,226,2023-04-28 00:42:44.054684,Completed
1050,161,2022-02-23 11:28:04.161387,Completed
1051,119,2022-06-04 02:43:15.265088,Returned
1052,149,2023-03-07 00:14:53.097699,Completed
1053,465,2023-07-31 02:26:55.738579,Completed
1054,150,2023-04-01 12:48:44.174724,Completed
1055,432,2022-01-01 11:40:04.401467,Completed
1056,293,2023-02-22 08:52:58.659553,Completed
1057,143,2022-02-19 19:57:31.150383,Completed
1058,419,2023-03-27 21:58:02.360786,Completed
1059,476,2022-01-10 11:31:25.828609,Completed
1060,455,2023-05-27 22:17:14.744914,Cancelled
1061,160,2023-12-30 18:09:57.799266,Returned
1062,11,2023-09-30 02:46:08.122707,Completed
1063,138,2022-06-06 07:13:35.071690,Completed
1064,457,2023-01-07 21:56:07.122374,Completed
1065,78,2023-04-09 13:19:56.798932,Completed
1066,77,2023-12-04 12:06:00.120040,Cancelled
1067,441,2023-10-11 01:17:47.155718,Completed
1068,254,2023-06-05 22:08:36.172057,Completed
1069,409,2022-08-07 01:02:54.058019,Completed
1070,258,2022-09-21 17:49:47.795931,Completed
1071,320,2022-11-07 21:36:54.738246,Cancelled
1072,291,2023-09-26 22:55:39.513171,Cancelled
1073,263,2023-12-19 13:48:16.565521,Completed
1074,85,2023-08-06 04:17:50.756918,Completed
1075,146,2022-06-12 20:44:34.491497,Returned
1076,323,2023-01-01 20:05:12.104034,Cancelled
1077,42,2023-07-29 15:26:42.534178,Completed
1078,374,2022-06-24 12:46:20.126708,Completed
1079,125,2022-09-18 08:09:16.985661,Completed
1080,167,2023-04-21 05:21:42.434144,Completed
1081,425,2022-10-09 17:32:30.650216,Cancelled
1082,241,2022-03-02 12:39:07.982660,Completed
1083,459,2023-07-28 21:56:35.931977,Returned
1084,487,2023-04-05 21:49:23.787929,Completed
1085,280,2023-03-27 10:17:57.959319,Completed
1086,188,2023-11-25 18:04:40.893631,Completed
1087,302,2023-01-01 08:25:07.702567,Completed
1088,19,2023-09-08 11:32:52.257419,Completed
1089,68,2022-10-27 23:05:15.705235,Completed
1090,218,2022-01-11 10:51:34.631543,Completed
1091,102,2023-09-29 09:16:01.520506,Completed
1092,42,2022-05-22 11:21:20.826942,Completed
1093,288,2022-11-10 02:07:14.544848,Completed
1094,167,2023-12-17 03:27:54.558186,Completed
1095,109,2022-02-23 05:38:01.960653,Completed
1096,494,2023-04-13 22:20:36.412137,Completed
1097,36,2023-12-24 10:29:00.580193,Completed
1098,232,2023-08-19 01:29:47.395798,Completed
1099,229,2023-11-06 07:21:44.834944,Completed
1100,353,2022-08-29 15:36:18.726242,Completed
1101,164,2023-12-18 02:48:03.361120,Completed
1102,387,2023-03-17 11:06:27.729243,Completed
1103,73,2022-07-28 07:41:26.028676,Completed
1104,136,2022-07-15 04:39:27.189063,Completed
1105,353,2022-04-29 20:47:56.158719,Completed
1106,379,2023-03-09 16:25:17.305768,Completed
1107,70,2022-12-29 22:04:45.695231,Completed
1108,425,2023-12-27 14:19:29.189729,Completed
1109,487,2023-12-04 17:56:02.320773,Completed
1110,196,2023-02-19 10:52:32.250750,Completed
1111,269,2023-07-17 11:44:52.497499,Completed
1112,49,2022-01-13 21:11:56.638879,Completed
1113,316,2023-09-18 22:24:26.888962,Completed
1114,130,2022-05-30 11:52:33.451150,Completed
1115,444,2022-09-21 00:19:41.193731,Completed
1116,5,2023-03-26 05:07:46.955651,Completed
1117,428,2022-08-20 21:34:59.499833,Completed
1118,27,2023-08-15 09:59:14.384794,Completed
1119,160,2023-01-31 23:29:44.994998,Completed
1120,149,2023-11-08 00:12:00.240080,Completed
1121,264,2023-11-03 15:11:20.626875,Completed
1122,230,2022-06-07 18:13:48.276092,Completed
1123,200,2023-07-25 12:16:05.121707,Completed
1124,50,2022-04-06 18:34:27.089029,Completed
1125,67,2022-11-27 08:19:50.796932,Completed
1126,300,2023-10-04 17:36:49.936645,Cancelled
1127,381,2023-09-15 12:43:56.078692,Completed
1128,58,2023-08-17 20:19:36.392130,Completed
1129,259,2022-03-31 22:33:34.271423,Cancelled
1130,342,2022-07-28 07:41:26.028676,Completed
1131,326,2022-07-12 00:48:58.579526,Completed
1132,130,2022-06-09 16:54:05.881960,Completed
1133,215,2023-11-08 11:52:04.641547,Completed
1134,172,2022-12-05 08:51:03.421140,Completed
1135,258,2022-04-04 02:24:02.880960,Completed
1136,102,2023-05-28 15:47:21.347115,Completed
1137,209,2023-09-13 08:13:36.272090,Completed
1138,291,2022-02-27 20:28:43.774591,Returned
1139,354,2022-02-17 03:47:06.942314,Returned
1140,471,2023-10-25 09:29:56.998999,Completed
1141,286,2023-05-28 09:57:19.146382,Completed
1142,116,2022-10-08 00:42:15.245081,Completed
1143,264,2023-10-27 02:20:12.404134,Cancelled
1144,150,2023-05-05 19:23:54.478159,Completed
1145,300,2022-02-07 16:15:41.113704,Completed
1146,442,2022-08-13 02:53:49.076358,Completed
1147,36,2023-12-10 13:56:55.138379,Completed
1148,453,2023-12-19 02:08:12.164054,Completed
1149,333,2023-01-27 02:49:00.980326,Completed
1150,477,2022-08-25 18:15:43.514504,Completed
1151,287,2022-10-26 23:45:06.902300,Completed
1152,303,2023-08-15 21:39:18.786262,Completed
1153,311,2023-03-17 22:46:32.130710,Completed
1154,208,2023-12-15 04:47:36.952317,Cancelled
1155,106,2022-07-23 11:00:42.014004,Returned
1156,446,2023-05-03 20:43:36.872290,Returned
1157,158,2022-11-28 07:39:59.599866,Cancelled
1158,121,2023-08-04 05:37:33.151050,Completed
1159,55,2022-02-19 08:17:26.748916,Completed
1160,400,2022-02-08 21:25:52.117372,Completed
1161,12,2022-04-06 01:04:20.486828,Cancelled
1162,145,2022-07-06 16:28:10.163387,Completed
1163,400,2023-09-30 08:36:10.323441,Completed
1164,396,2023-09-20 09:24:40.093364,Completed
1165,136,2022-09-23 16:30:05.401800,Completed
1166,468,2023-12-16 15:47:50.156718,Completed
1167,3,2022-04-09 04:54:49.096365,Completed
1168,144,2022-05-28 13:12:15.845281,Completed
1169,30,2023-01-28 07:59:11.983994,Completed
1170,237,2023-01-10 08:16:29.129709,Completed
1171,279,2023-11-30 20:35:27.109036,Completed
1172,348,2023-03-23 12:57:22.747582,Returned
1173,115,2022-06-17 11:35:16.305435,Completed
1174,104,2023-12-18 20:18:09.963321,Completed
1175,118,2022-10-29 10:05:28.909636,Completed
1176,5,2023-05-27 04:47:08.142714,Completed
1177,468,2022-03-30 17:23:23.267755,Completed
1178,360,2023-02-23 14:03:09.663221,Completed
1179,248,2022-04-21 08:36:39.133044,Completed
1180,364,2022-01-26 00:53:46.675558,Completed
1181,321,2022-01-19 11:22:47.255751,Completed
1182,121,2022-02-25 15:58:23.967989,Completed
1183,286,2023-04-16 20:21:02.820940,Completed
1184,149,2023-08-02 01:07:13.344448,Completed
1185,84,2022-10-20 21:54:11.883961,Completed
1186,454,2022-08-05 19:52:43.054351,Cancelled
1187,406,2023-01-18 08:47:41.753917,Completed
1188,466,2023-10-27 19:50:19.006335,Completed
1189,456,2023-05-20 03:36:04.321440,Completed
1190,231,2023-02-12 03:51:26.228742,Completed
1191,288,2022-03-14 10:30:55.818606,Completed
1192,161,2022-08-21 09:15:03.901300,Completed
1193,272,2023-11-23 19:24:23.287762,Completed
1194,460,2022-09-28 19:00:51.617205,Completed
1195,38,2023-09-07 06:22:41.253751,Completed
1196,500,2023-09-29 20:56:05.921973,Completed
1197,226,2023-09-01 22:01:52.837612,Completed
1198,142,2022-12-25 07:14:03.881293,Completed
1199,292,2022-03-30 11:33:21.067022,Returned
1200,481,2023-12-08 09:26:35.331777,Completed
1201,151,2023-02-17 18:02:16.845615,Completed
1202,114,2022-03-27 01:52:50.256752,Completed
1203,237,2023-07-14 02:04:21.687229,Completed
1204,66,2023-11-19 10:23:43.674558,Completed
1205,361,2023-04-08 19:49:50.196732,Completed
1206,341,2023-11-24 18:44:32.090696,Completed
1207,258,2022-09-03 18:07:04.941647,Completed
1208,475,2023-09-02 03:51:55.038346,Cancelled
1209,249,2023-12-22 11:48:42.974324,Completed
1210,457,2022-05-02 01:18:15.965321,Completed
1211,449,2022-08-19 16:24:48.496165,Cancelled
1212,331,2023-04-30 16:53:08.262754,Completed
1213,323,2023-05-13 08:15:02.700900,Completed
1214,180,2022-05-04 05:48:35.771923,Completed
1215,190,2022-11-19 13:38:40.373457,Cancelled
1216,407,2023-09-12 08:53:27.469156,Completed
1217,154,2023-11-24 18:44:32.090696,Completed
1218,196,2023-10-05 22:47:00.940313,Completed
1219,466,2022-02-10 02:36:03.121040,Completed
1220,311,2023-09-02 21:22:01.640546,Completed
1221,262,2022-08-12 09:23:42.474158,Completed
1222,419,2022-01-28 11:14:08.682894,Completed
1223,406,2022-08-29 21:26:20.926975,Completed
1224,427,2023-04-20 06:01:33.631210,Completed
1225,143,2023-07-02 21:42:40.453484,Cancelled
1226,342,2022-11-02 19:06:08.522840,Returned
1227,316,2022-05-05 22:38:51.177059,Completed
1228,101,2022-10-27 05:35:09.103034,Completed
1229,244,2022-06-22 02:25:58.119373,Completed
1230,490,2023-06-16 03:10:08.602867,Completed
1231,12,2022-03-24 03:52:23.847949,Completed
1232,239,2023-09-21 02:54:46.695565,Completed
1233,49,2022-01-17 06:52:27.449149,Returned
1234,42,2023-01-23 22:58:32.370790,Completed
1235,166,2023-01-16 04:17:21.947315,Completed
1236,82,2022-04-03 20:34:00.680226,Completed
1237,429,2022-01-05 09:00:39.613204,Completed
1238,291,2023-10-26 14:40:08.002667,Completed
1239,158,2023-05-31 13:47:47.755918,Completed
1240,216,2022-05-20 01:00:58.819606,Completed
1241,490,2023-12-27 20:09:31.390463,Cancelled
1242,158,2022-11-12 18:17:38.752917,Completed
1243,462,2023-07-03 21:02:49.256418,Returned
1244,134,2023-12-07 10:06:26.528842,Completed
1245,67,2023-04-18 07:21:16.025341,Completed
1246,336,2022-06-08 00:03:50.476825,Completed
1247,7,2023-02-04 20:50:20.206735,Completed
1248,436,2022-08-30 09:06:25.328442,Completed
1249,14,2023-10-29 12:40:34.411470,Completed
1250,73,2023-09-21 20:24:53.297765,Completed
1251,399,2022-11-22 05:49:04.581527,Completed
1252,405,2022-08-07 18:33:00.660220,Completed
1253,163,2023-02-14 08:21:46.035345,Completed
1254,66,2023-11-19 04:33:41.473824,Completed
1255,347,2023-01-21 06:48:08.162720,Completed
1256,130,2023-04-13 10:40:32.010670,Completed
1257,419,2023-03-09 22:15:19.506502,Cancelled
1258,466,2022-10-04 03:21:40.033344,Completed
1259,206,2023-06-23 21:51:19.026342,Completed
1260,276,2023-04-18 13:11:18.226075,Completed
1261,466,2022-09-10 01:48:02.160720,Completed
1262,256,2023-02-27 11:23:44.874958,Completed
1263,266,2022-03-11 18:20:31.610536,Cancelled
1264,25,2023-06-28 12:42:00.840280,Cancelled
1265,450,2023-12-21 18:18:36.372124,Completed
1266,281,2023-01-22 11:58:19.166388,Completed
1267,253,2023-10-29 06:50:32.210736,Completed
1268,310,2023-03-01 04:14:00.280093,Completed
1269,289,2023-12-15 10:37:39.153051,Completed
1270,164,2023-09-05 01:52:21.447149,Completed
1271,95,2022-09-24 21:40:16.405468,Completed
1272,270,2023-07-19 22:05:14.504834,Completed
1273,321,2022-08-17 06:04:26.488829,Completed
1274,110,2022-12-18 23:33:06.662220,Completed
1275,336,2022-05-19 13:20:54.418139,Returned
1276,310,2023-12-07 21:46:30.930310,Completed
1277,238,2022-09-01 01:56:40.733577,Cancelled
1278,381,2022-10-20 21:54:11.883961,Completed
1279,436,2023-09-01 22:01:52.837612,Completed
1280,387,2022-08-11 21:43:38.072690,Cancelled
1281,483,2023-04-01 12:48:44.174724,Completed
1282,425,2022-07-22 05:50:31.010336,Completed
1283,390,2023-12-03 12:45:51.317105,Completed
1284,25,2023-06-29 12:02:09.643214,Completed
1285,141,2023-02-12 21:21:32.830943,Completed
1286,117,2022-05-30 11:52:33.451150,Cancelled
1287,482,2022-04-09 10:44:51.297099,Returned
1288,392,2023-03-02 03:34:09.083027,Returned
1289,405,2023-12-28 19:29:40.193397,Completed
1290,482,2023-11-04 20:21:31.630543,Completed
1291,452,2022-01-23 08:43:22.467489,Completed
1292,25,2023-08-26 02:40:51.217072,Cancelled
1293,79,2022-06-08 17:33:57.079026,Completed
1294,68,2022-04-16 06:05:52.917639,Completed
1295,173,2022-10-03 21:31:37.832610,Completed
1296,444,2022-04-01 21:53:43.074358,Completed
1297,12,2022-09-17 02:59:05.981993,Completed
1298,288,2022-02-20 01:47:33.351117,Returned
1299,128,2022-07-09 08:38:34.371457,Returned
1300,96,2022-11-17 14:58:22.767589,Completed
1301,92,2022-10-05 08:31:51.037012,Completed
1302,141,2022-05-10 01:49:28.589529,Returned
1303,31,2023-06-22 22:31:10.223407,Completed
1304,334,2023-10-16 21:18:39.973324,Completed
1305,20,2022-01-22 15:13:15.865288,Completed
1306,146,2022-09-29 12:30:58.219406,Completed
1307,477,2022-01-03 22:00:26.408802,Completed
1308,316,2023-03-28 09:38:06.762254,Completed
1309,447,2022-07-15 10:29:29.389796,Completed
1310,390,2022-08-18 11:14:37.492497,Completed
1311,160,2023-11-09 22:52:17.845948,Returned
1312,349,2023-03-28 09:38:06.762254,Completed
1313,43,2023-01-27 08:39:03.181060,Completed
1314,254,2023-12-12 12:37:12.744248,Completed
1315,130,2023-04-22 04:41:51.237079,Completed
1316,60,2023-10-21 00:29:17.385795,Completed
1317,151,2022-09-13 17:18:35.171723,Cancelled
1318,467,2022-03-13 17:00:49.216405,Completed
1319,287,2022-08-13 20:23:55.678559,Completed
1320,499,2022-06-05 07:53:26.268756,Completed
1321,5,2023-08-04 05:37:33.151050,Completed
1322,467,2022-06-02 09:52:59.859953,Completed
1323,418,2023-08-28 07:11:11.023674,Returned
1324,266,2022-10-11 16:12:48.256085,Cancelled
1325,345,2022-08-17 17:44:30.890296,Completed
1326,130,2022-07-21 12:20:24.408136,Returned
1327,382,2023-03-07 06:04:55.298432,Completed
1328,267,2023-09-16 17:54:07.082360,Completed
1329,178,2022-08-26 00:05:45.715238,Completed
1330,253,2022-08-20 21:34:59.499833,Completed
1331,415,2022-11-03 18:26:17.325775,Completed
1332,56,2022-08-20 04:04:52.897632,Cancelled
1333,463,2022-08-18 05:24:35.291763,Completed
1334,457,2023-06-20 06:20:46.015338,Completed
1335,471,2022-10-20 16:04:09.683227,Completed
1336,83,2023-06-03 23:28:18.566188,Completed
1337,393,2023-01-08 21:16:15.925308,Completed
1338,99,2022-09-24 10:00:12.004001,Completed
1339,149,2023-12-25 21:29:13.784594,Completed
1340,329,2022-02-13 06:26:31.730576,Completed
1341,156,2023-07-04 02:52:51.457152,Completed
1342,190,2023-03-21 08:27:02.940980,Completed
1343,494,2022-11-02 13:16:06.322107,Completed
1344,371,2022-04-23 18:57:01.140380,Completed
1345,263,2023-03-08 05:25:04.101367,Completed
1346,80,2023-10-13 23:18:13.564521,Completed
1347,400,2023-11-30 03:05:20.506835,Completed
1348,252,2022-10-26 23:45:06.902300,Returned
1349,97,2023-10-08 03:17:20.746915,Completed
1350,260,2022-08-03 21:12:25.448482,Returned
1351,260,2023-08-10 13:18:30.370123,Completed
1352,103,2023-07-19 16:15:12.304101,Completed
1353,40,2023-08-13 22:59:01.180393,Completed
1354,273,2022-11-20 18:48:51.377125,Returned
1355,101,2023-02-07 01:20:40.013337,Completed
1356,359,2022-08-18 11:14:37.492497,Completed
1357,380,2023-11-26 11:34:47.495831,Returned
1358,308,2022-08-13 14:33:53.477825,Completed
1359,221,2023-04-17 02:11:05.021673,Completed
1360,308,2022-04-30 20:08:04.961653,Completed
1361,420,2023-01-11 19:16:42.334111,Completed
1362,124,2023-04-24 15:02:13.244414,Completed
1363,422,2022-09-23 22:20:07.602534,Completed
1364,231,2023-08-10 01:38:25.968656,Completed
1365,178,2023-09-29 03:25:59.319773,Completed
1366,63,2023-03-20 14:56:56.338779,Returned
1367,485,2022-07-05 05:27:56.958986,Cancelled
1368,116,2023-07-19 16:15:12.304101,Completed
1369,191,2022-01-12 21:51:47.835945,Completed
1370,62,2023-11-06 13:11:47.035678,Completed
1371,256,2022-08-08 23:43:11.663887,Completed
1372,483,2023-12-25 03:59:07.182394,Completed
1373,7,2022-05-17 20:30:39.013004,Completed
1374,155,2022-07-10 02:08:40.973657,Completed
1375,92,2023-09-08 11:32:52.257419,Completed
1376,470,2023-05-11 21:14:49.496498,Completed
1377,14,2023-03-22 01:57:09.543181,Cancelled
1378,455,2022-05-22 17:11:23.027675,Completed
1379,229,2022-11-17 14:58:22.767589,Completed
1380,86,2022-02-27 02:58:37.172390,Completed
1381,133,2023-05-27 04:47:08.142714,Completed
1382,183,2023-04-18 01:31:13.824608,Completed
1383,386,2022-03-29 06:23:10.063354,Completed
1384,62,2023-04-15 03:30:47.415805,Completed
1385,219,2022-01-27 11:53:59.879959,Completed
1386,405,2022-02-16 10:17:00.340113,Completed
1387,246,2022-08-08 12:03:07.262420,Completed
1388,230,2022-09-29 06:40:56.018672,Returned
1389,79,2022-07-29 07:01:34.831610,Completed
1390,149,2023-09-28 15:45:54.918306,Completed
1391,138,2022-09-21 06:09:43.394464,Cancelled
1392,471,2022-06-07 18:13:48.276092,Completed
1393,314,2022-01-10 05:41:23.627875,Completed
1394,376,2022-06-04 14:23:19.666555,Completed
1395,423,2022-09-09 19:57:59.959986,Completed
1396,389,2022-01-09 12:11:17.025675,Completed
1397,65,2023-06-07 03:18:47.175725,Completed
1398,13,2022-11-27 19:59:55.198399,Returned
1399,213,2023-04-28 00:42:44.054684,Cancelled
1400,474,2022-02-10 02:36:03.121040,Completed
1401,242,2023-08-14 16:29:07.782594,Completed
1402,493,2023-04-02 17:58:55.178392,Completed
1403,213,2023-11-21 14:54:03.481160,Completed
1404,181,2022-01-08 07:01:06.022007,Completed
1405,338,2022-01-03 10:20:22.007335,Completed
1406,485,2023-05-04 20:03:45.675225,Returned
1407,173,2023-06-05 22:08:36.172057,Cancelled
1408,160,2023-08-31 16:51:41.833944,Completed
1409,164,2023-06-29 06:12:07.442480,Completed
1410,465,2022-04-28 21:27:47.355785,Completed
1411,483,2022-11-10 07:57:16.745581,Completed
1412,497,2022-12-18 17:43:04.461487,Completed
1413,188,2023-07-10 10:33:48.676225,Completed
1414,395,2023-04-18 07:21:16.025341,Completed
1415,191,2023-04-23 04:02:00.040013,Completed
1416,405,2023-03-26 22:37:53.557852,Completed
1417,308,2022-12-24 02:03:52.877625,Completed
1418,256,2022-11-29 01:10:06.202067,Completed
1419,183,2023-11-08 06:02:02.440813,Completed
1420,117,2022-08-29 15:36:18.726242,Completed
1421,282,2022-07-20 07:10:13.404468,Cancelled
1422,196,2022-12-22 09:13:37.472490,Completed
1423,34,2023-06-08 08:28:58.179393,Completed
1424,52,2023-06-26 14:01:43.234411,Completed
1425,112,2023-06-27 07:31:49.836612,Completed
1426,252,2022-02-24 16:38:15.165055,Completed
1427,82,2022-07-08 15:08:27.769256,Completed
1428,232,2023-11-21 14:54:03.481160,Completed
1429,227,2022-09-28 07:20:47.215738,Completed
1430,233,2022-06-16 23:55:11.903967,Completed
1431,221,2022-05-09 14:09:24.188062,Completed
1432,436,2022-08-25 00:45:36.912304,Completed
1433,413,2022-08-16 06:44:17.685895,Completed
1434,422,2022-12-12 15:52:09.443147,Completed
1435,42,2023-06-08 08:28:58.179393,Completed
1436,21,2022-11-11 13:07:27.749249,Completed
1437,42,2023-05-01 16:13:17.065688,Returned
1438,397,2023-12-01 14:05:33.711237,Completed
1439,113,2023-01-06 22:35:58.319439,Cancelled
1440,105,2022-06-14 19:24:52.097365,Cancelled
1441,192,2023-12-05 23:06:13.324441,Completed
1442,17,2023-08-17 02:49:29.789929,Completed
1443,120,2022-01-10 11:31:25.828609,Completed
1444,393,2023-10-21 00:29:17.385795,Returned
1445,425,2022-09-26 14:30:31.810603,Completed
1446,129,2022-07-25 03:50:57.419139,Completed
1447,130,2023-02-28 16:33:55.878626,Completed
1448,60,2023-07-01 10:42:27.249083,Completed
1449,48,2022-04-19 09:56:21.527175,Completed
1450,29,2022-10-27 23:05:15.705235,Completed
1451,97,2023-08-29 12:21:22.027342,Completed
1452,10,2022-11-25 03:49:30.990330,Cancelled
1453,242,2023-11-14 13:42:59.659886,Completed
1454,314,2022-02-24 22:28:17.365788,Completed
1455,444,2022-01-12 10:11:43.434478,Completed
1456,232,2023-12-21 06:38:31.970656,Completed
1457,277,2022-12-22 09:13:37.472490,Completed
1458,284,2023-03-21 20:07:07.342447,Completed
1459,203,2022-02-15 05:06:49.336445,Completed
1460,247,2023-08-05 10:47:44.154718,Completed
1461,290,2023-07-07 00:53:17.865955,Completed
1462,264,2023-12-01 08:15:31.510503,Completed
1463,443,2023-09-09 05:02:58.859619,Completed
1464,214,2023-04-15 15:10:51.817272,Completed
1465,200,2023-12-12 18:27:14.944981,Completed
1466,433,2022-07-26 03:11:06.222074,Completed
1467,79,2023-05-09 22:34:31.890630,Completed
1468,401,2022-11-01 08:05:55.318439,Completed
1469,444,2022-12-10 11:21:49.636545,Returned
1470,343,2022-08-26 17:35:52.317439,Cancelled
1471,344,2023-01-27 20:19:07.582527,Completed
1472,173,2022-09-04 23:17:15.945315,Completed
1473,467,2023-06-28 06:51:58.639546,Completed
1474,69,2023-04-03 05:38:59.579859,Completed
1475,416,2022-03-07 09:19:51.997332,Completed
1476,428,2023-02-01 05:19:47.195731,Completed
1477,449,2022-03-17 02:41:20.026675,Completed
1478,87,2023-05-12 14:44:56.098699,Completed
1479,101,2023-01-18 14:37:43.954651,Completed
1480,8,2022-09-24 04:10:09.803267,Completed
1481,333,2023-12-04 23:46:04.521507,Completed
1482,200,2023-02-17 00:32:10.243414,Completed
1483,87,2023-09-08 17:22:54.458152,Completed
1484,43,2022-12-18 06:03:00.060020,Completed
1485,385,2023-06-11 18:09:28.989663,Completed
1486,109,2022-02-23 05:38:01.960653,Completed
1487,435,2022-01-13 15:21:54.438146,Completed
1488,408,2023-03-04 02:14:26.688896,Completed
1489,483,2022-12-25 07:14:03.881293,Completed
1490,152,2023-02-09 23:21:06.422140,Cancelled
1491,17,2022-11-03 06:46:12.924308,Completed
1492,133,2023-11-13 20:12:53.057685,Completed
1493,148,2023-11-08 23:32:09.043014,Completed
1494,277,2022-06-24 18:36:22.327442,Completed
1495,232,2022-04-09 10:44:51.297099,Completed
1496,314,2023-10-08 09:07:22.947649,Completed
1497,415,2023-08-24 04:00:33.611203,Completed
1498,366,2023-11-02 15:51:11.823941,Completed
1499,228,2023-07-12 15:04:08.482827,Completed
1500,139,2022-01-18 06:12:36.252084,Cancelled
1501,436,2023-03-27 10:17:57.959319,Completed
1502,399,2023-06-27 13:21:52.037345,Completed
1503,211,2023-05-15 01:05:18.106035,Completed
1504,391,2022-10-26 17:55:04.701567,Completed
1505,499,2023-01-16 21:47:28.549516,Completed
1506,28,2023-12-19 19:38:18.766255,Completed
1507,51,2022-04-04 19:54:09.483161,Cancelled
1508,491,2023-03-12 08:35:41.513837,Completed
1509,442,2022-06-19 16:05:36.112037,Completed
1510,261,2022-10-19 16:44:00.880293,Completed
1511,261,2022-07-20 18:50:17.805935,Completed
1512,350,2023-03-19 21:26:49.736578,Completed
1513,352,2022-03-26 14:12:45.855285,Completed
1514,8,2022-11-07 15:46:52.537512,Completed
1515,320,2022-03-16 15:01:15.625208,Completed
1516,138,2022-10-07 13:02:10.843614,Completed
1517,38,2023-04-22 10:31:53.437812,Returned
1518,111,2023-07-22 08:25:36.512170,Completed
1519,480,2022-07-05 22:58:03.561187,Completed
1520,368,2022-06-25 23:46:33.331110,Completed
1521,220,2023-11-14 19:33:01.860620,Completed
1522,337,2023-01-29 13:09:22.987662,Completed
1523,223,2022-04-03 20:34:00.680226,Completed
1524,136,2023-08-15 21:39:18.786262,Returned
1525,256,2022-05-08 08:59:13.184394,Completed
1526,360,2023-10-15 21:58:31.170390,Completed
1527,409,2023-12-27 14:19:29.189729,Completed
1528,329,2022-03-08 20:20:05.201733,Completed
1529,450,2023-09-12 03:03:25.268422,Completed
1530,463,2023-11-03 21:01:22.827609,Completed
1531,434,2022-03-23 16:12:19.446482,Completed
1532,451,2023-04-25 14:22:22.047349,Completed
1533,49,2023-12-26 03:19:15.985328,Returned
1534,292,2022-04-27 16:17:36.352117,Completed
1535,382,2022-08-10 04:53:22.667555,Completed
1536,324,2023-05-01 04:33:12.664221,Cancelled
1537,78,2022-11-25 09:39:33.191063,Completed
1538,105,2023-05-10 04:24:34.091363,Completed
1539,169,2023-03-03 08:44:20.086695,Cancelled
1540,217,2022-01-27 06:03:57.679226,Completed
1541,378,2022-03-21 11:41:59.639879,Completed
1542,119,2023-03-14 07:15:59.119706,Completed
1543,190,2022-03-18 07:51:31.030343,Completed
1544,255,2022-10-03 15:41:35.631877,Completed
1545,370,2023-10-30 12:00:43.214404,Completed
1546,266,2022-07-09 14:28:36.572190,Completed
1547,149,2023-01-05 11:35:45.115038,Completed
1548,164,2022-02-07 16:15:41.113704,Completed
1549,140,2022-12-30 15:34:52.297432,Completed
1550,347,2023-02-24 01:43:14.064688,Cancelled
1551,488,2022-08-04 08:52:29.849949,Completed
1552,258,2023-11-13 20:12:53.057685,Cancelled
1553,374,2022-06-25 06:16:26.728909,Completed
1554,269,2022-08-10 16:33:27.069023,Completed
1555,181,2022-07-31 11:31:54.638212,Completed
1556,160,2022-01-03 22:00:26.408802,Completed
1557,351,2023-10-08 09:07:22.947649,Completed
1558,400,2022-05-01 19:28:13.764588,Completed
1559,288,2023-03-03 20:24:24.488162,Completed
1560,288,2023-07-10 10:33:48.676225,Completed
1561,380,2022-09-29 12:30:58.219406,Completed
1562,226,2023-11-19 10:23:43.674558,Completed
1563,11,2022-10-18 05:43:47.675891,Completed
1564,10,2023-05-03 03:13:30.270090,Completed
1565,271,2023-10-07 21:27:18.546182,Completed
1566,273,2023-10-21 06:19:19.586528,Completed
1567,424,2023-02-05 08:30:24.608202,Completed
1568,402,2023-01-22 11:58:19.166388,Returned
1569,183,2023-12-05 23:06:13.324441,Completed
1570,457,2023-12-27 02:39:24.788262,Completed
1571,153,2022-12-29 04:34:39.093031,Completed
1572,488,2023-10-13 05:48:06.962320,Cancelled
1573,315,2022-02-04 12:25:12.504168,Completed
1574,334,2022-10-25 12:44:53.697899,Returned
1575,124,2023-11-03 03:31:16.225408,Completed
1576,473,2023-09-07 00:32:39.053017,Completed
1577,114,2022-05-18 02:20:41.213737,Cancelled
1578,278,2023-09-05 01:52:21.447149,Completed
1579,500,2023-08-14 22:19:09.983327,Completed
1580,414,2023-02-21 21:12:54.258086,Completed
1581,468,2023-12-24 16:19:02.780926,Cancelled
1582,213,2022-04-12 02:55:15.505168,Completed
1583,172,2023-03-26 05:07:46.955651,Completed
1584,288,2023-07-27 10:56:22.727575,Completed
1585,435,2023-10-18 08:18:53.177725,Completed
1586,174,2023-02-22 08:52:58.659553,Cancelled
1587,113,2022-12-04 21:10:59.019673,Completed
1588,376,2022-09-17 08:49:08.182727,Completed
1589,405,2023-11-09 05:22:11.243747,Returned
1590,483,2023-03-30 14:08:26.568856,Completed
1591,122,2022-09-30 11:51:07.022340,Completed
1592,32,2022-11-10 02:07:14.544848,Completed
1593,222,2023-03-16 00:06:14.524841,Completed
1594,119,2023-06-16 14:50:13.004334,Completed
1595,39,2023-01-01 14:15:09.903301,Completed
1596,497,2022-09-04 23:17:15.945315,Completed
1597,268,2022-08-20 09:54:55.098366,Completed
1598,233,2023-12-19 07:58:14.364788,Completed
1599,431,2022-01-18 06:12:36.252084,Completed
1600,18,2023-02-15 19:21:59.239746,Completed
1601,149,2022-11-10 19:37:21.147049,Completed
1602,397,2022-11-23 16:49:17.785928,Returned
1603,149,2023-06-08 14:19:00.380126,Completed
1604,126,2022-08-03 09:32:21.047015,Completed
1605,392,2022-02-03 13:05:03.701233,Completed
1606,302,2023-10-10 01:57:38.352784,Completed
1607,360,2023-12-09 08:46:44.134711,Completed
1608,238,2023-07-18 22:45:05.701900,Completed
1609,135,2023-01-01 14:15:09.903301,Completed
1610,151,2023-08-22 17:00:20.406802,Returned
1611,236,2023-09-13 14:03:38.472824,Completed
1612,224,2022-06-27 22:26:50.936978,Completed
1613,203,2023-03-01 21:44:06.882294,Completed
1614,256,2022-04-13 19:45:30.910303,Completed
1615,86,2023-01-22 17:48:21.367122,Completed
1616,150,2022-04-05 13:24:16.085361,Completed
1617,235,2022-03-24 21:22:30.450150,Completed
1618,345,2022-08-18 17:04:39.693231,Completed
1619,22,2022-05-30 00:12:29.049683,Completed
1620,348,2022-04-30 14:18:02.760920,Completed
1621,285,2022-02-16 10:17:00.340113,Completed
1622,269,2022-05-02 01:18:15.965321,Completed
1623,466,2022-07-19 13:40:06.802267,Completed
1624,258,2023-02-26 17:53:38.272757,Completed
1625,29,2022-11-02 07:26:04.121373,Completed
1626,213,2023-04-24 09:12:11.043681,Cancelled
1627,463,2022-02-24 22:28:17.365788,Completed
1628,436,2022-12-05 20:31:07.822607,Completed
1629,283,2023-06-16 09:00:10.803601,Completed
1630,50,2023-12-07 15:56:28.729576,Completed
1631,95,2022-07-18 08:29:55.798599,Completed
1632,463,2022-12-25 01:24:01.680560,Cancelled
1633,499,2022-09-21 23:39:49.996665,Completed
1634,407,2022-01-26 00:53:46.675558,Returned
1635,88,2023-04-01 12:48:44.174724,Cancelled
1636,44,2022-07-31 11:31:54.638212,Completed
1637,461,2022-06-12 03:14:27.889296,Completed
1638,278,2023-05-12 08:54:53.897965,Completed
1639,171,2022-03-08 02:49:58.599533,Completed
1640,421,2022-09-08 03:07:44.554851,Cancelled
1641,189,2023-06-27 07:31:49.836612,Completed
1642,353,2022-09-13 11:28:32.970990,Cancelled
1643,184,2023-01-18 08:47:41.753917,Completed
1644,3,2022-03-12 23:30:42.614204,Cancelled
1645,191,2023-06-25 14:41:34.431477,Returned
1646,118,2023-05-27 16:27:12.544181,Completed
1647,19,2022-11-11 01:27:23.347782,Completed
1648,23,2022-03-16 15:01:15.625208,Completed
1649,413,2022-08-26 05:55:47.915971,Completed
1650,30,2022-11-01 02:15:53.117705,Returned
1651,295,2022-11-05 17:06:34.931643,Completed
1652,108,2023-10-30 17:50:45.415138,Completed
1653,367,2023-01-04 18:05:38.512837,Completed
1654,281,2023-06-02 18:18:07.562520,Completed
1655,128,2022-10-21 21:14:20.686895,Completed
1656,229,2023-07-13 20:14:19.486495,Completed
1657,111,2022-12-01 23:10:32.610870,Completed
1658,136,2023-03-07 23:35:01.900633,Completed
1659,362,2023-02-22 20:33:03.061020,Completed
1660,186,2023-05-12 08:54:53.897965,Completed
1661,144,2022-07-13 05:59:09.583194,Completed
1662,72,2022-08-06 19:12:51.857285,Completed
1663,129,2023-04-22 16:21:55.638546,Completed
1664,364,2022-02-20 19:17:39.953317,Completed
1665,261,2023-11-27 22:35:00.700233,Completed
1666,3,2023-10-08 14:57:25.148382,Completed
1667,449,2023-08-30 05:51:28.629543,Returned
1668,388,2023-09-02 09:41:57.239079,Completed
1669,104,2022-08-24 01:25:28.109369,Returned
1670,483,2022-04-25 11:47:16.545515,Completed
1671,224,2023-08-11 12:38:39.173057,Completed
1672,320,2023-12-18 08:38:05.561853,Completed
1673,362,2022-08-13 02:53:49.076358,Completed
1674,354,2022-02-03 01:24:59.299766,Completed
1675,491,2022-03-30 23:13:25.468489,Completed
1676,473,2023-12-21 06:38:31.970656,Completed
1677,10,2022-02-14 11:36:42.734244,Completed
1678,405,2023-09-05 07:42:23.647882,Completed
1679,384,2022-12-06 19:51:16.625541,Completed
1680,302,2023-10-19 13:29:04.181393,Completed
1681,231,2023-11-11 15:42:33.251083,Completed
1682,219,2022-05-11 06:59:39.593197,Completed
1683,411,2023-11-24 12:54:29.889963,Completed
1684,66,2023-01-25 09:58:45.575191,Completed
1685,425,2022-11-06 10:36:41.533844,Completed
1686,112,2023-12-23 05:18:49.576525,Cancelled
1687,13,2023-09-14 13:23:47.275758,Completed
1688,393,2023-10-13 17:28:11.363787,Completed
1689,500,2022-09-24 10:00:12.004001,Completed
1690,420,2022-11-14 05:17:51.957319,Completed
1691,86,2022-08-11 10:03:33.671223,Completed
1692,234,2022-02-06 16:55:32.310770,Completed
1693,90,2022-09-07 21:17:42.354118,Completed
1694,314,2022-10-24 01:44:40.493497,Completed
1695,54,2023-04-26 13:42:30.850283,Completed
1696,12,2023-09-03 09:02:06.042014,Completed
1697,209,2022-03-07 15:09:54.198066,Completed
1698,462,2022-10-16 07:03:30.070023,Completed
1699,14,2022-04-22 13:46:50.136712,Completed
1700,121,2022-01-26 06:43:48.876292,Completed
1701,418,2023-02-20 16:02:43.254418,Completed
1702,437,2023-06-21 23:11:01.420473,Completed
1703,377,2023-08-06 21:47:57.359119,Completed
1704,20,2022-04-16 06:05:52.917639,Cancelled
1705,75,2023-12-06 16:36:19.926642,Completed
1706,400,2022-02-03 18:55:05.901967,Returned
1707,243,2022-12-30 03:54:47.895965,Completed
1708,223,2022-01-21 21:43:09.263087,Completed
1709,70,2023-02-20 21:52:45.455151,Completed
1710,312,2023-06-27 01:41:47.635878,Completed
1711,211,2023-08-11 00:58:34.771590,Completed
1712,101,2022-02-01 02:44:41.693897,Completed
1713,186,2022-11-05 11:16:32.730910,Completed
1714,132,2023-01-25 04:08:43.374458,Cancelled
1715,111,2022-06-12 14:54:32.290763,Completed
1716,381,2022-02-05 23:25:25.708569,Completed
1717,132,2022-08-28 04:36:05.521840,Completed
1718,20,2022-07-26 20:41:12.824274,Completed
1719,394,2022-12-20 22:13:24.268089,Completed
1720,24,2022-06-02 09:52:59.859953,Completed
1721,227,2022-12-29 16:14:43.494498,Cancelled
1722,154,2023-08-30 00:01:26.428809,Completed
1723,293,2023-05-12 20:34:58.299433,Completed
1724,230,2022-08-03 15:22:23.247749,Completed
1725,469,2023-07-24 01:15:51.917305,Returned
1726,310,2023-03-11 15:05:34.911637,Completed
1727,488,2022-03-02 12:39:07.982660,Completed
1728,359,2023-12-13 00:17:17.145715,Completed
1729,405,2022-08-19 04:44:44.094698,Completed
1730,202,2022-08-25 18:15:43.514504,Completed
1731,38,2022-11-19 01:58:35.971990,Completed
1732,430,2023-11-21 09:04:01.280426,Returned
1733,260,2022-08-27 22:46:03.321107,Cancelled
1734,188,2022-08-04 20:32:34.251417,Completed
1735,57,2023-12-15 22:17:43.554518,Completed
1736,429,2023-05-30 14:27:38.952984,Completed
1737,20,2023-10-12 12:18:00.360120,Cancelled
1738,273,2022-08-01 10:52:03.441147,Completed
1739,119,2022-11-19 07:48:38.172724,Completed
1740,71,2022-04-25 05:57:14.344781,Completed
1741,4,2023-04-29 00:02:52.857619,Completed
1742,221,2022-01-22 21:03:18.066022,Completed
1743,14,2022-05-09 14:09:24.188062,Completed
1744,3,2022-06-10 10:24:12.484161,Completed
1745,216,2022-06-29 09:27:04.141380,Cancelled
1746,229,2023-11-06 01:31:42.634211,Completed
1747,336,2022-07-31 17:21:56.838946,Completed
1748,186,2023-02-14 20:01:50.436812,Completed
1749,55,2022-02-16 10:17:00.340113,Completed
1750,500,2023-04-28 18:12:50.656885,Completed
1751,388,2023-06-16 03:10:08.602867,Completed
1752,376,2022-03-25 14:52:37.052350,Completed
1753,254,2022-09-03 00:36:58.339446,Returned
1754,24,2023-09-12 20:33:31.870623,Completed
1755,162,2022-02-19 02:27:24.548182,Completed
1756,158,2022-05-20 01:00:58.819606,Completed
1757,82,2022-02-16 10:17:00.340113,Completed
1758,403,2023-05-14 19:15:15.905301,Completed
1759,159,2023-04-11 00:20:10.003334,Cancelled
1760,188,2023-02-22 03:02:56.458819,Completed
1761,60,2022-03-17 08:31:22.227409,Completed
1762,403,2023-09-24 00:55:13.104368,Returned
1763,305,2023-05-27 04:47:08.142714,Completed
1764,319,2022-04-18 10:36:12.724241,Completed
1765,366,2022-11-03 06:46:12.924308,Completed
1766,211,2022-07-31 05:41:52.437479,Completed
1767,406,2022-05-22 23:01:25.228409,Completed
1768,152,2023-01-23 11:18:27.969323,Completed
1769,109,2023-11-12 09:12:39.853284,Completed
1770,76,2023-01-09 14:46:22.527509,Completed
1771,30,2022-03-29 06:23:10.063354,Completed
1772,314,2023-02-23 19:53:11.863954,Completed
1773,486,2023-11-28 16:05:07.302434,Completed
1774,117,2023-05-20 21:06:10.923641,Cancelled
1775,415,2023-03-15 00:46:05.721907,Completed
1776,356,2023-05-04 20:03:45.675225,Completed
1777,192,2023-06-08 20:09:02.580860,Completed
1778,19,2022-07-24 22:00:55.218406,Completed
1779,432,2023-01-31 00:09:36.192064,Returned
1780,173,2023-11-03 21:01:22.827609,Completed
1781,228,2022-08-05 08:12:38.652884,Completed
1782,350,2023-04-29 23:23:01.660553,Completed
1783,183,2023-04-27 18:52:41.853951,Completed
1784,113,2022-08-22 02:45:10.503501,Completed
1785,183,2022-12-23 20:13:50.676892,Completed
1786,481,2023-12-16 15:47:50.156718,Completed
1787,146,2022-12-22 03:23:35.271757,Completed
1788,319,2022-06-27 16:36:48.736245,Completed
1789,116,2022-05-28 01:32:11.443814,Completed
1790,113,2023-09-01 16:11:50.636878,Completed
1791,251,2022-05-30 06:02:31.250416,Cancelled
1792,476,2023-10-30 06:10:41.013671,Completed
1793,251,2023-05-03 03:13:30.270090,Completed
1794,303,2023-02-22 20:33:03.061020,Completed
1795,459,2022-06-13 14:14:41.093697,Completed
1796,313,2022-11-05 17:06:34.931643,Cancelled
1797,118,2023-09-22 13:54:59.899966,Completed
1798,301,2023-01-21 18:28:12.564188,Completed
1799,161,2023-12-07 21:46:30.930310,Completed
1800,401,2023-01-27 14:29:05.381793,Completed
1801,198,2022-08-06 19:12:51.857285,Completed
1802,260,2022-12-22 09:13:37.472490,Completed
1803,148,2022-03-09 08:00:09.603201,Completed
1804,240,2022-05-14 22:30:12.604201,Completed
1805,47,2023-02-02 16:20:00.400133,Completed
1806,475,2023-06-09 13:39:09.183061,Completed
1807,399,2023-08-15 04:09:12.184061,Completed
1808,198,2022-07-04 17:47:52.557519,Completed
1809,47,2023-10-29 06:50:32.210736,Completed
1810,78,2022-12-19 05:23:08.862954,Completed
1811,124,2022-04-09 04:54:49.096365,Completed
1812,75,2022-11-27 02:29:48.596198,Completed
1813,359,2022-10-27 11:25:11.303767,Returned
1814,137,2022-01-06 02:30:46.215405,Cancelled
1815,90,2022-06-14 13:34:49.896632,Completed
1816,400,2023-10-09 02:37:29.549849,Completed
1817,325,2023-05-08 23:14:23.087695,Completed
1818,500,2022-10-27 05:35:09.103034,Completed
1819,61,2023-05-15 12:45:22.507502,Completed
1820,138,2023-10-31 05:30:49.816605,Completed
1821,50,2023-03-16 11:46:18.926308,Returned
1822,259,2022-05-09 08:19:21.987329,Completed
1823,461,2023-05-11 03:44:42.894298,Completed
1824,107,2023-10-06 22:07:09.743247,Completed
1825,113,2023-02-12 09:41:28.429476,Completed
1826,350,2022-06-09 11:04:03.681227,Completed
1827,254,2022-02-10 02:36:03.121040,Completed
1828,118,2022-07-26 03:11:06.222074,Completed
1829,493,2022-05-01 07:48:09.363121,Completed
1830,198,2022-05-24 04:11:36.232077,Completed
1831,337,2022-04-15 00:55:41.913971,Completed
1832,365,2023-11-17 17:33:28.269423,Completed
1833,51,2022-02-09 09:05:56.518839,Completed
1834,245,2023-08-10 13:18:30.370123,Completed
1835,403,2022-11-03 18:26:17.325775,Returned
1836,426,2022-01-18 06:12:36.252084,Completed
1837,35,2022-06-08 23:23:59.279759,Cancelled
1838,302,2022-03-07 03:29:49.796598,Returned
1839,410,2023-03-08 17:05:08.502834,Completed
1840,499,2023-08-22 11:10:18.206068,Completed
1841,69,2022-11-05 05:26:30.530176,Cancelled
1842,349,2022-09-04 17:27:13.744581,Completed
1843,320,2023-10-24 15:59:50.396798,Completed
1844,421,2022-09-21 06:09:43.394464,Returned
1845,468,2022-01-02 05:10:11.003667,Completed
1846,49,2022-08-27 11:05:58.919639,Completed
1847,405,2023-09-29 03:25:59.319773,Completed
1848,74,2022-04-09 16:34:53.497832,Completed
1849,192,2023-04-20 17:41:38.032677,Completed
1850,261,2023-05-19 21:46:02.120706,Completed
1851,356,2022-08-28 10:26:07.722574,Completed
1852,70,2022-04-05 13:24:16.085361,Completed
1853,90,2022-06-22 08:16:00.320106,Completed
1854,260,2023-09-29 09:16:01.520506,Completed
1855,126,2022-12-24 13:43:57.279093,Completed
1856,231,2022-07-03 00:57:37.152384,Completed
1857,295,2023-06-18 01:50:26.208736,Completed
1858,498,2022-12-09 23:41:45.235078,Completed
1859,419,2023-11-20 09:43:52.477492,Returned
1860,129,2022-11-06 04:46:39.333111,Completed
1861,280,2022-05-08 14:49:15.385128,Completed
1862,313,2022-12-27 23:24:28.089363,Completed
1863,100,2023-05-16 17:55:33.511170,Completed
1864,326,2023-12-19 02:08:12.164054,Completed
1865,297,2023-08-14 22:19:09.983327,Completed
1866,182,2022-05-15 21:50:21.407135,Completed
1867,174,2023-12-15 04:47:36.952317,Completed
1868,316,2022-01-05 09:00:39.613204,Completed
1869,364,2022-05-20 12:41:03.221073,Completed
1870,188,2023-11-12 03:22:37.652550,Completed
1871,57,2022-09-01 19:26:47.335778,Cancelled
1872,31,2023-08-23 10:30:27.009003,Completed
1873,84,2023-08-23 10:30:27.009003,Completed
1874,152,2023-04-17 02:11:05.021673,Completed
1875,473,2023-04-17 08:01:07.222407,Returned
1876,36,2023-02-02 10:29:58.199399,Completed
1877,213,2023-02-17 18:02:16.845615,Returned
1878,414,2023-06-12 05:49:33.391130,Completed
1879,408,2022-04-15 18:25:48.516172,Completed
1880,364,2023-05-24 06:46:41.733911,Completed
1881,106,2023-04-06 15:19:30.390130,Completed
1882,414,2023-04-18 07:21:16.025341,Completed
1883,342,2022-11-22 17:29:08.982994,Completed
1884,220,2023-08-14 04:49:03.381127,Completed
1885,391,2022-02-05 00:05:16.905635,Cancelled
1886,163,2023-08-09 19:48:23.767922,Completed
1887,439,2022-09-18 19:49:21.387129,Cancelled
1888,220,2022-09-22 11:19:54.398132,Completed
1889,270,2023-08-07 21:08:06.162054,Completed
1890,120,2022-07-14 05:19:18.386128,Cancelled
1891,394,2023-11-30 08:55:22.707569,Completed
1892,336,2022-10-07 18:52:13.044348,Completed
1893,400,2023-08-18 07:59:40.793597,Completed
1894,182,2023-04-21 11:11:44.634878,Completed
1895,479,2023-12-13 11:57:21.547182,Completed
1896,106,2022-04-23 07:16:56.738912,Completed
1897,217,2023-03-08 05:25:04.101367,Completed
1898,205,2023-05-13 02:25:00.500166,Returned
1899,70,2022-07-16 03:59:35.991997,Completed
1900,44,2022-02-15 05:06:49.336445,Cancelled
1901,329,2023-02-28 16:33:55.878626,Completed
1902,301,2022-06-27 16:36:48.736245,Completed
1903,228,2023-04-16 08:40:58.419473,Completed
1904,184,2022-10-22 20:34:29.489829,Completed
1905,107,2022-12-09 23:41:45.235078,Cancelled
1906,84,2022-04-15 00:55:41.913971,Completed
1907,338,2023-12-08 03:36:33.131043,Completed
1908,250,2022-11-14 16:57:56.358786,Completed
1909,363,2023-07-10 04:43:46.475491,Completed
1910,441,2022-10-23 19:54:38.292764,Cancelled
1911,21,2022-11-15 10:28:02.960986,Cancelled
1912,196,2022-07-07 04:08:14.564854,Completed
1913,178,2022-07-04 00:17:45.955318,Completed
1914,417,2022-02-02 19:34:57.099033,Completed
1915,475,2022-07-12 06:39:00.780260,Completed
1916,7,2022-02-11 07:46:14.124708,Returned
1917,70,2023-06-21 05:40:54.818272,Completed
1918,127,2023-07-01 10:42:27.249083,Completed
1919,399,2023-01-20 01:37:57.159053,Completed
1920,466,2022-08-22 14:25:14.904968,Returned
1921,160,2023-10-02 07:16:27.929309,Completed
1922,248,2022-08-01 16:42:05.641880,Completed
1923,203,2023-08-11 18:28:41.373791,Completed
1924,148,2022-01-25 19:03:44.474824,Completed
1925,472,2022-09-01 07:46:42.934311,Completed
1926,143,2022-10-07 01:22:06.442147,Completed
1927,432,2023-11-23 13:34:21.087029,Completed
1928,199,2022-12-27 00:04:19.286428,Completed
1929,405,2022-06-09 16:54:05.881960,Completed
1930,426,2023-12-13 23:37:25.948649,Completed
1931,154,2022-10-24 13:24:44.894964,Completed
1932,492,2023-11-07 18:21:58.039346,Completed
1933,376,2022-04-13 13:55:28.709569,Completed
1934,384,2023-09-29 15:06:03.721240,Completed
1935,142,2022-02-11 07:46:14.124708,Cancelled
1936,313,2023-06-24 15:21:25.628542,Completed
1937,165,2023-10-21 17:59:23.987995,Completed
1938,314,2022-04-20 20:56:34.731577,Completed
1939,21,2023-08-06 15:57:55.158386,Completed
1940,82,2023-04-26 02:02:26.448816,Completed
1941,69,2023-02-07 18:50:46.615538,Completed
1942,131,2023-09-10 16:03:12.064021,Completed
1943,87,2023-10-11 07:07:49.356452,Completed
1944,218,2023-12-22 23:28:47.375791,Completed
1945,421,2023-05-15 01:05:18.106035,Completed
1946,472,2022-03-11 18:20:31.610536,Completed
1947,305,2023-02-03 21:30:11.403801,Completed
1948,403,2022-12-18 17:43:04.461487,Completed
1949,371,2023-04-11 00:20:10.003334,Completed
1950,345,2022-05-28 13:12:15.845281,Returned
1951,341,2022-04-21 20:16:43.534511,Completed
1952,384,2023-03-05 19:04:42.094031,Completed
1953,396,2022-10-25 18:34:55.898632,Completed
1954,445,2022-10-28 04:55:17.905968,Cancelled
1955,425,2022-09-08 03:07:44.554851,Completed
1956,161,2023-10-12 06:27:58.159386,Completed
1957,178,2023-08-12 23:38:52.377459,Cancelled
1958,117,2022-04-19 09:56:21.527175,Cancelled
1959,196,2022-07-22 17:30:35.411803,Completed
1960,383,2022-07-16 21:29:42.594198,Completed
1961,490,2022-12-13 03:32:13.844614,Completed
1962,327,2022-12-09 23:41:45.235078,Completed
1963,86,2022-08-21 20:55:08.302767,Completed
1964,289,2022-12-25 13:04:06.082027,Completed
1965,81,2023-12-05 23:06:13.324441,Completed
1966,152,2022-07-16 09:49:38.192730,Completed
1967,61,2022-08-26 17:35:52.317439,Completed
1968,61,2023-08-22 17:00:20.406802,Completed
1969,354,2022-06-26 05:36:35.531843,Completed
1970,28,2023-08-31 22:41:44.034678,Completed
1971,442,2022-10-23 14:04:36.092030,Cancelled
1972,43,2023-06-19 01:10:35.011670,Completed
1973,169,2023-04-08 13:59:47.995998,Completed
1974,423,2023-11-14 02:02:55.258419,Cancelled
1975,86,2022-07-09 02:48:32.170723,Completed
1976,177,2022-08-25 06:35:39.113037,Completed
1977,17,2023-11-15 01:23:04.061353,Returned
1978,98,2023-01-09 20:36:24.728242,Completed
1979,454,2022-12-11 04:51:56.238746,Completed
1980,494,2023-06-01 01:27:52.157385,Completed
1981,198,2022-05-26 08:41:56.038679,Completed
1982,98,2022-02-24 10:48:12.964321,Completed
1983,65,2023-01-13 12:06:57.739246,Cancelled
1984,330,2023-06-10 01:19:13.584528,Completed
1985,341,2023-07-13 14:24:17.285761,Completed
1986,5,2022-07-24 04:30:48.616205,Completed
1987,2,2023-03-17 22:46:32.130710,Completed
1988,22,2022-06-23 07:36:09.123041,Completed
1989,112,2022-09-26 20:20:34.011337,Completed
1990,57,2022-01-31 03:24:32.890963,Completed
1991,66,2022-09-23 10:40:03.201067,Completed
1992,330,2023-12-14 11:17:30.350116,Completed
1993,98,2022-11-07 21:36:54.738246,Completed
1994,144,2023-03-02 09:24:11.283761,Completed
1995,368,2022-01-08 01:11:03.821273,Completed
1996,435,2023-07-20 21:25:23.307769,Completed
1997,125,2023-12-24 04:38:58.379459,Completed
1998,167,2023-05-06 07:03:58.879626,Completed
1999,86,2023-08-11 00:58:34.771590,Completed
2000,76,2022-05-01 01:58:07.162387,Returned
2001,344,2023-01-27 02:49:00.980326,Completed
2002,495,2022-06-24 06:56:17.925975,Completed
2003,424,2022-09-04 23:17:15.945315,Completed
2004,294,2022-11-21 23:59:02.380793,Completed
2005,444,2022-05-28 01:32:11.443814,Completed
2006,59,2022-04-01 21:53:43.074358,Completed
2007,138,2023-10-15 21:58:31.170390,Completed
2008,99,2023-04-22 10:31:53.437812,Cancelled
2009,192,2022-09-12 17:58:26.368789,Returned
2010,243,2022-11-26 20:39:46.395465,Completed
2011,319,2022-01-28 22:54:13.084361,Completed
2012,49,2023-05-25 06:06:50.536845,Completed
2013,448,2023-03-14 18:56:03.521173,Completed
2014,32,2023-06-06 15:38:42.774258,Completed
2015,391,2022-12-27 05:54:21.487162,Completed
2016,277,2023-01-11 19:16:42.334111,Completed
2017,20,2023-01-29 18:59:25.188396,Completed
2018,154,2023-08-20 00:49:56.198732,Completed
2019,383,2022-06-16 06:25:05.301767,Completed
2020,68,2023-12-19 02:08:12.164054,Completed
2021,366,2023-09-12 20:33:31.870623,Completed
2022,372,2022-12-24 13:43:57.279093,Completed
2023,214,2023-12-16 21:37:52.357452,Completed
2024,143,2023-01-24 16:28:38.972990,Cancelled
2025,376,2023-07-15 07:14:32.690896,Completed
2026,232,2023-12-04 17:56:02.320773,Completed
2027,213,2023-06-11 23:59:31.190396,Completed
2028,79,2022-07-16 15:39:40.393464,Completed
2029,214,2022-08-26 11:45:50.116705,Completed
2030,116,2023-05-26 17:07:03.741247,Completed
2031,92,2022-11-26 03:09:39.793264,Completed
2032,270,2022-07-10 07:58:43.174391,Completed
2033,411,2022-02-28 08:08:48.176058,Completed
2034,381,2023-03-09 04:45:12.904301,Completed
2035,489,2023-01-13 12:06:57.739246,Completed
2036,168,2022-04-28 03:57:40.753584,Completed
2037,58,2022-09-03 23:57:07.142380,Completed
2038,284,2022-02-15 05:06:49.336445,Completed
2039,26,2023-04-03 05:38:59.579859,Completed
2040,369,2023-10-20 01:09:08.582860,Completed
2041,447,2023-07-16 06:34:41.493831,Completed
2042,66,2022-08-20 09:54:55.098366,Returned
2043,409,2022-12-04 03:40:52.417472,Completed
2044,248,2022-04-30 02:37:58.359453,Completed
2045,254,2022-04-15 12:35:46.315438,Completed
2046,387,2022-02-27 20:28:43.774591,Completed
2047,456,2023-07-26 11:36:13.924641,Cancelled
2048,44,2023-07-25 00:36:00.720240,Completed
2049,97,2022-01-19 05:32:45.055018,Completed
2050,42,2022-11-26 14:49:44.194731,Completed
2051,500,2023-04-13 10:40:32.010670,Completed
2052,227,2023-03-09 22:15:19.506502,Completed
2053,262,2023-10-16 15:28:37.772590,Cancelled
2054,167,2022-07-20 18:50:17.805935,Completed
2055,436,2023-07-21 09:05:27.709236,Completed
2056,279,2022-05-24 10:01:38.432810,Cancelled
2057,89,2023-05-31 02:07:43.354451,Completed
2058,379,2023-10-31 11:20:52.017339,Completed
2059,178,2023-04-08 08:09:45.795265,Completed
2060,427,2023-04-10 06:50:03.401133,Completed
2061,403,2022-05-20 12:41:03.221073,Completed
2062,197,2022-08-05 14:02:40.853617,Completed
2063,307,2023-05-16 12:05:31.310436,Completed
2064,267,2022-02-04 00:45:08.102700,Completed
2065,268,2023-03-11 20:55:37.112370,Completed
2066,74,2022-01-04 21:20:35.211737,Completed
2067,8,2022-09-21 23:39:49.996665,Completed
2068,408,2022-03-03 06:09:14.584861,Completed
2069,476,2022-04-23 18:57:01.140380,Completed
2070,297,2022-04-02 03:43:45.275091,Completed
2071,164,2023-03-21 02:37:00.740246,Completed
2072,485,2022-05-07 03:49:02.180726,Completed
2073,85,2023-03-29 03:08:13.364454,Completed
2074,72,2022-01-22 15:13:15.865288,Completed
2075,55,2022-06-24 18:36:22.327442,Completed
2076,393,2023-11-25 00:34:34.291430,Completed
2077,47,2023-11-23 01:54:16.685561,Completed
2078,399,2022-06-02 21:33:04.261420,Completed
2079,432,2023-04-03 23:09:06.182060,Completed
2080,238,2022-01-19 05:32:45.055018,Cancelled
2081,104,2022-08-13 20:23:55.678559,Completed
2082,210,2023-08-18 19:39:45.195065,Completed
2083,42,2023-03-15 18:16:12.324108,Completed
2084,316,2022-08-24 13:05:32.510836,Completed
2085,468,2022-09-23 22:20:07.602534,Completed
2086,454,2023-05-08 23:14:23.087695,Completed
2087,268,2022-12-08 06:51:29.829943,Completed
2088,386,2023-11-23 07:44:18.886295,Completed
2089,263,2022-02-17 03:47:06.942314,Completed
2090,336,2022-02-25 04:18:19.566522,Completed
2091,387,2022-12-21 15:43:30.870290,Completed
2092,365,2022-04-22 19:36:52.337445,Completed
2093,259,2022-05-30 23:32:37.852617,Completed
2094,283,2022-01-16 07:32:18.646215,Completed
2095,114,2023-06-22 16:41:08.022674,Completed
2096,363,2023-05-20 03:36:04.321440,Cancelled
2097,40,2022-03-11 00:50:25.008336,Cancelled
2098,486,2023-02-14 02:31:43.834611,Completed
2099,417,2023-07-20 21:25:23.307769,Completed
2100,220,2022-07-23 11:00:42.014004,Completed
2101,129,2022-07-21 18:10:26.608869,Completed
2102,8,2022-10-16 12:53:32.270756,Completed
2103,101,2023-12-22 17:38:45.175058,Completed
2104,416,2022-02-24 04:58:10.763587,Cancelled
2105,380,2022-07-10 07:58:43.174391,Completed
2106,176,2022-08-19 16:24:48.496165,Completed
2107,107,2022-01-11 16:41:36.832277,Completed
2108,101,2023-03-16 23:26:23.327775,Completed
2109,260,2022-04-25 05:57:14.344781,Completed
2110,478,2023-05-21 20:26:19.726575,Completed
2111,454,2023-10-19 07:39:01.980660,Completed
2112,366,2022-07-21 12:20:24.408136,Completed
2113,246,2023-04-10 01:00:01.200400,Cancelled
2114,275,2023-07-06 07:23:11.263754,Completed
2115,32,2023-04-05 15:59:21.587195,Completed
2116,137,2023-09-20 09:24:40.093364,Completed
2117,12,2022-06-17 23:15:20.706902,Completed
2118,395,2022-12-04 21:10:59.019673,Completed
2119,302,2022-08-15 07:24:08.882960,Cancelled
2120,375,2022-07-24 04:30:48.616205,Completed
2121,16,2023-04-17 02:11:05.021673,Cancelled
2122,129,2023-01-18 08:47:41.753917,Completed
2123,63,2023-10-02 01:26:25.728576,Completed
2124,109,2023-07-10 16:23:50.876958,Returned
2125,375,2023-08-28 18:51:15.425141,Completed
2126,21,2022-02-05 17:35:23.507835,Completed
2127,158,2022-09-08 20:37:51.157052,Completed
2128,269,2022-11-15 16:18:05.161720,Completed
2129,162,2022-04-05 01:44:11.683894,Completed
2130,260,2023-04-01 06:58:41.973991,Returned
2131,412,2022-08-11 10:03:33.671223,Completed
2132,102,2023-04-02 12:08:52.977659,Completed
2133,223,2023-10-15 16:08:28.969656,Cancelled
2134,59,2022-03-09 08:00:09.603201,Completed
2135,247,2023-04-26 13:42:30.850283,Completed
2136,128,2023-03-28 21:18:11.163721,Completed
2137,283,2023-03-20 14:56:56.338779,Completed
2138,325,2023-10-03 18:16:41.133711,Completed
2139,25,2023-03-22 13:37:13.944648,Returned
2140,131,2023-10-18 08:18:53.177725,Completed
2141,353,2022-05-30 23:32:37.852617,Completed
2142,196,2023-02-01 05:19:47.195731,Completed
2143,281,2023-06-15 09:40:02.000666,Completed
2144,404,2022-05-21 17:51:14.224741,Completed
2145,418,2022-10-12 09:42:54.858286,Completed
2146,154,2022-04-29 20:47:56.158719,Completed
2147,382,2023-09-06 18:42:36.852284,Completed
2148,133,2022-10-15 07:43:21.267089,Completed
2149,227,2022-04-04 02:24:02.880960,Completed
2150,189,2022-02-09 09:05:56.518839,Completed
2151,476,2023-08-28 18:51:15.425141,Completed
2152,477,2023-04-02 00:28:48.576192,Completed
2153,265,2022-10-22 14:44:27.289096,Completed
2154,372,2023-08-22 11:10:18.206068,Completed
2155,486,2022-11-28 01:49:57.399133,Completed
2156,434,2023-02-01 05:19:47.195731,Completed
2157,134,2022-10-20 16:04:09.683227,Completed
2158,211,2022-03-11 18:20:31.610536,Completed
2159,60,2023-03-28 09:38:06.762254,Completed
2160,428,2022-02-15 05:06:49.336445,Completed
2161,377,2023-04-09 13:19:56.798932,Completed
2162,395,2022-10-10 05:12:35.051683,Returned
2163,450,2022-02-01 08:34:43.894631,Cancelled
2164,431,2023-06-29 17:52:11.843947,Completed
2165,364,2023-07-29 09:36:40.333444,Completed
2166,364,2023-04-04 16:39:12.784261,Completed
2167,457,2022-02-04 18:15:14.704901,Completed
2168,213,2022-01-04 15:30:33.011003,Completed
2169,216,2023-08-24 09:50:35.811937,Completed
2170,226,2022-03-01 07:28:56.978992,Completed
2171,470,2022-08-14 02:13:57.879293,Completed
2172,131,2023-06-13 22:39:48.796265,Returned
2173,76,2022-08-09 05:33:13.864621,Completed
2174,476,2022-08-04 08:52:29.849949,Completed
2175,286,2022-03-24 15:32:28.249416,Completed
2176,474,2023-05-14 13:25:13.704568,Completed
2177,496,2022-12-15 08:02:33.651217,Completed
2178,277,2022-03-16 03:21:11.223741,Completed
2179,156,2022-08-09 11:23:16.065355,Completed
2180,248,2023-10-08 03:17:20.746915,Completed
2181,218,2022-11-30 06:20:17.205735,Completed
2182,190,2022-03-19 18:51:44.234744,Returned
2183,417,2022-05-16 15:20:28.009336,Completed
2184,469,2022-10-20 16:04:09.683227,Completed
2185,163,2023-10-10 19:27:44.954984,Completed
2186,180,2023-11-02 10:01:09.623207,Completed
2187,34,2022-12-09 12:01:40.833611,Completed
2188,41,2023-02-03 21:30:11.403801,Completed
2189,307,2022-10-02 22:11:29.029676,Completed
2190,431,2023-09-19 15:54:33.491163,Completed
2191,338,2023-08-21 06:00:07.202400,Completed
2192,314,2022-07-18 14:19:57.999333,Completed
2193,75,2022-10-18 05:43:47.675891,Returned
2194,441,2023-09-10 10:13:09.863287,Completed
2195,279,2022-01-03 16:10:24.208069,Completed
2196,176,2022-02-17 03:47:06.942314,Completed
2197,384,2023-09-09 16:43:03.261087,Returned
2198,150,2023-11-22 20:04:14.484828,Completed
2199,273,2023-12-13 17:47:23.747915,Completed
2200,325,2023-06-26 19:51:45.435145,Completed
2201,108,2022-06-09 05:14:01.480493,Completed
2202,139,2023-04-12 23:00:27.609203,Completed
2203,350,2023-10-29 06:50:32.210736,Completed
2204,271,2023-05-20 21:06:10.923641,Returned
2205,347,2023-01-29 13:09:22.987662,Completed
2206,419,2022-09-30 00:11:02.620873,Cancelled
2207,289,2022-07-08 20:58:29.969989,Completed
2208,212,2022-04-18 16:26:14.924974,Completed
2209,381,2022-03-14 04:40:53.617872,Returned
2210,272,2022-07-16 03:59:35.991997,Completed
2211,418,2023-03-04 19:44:33.291097,Completed
2212,66,2022-07-25 03:50:57.419139,Completed
2213,483,2022-09-04 17:27:13.744581,Completed
2214,424,2022-12-03 10:10:45.815271,Completed
2215,248,2022-12-06 14:01:14.424808,Completed
2216,156,2022-05-15 10:10:17.005668,Completed
2217,47,2023-07-26 05:46:11.723907,Completed
2218,423,2022-04-13 02:15:24.308102,Completed
2219,454,2022-11-05 11:16:32.730910,Completed
2220,201,2022-11-03 06:46:12.924308,Completed
2221,148,2022-02-14 17:26:44.934978,Completed
2222,124,2022-04-24 12:27:07.742580,Completed
2223,1,2023-11-12 20:52:44.254751,Completed
2224,456,2023-08-09 19:48:23.767922,Completed
2225,247,2022-11-14 11:07:54.158052,Cancelled
2226,343,2023-01-19 02:17:48.356118,Completed
2227,128,2022-03-23 10:22:17.245748,Completed
2228,191,2023-06-21 23:11:01.420473,Completed
2229,67,2022-12-30 21:24:54.498166,Completed
2230,4,2023-05-16 12:05:31.310436,Completed
2231,442,2022-12-18 17:43:04.461487,Completed
2232,409,2022-05-23 16:31:31.830610,Completed
2233,303,2023-04-03 05:38:59.579859,Returned
2234,294,2022-02-18 14:47:20.146715,Completed
2235,143,2022-05-07 15:29:06.582194,Completed
2236,191,2023-04-04 16:39:12.784261,Completed
2237,21,2023-09-13 08:13:36.272090,Cancelled
2238,227,2023-02-20 21:52:45.455151,Completed
2239,313,2022-07-11 07:18:51.977325,Completed
2240,117,2022-01-15 08:12:09.843281,Completed
2241,437,2022-05-21 06:11:09.823274,Completed
2242,302,2022-03-19 18:51:44.234744,Completed
2243,500,2022-12-21 09:53:28.669556,Completed
2244,142,2023-05-11 03:44:42.894298,Completed
2245,484,2022-08-13 02:53:49.076358,Completed
2246,460,2022-12-09 12:01:40.833611,Completed
2247,401,2023-02-16 18:42:08.042680,Completed
2248,39,2022-05-19 01:40:50.016672,Completed
2249,393,2022-09-25 15:10:23.007669,Completed
2250,355,2022-05-08 20:39:17.585861,Completed
2251,252,2023-09-17 23:04:18.086028,Completed
2252,333,2023-10-09 14:17:33.951317,Completed
2253,207,2023-06-12 23:19:39.993331,Completed
2254,210,2022-07-31 11:31:54.638212,Completed
2255,115,2022-03-09 19:40:14.004668,Completed
2256,225,2023-12-22 11:48:42.974324,Completed
2257,134,2023-10-11 18:47:53.757919,Completed
2258,251,2023-12-05 05:36:06.722240,Completed
2259,219,2023-04-05 21:49:23.787929,Cancelled
2260,407,2023-03-02 15:14:13.484494,Completed
2261,443,2022-06-13 14:14:41.093697,Returned
2262,91,2022-10-07 18:52:13.044348,Completed
2263,354,2023-07-28 21:56:35.931977,Completed
2264,376,2022-03-22 11:02:08.442814,Completed
2265,46,2022-10-13 03:13:01.460486,Completed
2266,38,2023-05-11 15:24:47.295765,Completed
2267,142,2022-12-26 00:44:10.483494,Completed
2268,100,2022-01-09 12:11:17.025675,Completed
2269,328,2023-02-20 04:22:38.852950,Completed
2270,190,2022-12-17 18:22:55.658552,Completed
2271,35,2023-07-02 15:52:38.252750,Completed
2272,147,2023-10-15 21:58:31.170390,Completed
2273,30,2023-12-05 17:16:11.123707,Completed
2274,334,2022-12-02 05:00:34.811603,Completed
2275,84,2022-04-17 17:06:06.122040,Completed
2276,369,2023-11-06 19:01:49.236412,Completed
2277,281,2022-09-30 00:11:02.620873,Cancelled
2278,424,2023-12-28 07:49:35.791930,Completed
2279,344,2022-02-09 14:55:58.719573,Completed
2280,270,2022-02-05 17:35:23.507835,Completed
2281,154,2023-07-24 01:15:51.917305,Completed
2282,102,2022-02-17 03:47:06.942314,Completed
2283,215,2022-06-10 22:04:16.885628,Completed
2284,150,2022-04-27 10:27:34.151383,Completed
2285,432,2022-01-30 15:44:28.489496,Cancelled
2286,83,2022-12-12 21:42:11.643881,Completed
2287,110,2023-10-30 12:00:43.214404,Completed
2288,435,2022-08-23 07:55:21.507169,Cancelled
2289,387,2023-10-21 06:19:19.586528,Completed
2290,426,2023-03-09 04:45:12.904301,Completed
2291,275,2022-12-27 23:24:28.089363,Completed
2292,201,2023-05-05 13:33:52.277425,Completed
2293,284,2022-06-22 08:16:00.320106,Completed
2294,468,2023-08-17 20:19:36.392130,Completed
2295,173,2022-08-10 10:43:24.868289,Completed
2296,327,2022-11-27 14:09:52.997665,Cancelled
2297,206,2023-07-29 15:26:42.534178,Completed
2298,63,2023-02-26 12:03:36.072024,Cancelled
2299,73,2023-03-20 03:16:51.937312,Cancelled
2300,251,2023-01-19 19:47:54.958319,Completed
2301,124,2022-06-15 07:04:56.498832,Completed
2302,375,2022-11-21 00:38:53.577859,Completed
2303,121,2023-09-10 21:53:14.264754,Completed
2304,275,2022-05-15 21:50:21.407135,Completed
2305,431,2022-05-29 00:52:20.246748,Cancelled
2306,500,2023-06-09 01:59:04.781593,Completed
2307,398,2022-04-01 04:23:36.472157,Completed
2308,120,2023-12-07 10:06:26.528842,Completed
2309,422,2022-05-30 11:52:33.451150,Completed
2310,437,2023-11-16 06:33:15.065021,Completed
2311,317,2023-04-11 06:10:12.204068,Completed
2312,164,2023-07-02 15:52:38.252750,Completed
2313,424,2022-07-25 15:31:01.820606,Completed
2314,465,2022-01-11 05:01:32.430810,Completed
2315,286,2022-07-30 00:31:41.433811,Completed
2316,265,2022-11-05 05:26:30.530176,Completed
2317,320,2022-12-01 23:10:32.610870,Completed
2318,161,2022-07-10 13:48:45.375125,Completed
2319,376,2022-04-26 11:07:25.348449,Completed
2320,308,2022-01-20 22:23:00.460153,Completed
2321,89,2022-10-03 09:51:33.431143,Cancelled
2322,142,2023-06-28 18:32:03.041013,Completed
2323,203,2022-07-14 05:19:18.386128,Completed
2324,309,2022-08-16 06:44:17.685895,Returned
2325,227,2023-07-13 14:24:17.285761,Completed
2326,489,2023-07-23 07:45:45.315105,Completed
2327,443,2023-02-10 11:01:10.823607,Cancelled
2328,334,2022-03-21 00:01:55.238412,Completed
2329,222,2023-01-08 21:16:15.925308,Completed
2330,41,2023-04-28 12:22:48.456152,Cancelled
2331,196,2023-04-23 09:52:02.240746,Completed
2332,68,2022-07-23 05:10:39.813271,Completed
2333,476,2022-05-04 05:48:35.771923,Completed
2334,264,2023-11-07 06:41:53.637879,Completed
2335,2,2023-05-31 02:07:43.354451,Completed
2336,361,2022-11-05 17:06:34.931643,Completed
2337,125,2022-06-05 13:43:28.469489,Returned
2338,110,2023-12-28 01:59:33.591197,Returned
2339,86,2023-04-02 12:08:52.977659,Cancelled
2340,425,2022-05-28 13:12:15.845281,Completed
2341,120,2023-04-21 22:51:49.036345,Completed
2342,127,2022-05-18 08:10:43.414471,Cancelled
2343,255,2022-11-29 07:00:08.402800,Cancelled
2344,183,2023-05-26 17:07:03.741247,Completed
2345,16,2023-03-03 02:54:17.885961,Completed
2346,477,2023-09-18 22:24:26.888962,Completed
2347,62,2023-10-09 02:37:29.549849,Completed
2348,369,2023-01-20 07:27:59.359786,Completed
2349,432,2023-04-28 18:12:50.656885,Completed
2350,158,2023-06-29 12:02:09.643214,Completed
2351,268,2023-05-27 16:27:12.544181,Completed
2352,35,2022-02-01 02:44:41.693897,Completed
2353,267,2023-04-01 01:08:39.773257,Completed
2354,64,2022-06-21 08:55:51.517172,Completed
2355,494,2022-07-26 20:41:12.824274,Completed
2356,50,2022-01-02 16:50:15.405135,Completed
2357,469,2023-05-20 15:16:08.722907,Completed
2358,255,2022-10-03 21:31:37.832610,Completed
2359,149,2023-12-29 18:49:48.996332,Completed
2360,325,2023-06-14 10:19:53.197732,Completed
2361,304,2023-06-28 06:51:58.639546,Cancelled
2362,276,2023-02-17 18:02:16.845615,Completed
2363,357,2023-11-01 22:21:05.221740,Completed
2364,451,2022-12-31 03:14:56.698899,Completed
2365,172,2023-07-04 02:52:51.457152,Cancelled
2366,417,2023-02-04 15:00:18.006002,Completed
2367,201,2022-03-08 20:20:05.201733,Completed
2368,445,2023-02-18 17:22:25.648549,Completed
2369,393,2023-03-13 07:55:50.316772,Completed
2370,324,2022-02-28 19:48:52.577525,Cancelled
2371,35,2023-10-27 02:20:12.404134,Completed
2372,465,2022-02-11 07:46:14.124708,Completed
2373,482,2022-06-08 11:43:54.878292,Completed
2374,216,2023-04-15 15:10:51.817272,Completed
2375,480,2023-06-28 06:51:58.639546,Completed
2376,65,2022-09-27 13:50:40.613537,Completed
2377,8,2022-12-31 09:04:58.899633,Completed
2378,301,2023-05-26 05:26:59.339779,Completed
2379,343,2023-06-09 13:39:09.183061,Completed
2380,431,2023-04-25 08:32:19.846615,Completed
2381,424,2023-12-12 18:27:14.944981,Completed
2382,332,2022-09-17 02:59:05.981993,Completed
2383,438,2023-07-03 21:02:49.256418,Completed
2384,76,2023-05-10 16:04:38.492830,Completed
2385,174,2022-07-28 07:41:26.028676,Completed
2386,47,2023-10-12 23:58:04.761587,Completed
2387,15,2022-09-12 23:48:28.569523,Completed
2388,361,2022-03-14 10:30:55.818606,Completed
2389,147,2022-08-13 08:43:51.277092,Completed
2390,26,2022-02-03 01:24:59.299766,Completed
2391,308,2022-09-11 12:48:15.365121,Completed
2392,93,2023-08-28 13:01:13.224408,Cancelled
2393,406,2022-02-21 01:07:42.154051,Completed
2394,232,2023-11-12 09:12:39.853284,Cancelled
2395,21,2023-01-18 14:37:43.954651,Completed
2396,307,2023-08-27 07:51:02.220740,Completed
2397,38,2022-07-09 08:38:34.371457,Completed
2398,276,2022-10-26 23:45:06.902300,Cancelled
2399,157,2023-08-28 07:11:11.023674,Completed
2400,179,2023-03-15 00:46:05.721907,Completed
2401,132,2023-10-22 11:29:30.590196,Completed
2402,311,2022-09-16 21:09:03.781260,Completed
2403,455,2022-04-10 15:55:02.300766,Completed
2404,348,2023-11-25 12:14:38.692897,Completed
2405,28,2023-10-08 20:47:27.349116,Completed
2406,260,2022-04-14 13:15:37.512504,Completed
2407,406,2022-12-24 13:43:57.279093,Completed
2408,76,2023-12-18 20:18:09.963321,Completed
2409,429,2022-08-17 17:44:30.890296,Completed
2410,67,2023-04-09 13:19:56.798932,Cancelled
2411,342,2022-06-30 02:57:10.743581,Cancelled
2412,492,2022-12-05 08:51:03.421140,Returned
2413,194,2022-10-30 03:35:35.511837,Completed
2414,472,2023-01-24 22:18:41.173724,Cancelled
2415,162,2022-11-02 01:36:01.920640,Completed
2416,347,2022-03-21 11:41:59.639879,Completed
2417,439,2022-12-23 08:33:46.275425,Completed
2418,361,2023-05-26 05:26:59.339779,Completed
2419,257,2023-04-23 21:32:06.642214,Returned
2420,72,2022-04-02 03:43:45.275091,Completed
2421,87,2022-03-05 16:29:36.592197,Completed
2422,422,2022-03-06 15:49:45.395131,Completed
2423,262,2023-08-08 20:28:14.964988,Completed
2424,214,2023-04-18 13:11:18.226075,Completed
2425,153,2023-04-06 03:39:25.988662,Completed
2426,210,2023-04-08 02:19:43.594531,Completed
2427,401,2023-10-19 01:48:59.779926,Completed
2428,61,2023-02-06 13:40:35.611870,Completed
2429,268,2022-12-18 00:12:57.859286,Completed
2430,262,2022-01-11 22:31:39.033011,Completed
2431,218,2022-05-26 14:31:58.239413,Cancelled
2432,283,2022-06-24 18:36:22.327442,Completed
2433,136,2023-04-10 18:30:07.802600,Completed
2434,467,2022-11-11 01:27:23.347782,Completed
2435,380,2022-05-26 20:22:00.440146,Completed
2436,362,2022-04-03 08:53:56.278759,Completed
2437,449,2022-01-29 10:34:17.485828,Completed
2438,441,2023-06-10 18:49:20.186728,Completed
2439,93,2022-03-04 22:59:29.989996,Completed
2440,109,2022-09-24 21:40:16.405468,Completed
2441,241,2023-01-01 08:25:07.702567,Completed
2442,355,2023-07-26 17:26:16.125375,Completed
2443,424,2023-05-15 06:55:20.306768,Completed
2444,142,2022-03-30 17:23:23.267755,Cancelled
2445,291,2023-02-07 18:50:46.615538,Completed
2446,432,2023-09-17 17:14:15.885295,Completed
2447,237,2022-12-22 03:23:35.271757,Completed
2448,340,2023-05-07 23:54:14.284761,Returned
2449,312,2023-08-25 20:50:49.016338,Completed
2450,177,2022-07-12 00:48:58.579526,Completed
2451,141,2022-07-01 08:07:21.747249,Completed
2452,189,2023-08-10 19:08:32.570856,Cancelled
2453,486,2022-03-17 20:11:26.628876,Cancelled
2454,49,2022-05-11 12:49:41.793931,Completed
2455,302,2022-08-12 15:13:44.674891,Completed
2456,369,2022-09-19 19:09:30.190063,Completed
2457,190,2022-12-29 04:34:39.093031,Completed
2458,136,2023-12-09 20:26:48.536178,Completed
2459,43,2023-11-19 16:13:45.875291,Completed
2460,404,2023-08-02 18:37:19.946648,Completed
2461,380,2022-07-13 17:39:13.984661,Completed
2462,353,2022-03-26 08:22:43.654551,Completed
2463,90,2022-03-08 02:49:58.599533,Completed
2464,295,2022-06-24 18:36:22.327442,Completed
2465,341,2023-03-07 23:35:01.900633,Returned
2466,245,2023-09-12 03:03:25.268422,Completed
2467,433,2022-06-16 06:25:05.301767,Completed
2468,192,2023-06-01 18:57:58.759586,Completed
2469,318,2022-05-31 22:52:46.655551,Completed
2470,106,2023-05-11 15:24:47.295765,Completed
2471,363,2022-08-18 22:54:41.893964,Completed
2472,310,2023-08-08 14:38:12.764254,Completed
2473,382,2023-10-10 19:27:44.954984,Completed
2474,233,2022-05-03 23:58:33.571190,Completed
2475,265,2023-01-20 13:18:01.560520,Returned
2476,344,2023-09-30 14:26:12.524174,Completed
2477,37,2022-03-01 01:38:54.778259,Returned
2478,305,2022-05-03 18:08:31.370456,Returned
2479,41,2022-04-13 08:05:26.508836,Completed
2480,17,2023-07-05 08:03:02.460820,Completed
2481,344,2023-04-01 01:08:39.773257,Completed
2482,277,2022-10-17 18:03:43.274424,Completed
2483,307,2022-03-21 23:22:04.041347,Completed
2484,59,2022-06-07 18:13:48.276092,Returned
2485,423,2022-12-22 20:53:41.873957,Completed
2486,183,2022-04-05 19:14:18.286095,Completed
2487,41,2023-01-05 05:45:42.914304,Completed
2488,39,2022-04-03 08:53:56.278759,Completed
2489,397,2022-06-30 02:57:10.743581,Completed
2490,192,2023-05-04 14:13:43.474491,Completed
2491,267,2022-07-19 02:00:02.400800,Completed
2492,494,2022-06-13 08:24:38.892964,Completed
2493,147,2023-09-15 06:53:53.877959,Completed
2494,395,2023-03-07 11:54:57.499166,Completed
2495,333,2023-12-30 06:29:53.397799,Completed
2496,127,2022-10-22 08:54:25.088362,Completed
2497,46,2022-08-14 19:44:04.481493,Completed
2498,45,2023-01-10 02:26:26.928976,Completed
2499,1,2022-08-10 16:33:27.069023,Completed
2500,168,2022-06-06 07:13:35.071690,Completed
2501,108,2022-04-14 13:15:37.512504,Completed
2502,19,2022-05-02 18:48:22.567522,Completed
2503,332,2022-06-27 04:56:44.334778,Completed
2504,72,2022-11-08 20:57:03.541180,Completed
2505,456,2023-05-30 20:17:41.153717,Completed
2506,445,2023-09-06 18:42:36.852284,Cancelled
2507,109,2022-04-21 20:16:43.534511,Completed
2508,268,2023-06-28 12:42:00.840280,Completed
2509,445,2022-03-12 11:50:38.212737,Completed
2510,240,2022-08-12 09:23:42.474158,Completed
2511,417,2023-07-23 13:35:47.515838,Cancelled
2512,301,2023-04-24 15:02:13.244414,Completed
2513,90,2022-07-03 12:37:41.553851,Returned
2514,103,2023-02-08 00:40:48.816272,Completed
2515,476,2023-03-22 19:27:16.145381,Completed
2516,250,2022-11-14 11:07:54.158052,Completed
2517,453,2023-01-16 21:47:28.549516,Completed
2518,8,2023-03-31 07:38:33.171057,Completed
2519,153,2022-04-02 09:33:47.475825,Completed
2520,347,2022-10-14 14:13:14.664888,Completed
2521,174,2022-05-04 05:48:35.771923,Completed
2522,343,2022-12-16 01:32:40.253417,Cancelled
2523,158,2023-09-18 22:24:26.888962,Completed
2524,493,2022-05-16 15:20:28.009336,Completed
2525,431,2023-07-15 18:54:37.092364,Completed
2526,215,2022-04-13 02:15:24.308102,Completed
2527,177,2023-01-13 06:16:55.538512,Completed
2528,175,2022-03-15 15:41:06.822274,Completed
2529,340,2022-08-17 17:44:30.890296,Completed
2530,338,2023-09-22 08:04:57.699233,Completed
2531,146,2022-11-13 05:57:43.154384,Completed
2532,450,2022-09-22 17:09:56.598866,Completed
2533,324,2023-06-08 20:09:02.580860,Completed
2534,478,2023-07-17 17:34:54.698232,Completed
2535,161,2023-07-06 13:13:13.464488,Completed
2536,127,2023-03-21 02:37:00.740246,Completed
2537,420,2023-01-13 12:06:57.739246,Cancelled
2538,82,2022-06-18 05:05:22.907635,Completed
2539,485,2022-03-03 17:49:18.986328,Completed
2540,147,2022-12-26 06:34:12.684228,Completed
2541,239,2023-07-14 02:04:21.687229,Completed
2542,412,2022-03-04 05:29:23.387795,Completed
2543,424,2023-08-14 16:29:07.782594,Completed
2544,84,2022-04-18 04:46:10.523507,Completed
2545,113,2023-04-03 05:38:59.579859,Cancelled
2546,225,2023-10-06 04:37:03.141047,Completed
2547,332,2022-09-28 13:10:49.416472,Completed
2548,378,2023-08-16 09:19:23.187729,Completed
2549,243,2022-05-22 05:31:18.626208,Completed
2550,143,2023-02-26 17:53:38.272757,Completed
2551,41,2023-10-05 22:47:00.940313,Returned
2552,423,2022-01-05 09:00:39.613204,Completed
2553,258,2022-10-01 05:21:13.624541,Completed
2554,447,2023-10-08 03:17:20.746915,Completed
2555,285,2022-12-02 10:50:37.012337,Completed
2556,105,2023-01-16 10:07:24.148049,Returned
2557,202,2023-05-21 14:36:17.525841,Completed
2558,450,2023-04-30 11:03:06.062020,Completed
2559,307,2023-01-12 01:06:44.534844,Completed
2560,331,2022-07-29 07:01:34.831610,Completed
2561,461,2022-02-07 10:25:38.912970,Completed
2562,266,2022-08-08 17:53:09.463154,Completed
2563,398,2022-11-05 11:16:32.730910,Completed
2564,210,2022-04-09 04:54:49.096365,Completed
2565,51,2022-07-24 22:00:55.218406,Cancelled
2566,118,2023-03-10 04:05:21.707235,Completed
2567,201,2023-01-16 04:17:21.947315,Completed
2568,377,2022-10-15 19:23:25.668556,Completed
2569,39,2022-07-01 08:07:21.747249,Completed
2570,28,2023-02-24 07:33:16.265421,Cancelled
2571,259,2022-03-07 15:09:54.198066,Completed
2572,84,2022-07-06 22:18:12.364121,Completed
2573,454,2023-02-21 21:12:54.258086,Completed
2574,155,2023-01-03 01:15:23.107702,Completed
2575,117,2022-02-11 13:36:16.325441,Completed
2576,2,2022-03-08 08:40:00.800266,Completed
2577,93,2023-07-15 13:04:34.891630,Cancelled
2578,166,2022-10-09 11:42:28.449483,Completed
2579,387,2023-02-19 16:42:34.451483,Cancelled
2580,400,2023-03-07 11:54:57.499166,Completed
2581,350,2022-04-13 08:05:26.508836,Completed
2582,296,2022-12-18 00:12:57.859286,Completed
2583,258,2022-10-21 21:14:20.686895,Completed
2584,81,2023-08-10 01:38:25.968656,Completed
2585,425,2023-08-13 11:18:56.778926,Returned
2586,268,2022-05-21 17:51:14.224741,Cancelled
2587,419,2022-08-05 08:12:38.652884,Cancelled
2588,235,2022-06-25 06:16:26.728909,Completed
2589,321,2022-08-02 21:52:16.645548,Cancelled
2590,311,2022-09-30 11:51:07.022340,Completed
2591,301,2023-10-07 15:37:16.345448,Completed
2592,463,2023-05-03 20:43:36.872290,Completed
2593,474,2023-05-18 22:25:53.317772,Completed
2594,357,2022-12-25 01:24:01.680560,Completed
2595,213,2022-04-03 20:34:00.680226,Completed
2596,62,2023-06-15 03:49:59.799933,Returned
2597,49,2022-12-19 05:23:08.862954,Completed
2598,127,2023-09-12 20:33:31.870623,Completed
2599,223,2023-01-22 11:58:19.166388,Returned
2600,409,2023-03-11 03:25:30.510170,Completed
2601,279,2022-02-04 18:15:14.704901,Cancelled
2602,408,2023-04-04 10:49:10.583527,Completed
2603,294,2023-02-18 17:22:25.648549,Completed
2604,284,2022-12-15 19:42:38.052684,Completed
2605,277,2022-02-24 04:58:10.763587,Completed
2606,438,2022-02-23 05:38:01.960653,Completed
2607,107,2022-02-13 06:26:31.730576,Completed
2608,146,2023-02-07 01:20:40.013337,Completed
2609,420,2022-04-16 00:15:50.716905,Cancelled
2610,99,2022-03-06 04:09:40.993664,Completed
2611,429,2022-08-20 15:44:57.299099,Completed
2612,375,2022-04-15 00:55:41.913971,Completed
2613,73,2023-08-22 17:00:20.406802,Completed
2614,437,2023-11-06 07:21:44.834944,Completed
2615,486,2023-06-30 11:22:18.446148,Returned
2616,122,2023-01-19 08:07:50.556852,Completed
2617,30,2022-04-27 10:27:34.151383,Completed
2618,188,2022-11-25 21:19:37.592530,Completed
2619,364,2022-08-05 02:22:36.452150,Completed
2620,354,2022-08-13 14:33:53.477825,Completed
2621,288,2023-06-12 11:39:35.591863,Completed
2622,451,2023-04-08 08:09:45.795265,Completed
2623,195,2022-12-09 17:51:43.034344,Completed
2624,156,2022-11-28 01:49:57.399133,Completed
2625,172,2022-07-08 20:58:29.969989,Completed
2626,335,2023-08-06 04:17:50.756918,Completed
2627,41,2022-01-07 19:21:01.620540,Completed
2628,63,2022-01-09 06:21:14.824941,Cancelled
2629,23,2022-12-11 22:22:02.840946,Completed
2630,360,2023-10-12 00:37:55.958652,Completed
2631,75,2022-05-23 22:21:34.031343,Completed
2632,48,2022-08-08 12:03:07.262420,Returned
2633,160,2023-09-16 23:44:09.283094,Returned
2634,313,2023-06-12 05:49:33.391130,Cancelled
2635,118,2022-03-24 09:42:26.048682,Completed
2636,100,2022-02-12 07:06:22.927642,Completed
2637,380,2023-04-13 10:40:32.010670,Completed
2638,417,2023-02-21 15:22:52.057352,Completed
2639,408,2022-05-25 21:01:51.637212,Completed
2640,167,2022-04-20 09:16:30.330110,Completed
2641,290,2022-05-16 03:40:23.607869,Completed
2642,440,2022-10-09 17:32:30.650216,Completed
2643,156,2022-11-26 14:49:44.194731,Completed
2644,421,2023-05-15 18:35:24.708236,Completed
2645,7,2023-08-02 18:37:19.946648,Cancelled
2646,196,2022-09-04 23:17:15.945315,Completed
2647,421,2023-08-01 01:47:04.541513,Completed
2648,56,2023-05-17 05:35:37.912637,Completed
2649,321,2022-07-23 16:50:44.214738,Completed
2650,193,2023-02-02 22:10:02.600866,Completed
2651,47,2022-02-24 16:38:15.165055,Completed
2652,148,2023-03-17 16:56:29.929976,Completed
2653,275,2023-06-10 01:19:13.584528,Completed
2654,157,2023-05-07 00:34:05.481827,Returned
2655,202,2022-12-19 17:03:13.264421,Completed
2656,444,2023-05-13 19:55:07.102367,Completed
2657,402,2023-07-17 05:54:50.296765,Completed
2658,476,2023-01-04 00:35:31.910636,Cancelled
2659,419,2022-10-27 05:35:09.103034,Completed
2660,427,2023-02-04 20:50:20.206735,Completed
2661,495,2023-02-26 17:53:38.272757,Cancelled
2662,479,2023-12-31 00:00:00.000000,Cancelled
2663,475,2022-03-16 03:21:11.223741,Returned
2664,126,2023-05-16 12:05:31.310436,Completed
2665,395,2023-02-23 19:53:11.863954,Completed
2666,305,2023-02-15 13:31:57.039013,Returned
2667,369,2023-01-04 18:05:38.512837,Completed
2668,294,2022-12-05 03:01:01.220406,Completed
2669,64,2023-12-27 08:29:26.988996,Completed
2670,325,2022-04-12 20:25:22.107369,Completed
2671,392,2023-12-15 16:27:41.353784,Cancelled
2672,418,2023-06-24 03:41:21.227075,Completed
2673,176,2022-02-02 07:54:52.697565,Completed
2674,116,2023-05-09 10:54:27.489163,Returned
2675,440,2022-12-19 11:13:11.063687,Completed
2676,204,2023-01-13 12:06:57.739246,Completed
2677,486,2022-10-10 22:42:41.653884,Completed
2678,321,2023-03-31 07:38:33.171057,Completed
2679,31,2023-03-19 03:56:43.134378,Completed
2680,388,2023-10-20 12:49:12.984328,Completed
2681,113,2022-11-23 05:09:13.384461,Completed
2682,365,2022-12-22 20:53:41.873957,Completed
2683,434,2023-06-26 02:21:38.832944,Completed
2684,325,2022-09-20 06:49:34.591530,Completed
2685,414,2022-10-14 08:23:12.464154,Completed
2686,376,2023-02-17 00:32:10.243414,Completed
2687,344,2022-01-27 17:44:02.080693,Completed
2688,443,2023-06-15 21:20:06.402134,Completed
2689,67,2023-07-08 23:33:35.471823,Completed
2690,75,2022-04-24 12:27:07.742580,Completed
2691,45,2023-11-07 12:31:55.838612,Returned
2692,260,2023-09-07 12:12:43.454484,Completed
2693,154,2022-07-17 14:59:49.196398,Completed
2694,155,2022-11-06 04:46:39.333111,Completed
2695,430,2022-08-30 09:06:25.328442,Cancelled
2696,363,2023-05-09 16:44:29.689896,Completed
2697,448,2022-03-20 06:31:48.636212,Completed
2698,475,2023-12-23 16:58:53.977992,Completed
2699,234,2022-08-08 12:03:07.262420,Completed
2700,51,2023-01-10 14:06:31.330443,Completed
2701,306,2023-05-01 22:03:19.266422,Completed
2702,262,2023-03-18 04:36:34.331443,Completed
2703,315,2023-10-07 21:27:18.546182,Completed
2704,125,2023-08-25 20:50:49.016338,Completed
2705,399,2022-02-05 17:35:23.507835,Completed
2706,245,2022-10-05 08:31:51.037012,Completed
2707,30,2022-07-26 09:01:08.422807,Completed
2708,426,2022-03-30 23:13:25.468489,Completed
2709,485,2023-12-06 04:56:15.525175,Completed
2710,122,2022-09-22 17:09:56.598866,Returned
2711,125,2023-05-11 09:34:45.095031,Completed
2712,37,2023-11-27 05:04:54.098032,Cancelled
2713,170,2022-02-12 07:06:22.927642,Completed
2714,124,2023-03-27 16:08:00.160053,Returned
2715,357,2022-05-23 16:31:31.830610,Completed
2716,35,2022-05-01 01:58:07.162387,Completed
2717,87,2022-10-04 09:11:42.234078,Completed
2718,134,2023-03-10 15:45:26.108702,Completed
2719,196,2022-10-12 09:42:54.858286,Completed
2720,274,2022-01-09 06:21:14.824941,Completed
2721,201,2022-08-31 14:16:36.332110,Completed
2722,369,2022-11-20 18:48:51.377125,Completed
2723,285,2023-09-21 08:44:48.896298,Completed
2724,77,2023-11-11 21:32:35.451817,Completed
2725,59,2022-09-10 01:48:02.160720,Completed
2726,431,2022-04-01 16:03:40.873624,Completed
2727,126,2023-09-25 23:35:30.710236,Completed
2728,500,2022-12-19 17:03:13.264421,Completed
2729,401,2023-03-02 15:14:13.484494,Returned
2730,109,2023-07-09 05:23:37.672557,Completed
2731,224,2022-06-21 03:05:49.316438,Completed
2732,496,2022-05-17 14:40:36.812270,Completed
2733,278,2023-12-27 20:09:31.390463,Completed
2734,68,2023-12-15 04:47:36.952317,Completed
2735,69,2023-11-06 01:31:42.634211,Completed
2736,165,2023-04-01 06:58:41.973991,Completed
2737,489,2023-06-01 01:27:52.157385,Completed
2738,305,2022-04-17 11:16:03.921307,Completed
2739,397,2023-04-03 17:19:03.981327,Completed
2740,162,2023-04-27 01:22:35.251750,Completed
2741,365,2022-06-19 16:05:36.112037,Completed
2742,342,2022-11-15 22:08:07.362454,Cancelled
2743,309,2023-12-22 00:08:38.572857,Completed
2744,379,2023-01-15 22:27:19.746582,Completed
2745,343,2023-12-16 04:07:45.755251,Completed
2746,435,2022-06-17 23:15:20.706902,Completed
2747,387,2023-07-14 02:04:21.687229,Completed
2748,42,2022-10-19 16:44:00.880293,Completed
2749,354,2023-08-21 06:00:07.202400,Completed
2750,416,2023-02-02 04:39:55.998666,Completed
2751,109,2023-02-01 22:49:53.797932,Completed
2752,51,2022-01-31 15:04:37.292430,Completed
2753,250,2023-01-02 01:55:14.304768,Completed
2754,497,2022-10-17 12:13:41.073691,Completed
2755,341,2023-10-04 11:46:47.735911,Completed
2756,430,2022-03-13 05:20:44.814938,Completed
2757,383,2022-11-29 01:10:06.202067,Completed
2758,492,2022-09-05 16:47:22.547515,Completed
2759,21,2023-07-27 22:36:27.129043,Completed
2760,300,2023-10-21 12:09:21.787262,Completed
2761,139,2023-09-18 22:24:26.888962,Completed
2762,359,2023-09-21 20:24:53.297765,Cancelled
2763,324,2022-04-12 14:35:19.906635,Completed
2764,499,2022-04-18 16:26:14.924974,Completed
2765,385,2022-06-16 06:25:05.301767,Completed
2766,92,2023-12-03 18:35:53.517839,Completed
2767,447,2023-07-09 22:53:44.274758,Completed
2768,280,2022-12-22 09:13:37.472490,Completed
2769,125,2023-07-04 14:32:55.858619,Completed
2770,483,2022-01-21 10:03:04.861620,Completed
2771,397,2023-11-22 14:14:12.284094,Completed
2772,111,2023-03-06 12:34:48.696232,Completed
2773,354,2022-01-21 10:03:04.861620,Completed
2774,139,2023-04-18 13:11:18.226075,Completed
2775,484,2023-05-29 09:17:27.949316,Completed
2776,435,2023-02-10 16:51:13.024341,Completed
2777,273,2022-06-10 22:04:16.885628,Completed
2778,99,2022-06-02 04:02:57.659219,Completed
2779,252,2022-01-16 07:32:18.646215,Completed
2780,338,2023-12-27 20:09:31.390463,Completed
2781,104,2022-08-12 03:33:40.273424,Completed
2782,214,2022-12-01 05:40:26.008669,Completed
2783,249,2022-10-15 01:53:19.066355,Completed
2784,152,2023-01-27 20:19:07.582527,Completed
2785,250,2022-04-30 02:37:58.359453,Completed
2786,275,2023-04-02 12:08:52.977659,Completed
2787,165,2023-04-17 13:51:09.423141,Completed
2788,487,2022-03-17 20:11:26.628876,Completed
2789,341,2023-10-10 01:57:38.352784,Completed
2790,8,2022-08-12 03:33:40.273424,Completed
2791,284,2023-04-03 11:29:01.780593,Cancelled
2792,5,2022-07-17 09:09:46.995665,Completed
2793,145,2023-12-28 01:59:33.591197,Completed
2794,101,2022-12-28 22:44:36.892297,Completed
2795,164,2022-11-19 07:48:38.172724,Completed
2796,374,2022-06-15 01:14:54.298099,Completed
2797,147,2022-04-16 11:55:55.118372,Completed
2798,64,2022-06-15 12:54:58.699566,Completed
2799,91,2022-10-09 11:42:28.449483,Completed
2800,117,2022-09-18 19:49:21.387129,Completed
2801,354,2022-12-20 16:23:22.067355,Completed
2802,267,2023-08-04 05:37:33.151050,Completed
2803,310,2023-08-05 22:27:48.556185,Completed
2804,173,2023-10-17 14:48:46.575525,Cancelled
2805,47,2022-11-30 00:30:15.005001,Completed
2806,140,2022-06-07 12:23:46.075358,Completed
2807,246,2022-03-01 07:28:56.978992,Completed
2808,149,2023-06-09 01:59:04.781593,Completed
2809,246,2023-09-20 03:34:37.892630,Completed
2810,395,2022-03-13 17:00:49.216405,Completed
2811,487,2023-06-09 19:29:11.383794,Completed
2812,476,2023-01-27 20:19:07.582527,Cancelled
2813,5,2023-08-04 23:07:39.753251,Completed
2814,465,2023-06-07 03:18:47.175725,Completed
2815,184,2023-10-13 11:38:09.163054,Cancelled
2816,20,2023-01-31 11:49:40.593531,Completed
2817,425,2022-01-07 13:30:59.419806,Completed
2818,46,2023-12-27 08:29:26.988996,Completed
2819,12,2023-04-28 12:22:48.456152,Returned
2820,70,2023-01-15 04:57:13.144381,Completed
2821,17,2022-01-14 20:32:05.441813,Completed
2822,371,2023-01-05 17:25:47.315771,Completed
2823,147,2022-03-13 22:50:51.417139,Completed
2824,154,2023-06-15 03:49:59.799933,Completed
2825,304,2023-07-13 02:44:12.884294,Completed
2826,108,2023-09-24 06:45:15.305101,Cancelled
2827,236,2022-08-08 00:23:02.860953,Completed
2828,308,2023-04-23 09:52:02.240746,Completed
2829,352,2022-09-24 21:40:16.405468,Completed
2830,70,2023-02-12 15:31:30.630210,Completed
2831,183,2023-12-02 07:35:40.313437,Completed
2832,250,2022-10-17 12:13:41.073691,Returned
2833,228,2022-07-07 04:08:14.564854,Returned
2834,102,2023-01-06 22:35:58.319439,Completed
2835,75,2022-12-01 23:10:32.610870,Returned
2836,417,2022-10-31 08:45:46.515505,Completed
2837,446,2023-01-13 17:56:59.939979,Completed
2838,216,2022-02-05 05:55:19.106368,Completed
2839,407,2023-04-28 00:42:44.054684,Cancelled
2840,399,2022-11-04 06:06:21.727242,Completed
2841,411,2023-04-09 13:19:56.798932,Cancelled
2842,203,2023-12-16 15:47:50.156718,Completed
2843,192,2023-08-05 04:57:41.953984,Completed
2844,249,2023-03-07 17:44:59.699899,Completed
2845,499,2022-09-15 04:18:48.376125,Completed
2846,242,2023-10-31 05:30:49.816605,Completed
2847,465,2023-05-13 19:55:07.102367,Completed
2848,179,2023-05-06 18:44:03.281093,Completed
2849,437,2022-02-06 22:45:34.511503,Completed
2850,462,2023-08-25 20:50:49.016338,Completed
2851,219,2022-05-04 05:48:35.771923,Cancelled
2852,82,2022-04-30 02:37:58.359453,Completed
2853,92,2022-03-25 14:52:37.052350,Completed
2854,435,2023-04-16 08:40:58.419473,Completed
2855,175,2023-03-05 01:34:35.491830,Completed
2856,239,2022-02-23 11:28:04.161387,Completed
2857,260,2023-04-17 02:11:05.021673,Completed
2858,391,2023-04-18 01:31:13.824608,Completed
2859,365,2022-06-25 12:06:28.929643,Completed
2860,163,2022-05-09 02:29:19.786595,Completed
2861,48,2023-01-05 23:15:49.516505,Cancelled
2862,329,2023-12-04 00:25:55.718572,Completed
2863,328,2023-02-09 11:41:02.020673,Returned
2864,116,2022-04-27 16:17:36.352117,Cancelled
2865,429,2023-12-25 15:39:11.583861,Returned
2866,337,2023-03-31 19:18:37.572524,Cancelled
2867,337,2023-12-11 13:17:03.941313,Completed
2868,369,2022-12-22 09:13:37.472490,Completed
2869,225,2022-12-13 09:22:16.045348,Completed
2870,352,2022-03-25 14:52:37.052350,Completed
2871,328,2022-01-11 16:41:36.832277,Completed
2872,147,2023-05-18 16:35:51.117039,Completed
2873,63,2023-02-07 18:50:46.615538,Cancelled
2874,294,2023-04-04 16:39:12.784261,Returned
2875,323,2023-12-11 19:07:06.142047,Completed
2876,443,2023-05-25 06:06:50.536845,Completed
2877,325,2023-01-04 00:35:31.910636,Returned
2878,13,2023-09-24 12:35:17.505835,Completed
2879,431,2023-07-22 08:25:36.512170,Completed
2880,494,2022-09-01 07:46:42.934311,Completed
2881,189,2022-09-09 02:27:53.357785,Completed
2882,287,2023-09-22 08:04:57.699233,Completed
2883,208,2023-05-11 21:14:49.496498,Cancelled
2884,114,2023-11-13 08:32:48.656218,Completed
2885,480,2022-03-08 08:40:00.800266,Completed
2886,22,2022-08-21 03:25:01.700566,Completed
2887,349,2023-10-06 10:27:05.341780,Completed
2888,214,2023-03-09 10:35:15.105035,Returned
2889,171,2022-04-03 08:53:56.278759,Completed
2890,323,2022-11-25 15:29:35.391797,Completed
2891,54,2022-04-27 04:37:31.950650,Completed
2892,394,2023-05-17 05:35:37.912637,Completed
2893,298,2022-05-06 04:28:53.377792,Completed
2894,320,2022-02-16 04:26:58.139379,Completed
2895,126,2022-10-17 12:13:41.073691,Completed
2896,277,2023-10-11 12:57:51.557185,Completed
2897,464,2022-10-09 23:22:32.850950,Completed
2898,204,2023-06-20 00:30:43.814604,Returned
2899,194,2022-12-09 23:41:45.235078,Returned
2900,169,2022-03-07 20:59:56.398799,Completed
2901,152,2022-02-04 12:25:12.504168,Completed
2902,35,2023-04-10 18:30:07.802600,Completed
2903,184,2022-09-23 10:40:03.201067,Completed
2904,286,2023-07-12 15:04:08.482827,Completed
2905,57,2022-07-11 07:18:51.977325,Completed
2906,222,2023-06-01 18:57:58.759586,Completed
2907,303,2023-02-13 14:51:39.433144,Completed
2908,163,2022-06-01 04:42:48.856285,Completed
2909,19,2023-09-18 04:54:20.286762,Completed
2910,370,2023-11-17 05:53:23.867955,Completed
2911,264,2022-08-16 18:24:22.087362,Completed
2912,282,2022-09-29 18:21:00.420140,Completed
2913,113,2022-05-30 17:42:35.651883,Completed
2914,488,2022-09-08 14:47:48.956318,Completed
2915,327,2022-01-17 01:02:25.248416,Completed
2916,30,2022-02-16 04:26:58.139379,Cancelled
2917,135,2023-11-16 06:33:15.065021,Completed
2918,67,2022-05-07 09:39:04.381460,Completed
2919,65,2022-08-29 09:46:16.525508,Completed
2920,292,2022-10-05 02:41:48.836278,Returned
2921,25,2023-07-17 11:44:52.497499,Completed
2922,37,2023-02-02 04:39:55.998666,Completed
2923,1,2023-09-08 11:32:52.257419,Returned
2924,399,2022-10-16 12:53:32.270756,Completed
2925,37,2022-04-02 03:43:45.275091,Completed
2926,141,2022-06-08 11:43:54.878292,Completed
2927,232,2022-05-14 05:00:06.002000,Completed
2928,136,2022-09-24 15:50:14.204734,Cancelled
2929,389,2022-01-18 12:02:38.452817,Completed
2930,188,2023-07-27 10:56:22.727575,Completed
2931,128,2022-02-18 03:07:15.745248,Completed
2932,201,2023-03-09 22:15:19.506502,Completed
2933,127,2022-05-19 19:10:56.618872,Completed
2934,257,2022-07-12 00:48:58.579526,Completed
2935,164,2023-02-03 04:00:04.801600,Completed
2936,35,2023-03-22 01:57:09.543181,Completed
2937,194,2023-03-27 21:58:02.360786,Completed
2938,191,2023-01-03 01:15:23.107702,Completed
2939,104,2022-10-13 09:03:03.661220,Completed
2940,23,2022-02-13 06:26:31.730576,Completed
2941,265,2023-06-30 11:22:18.446148,Completed
2942,290,2022-06-28 10:06:55.338446,Completed
2943,430,2023-06-04 05:18:20.766922,Completed
2944,462,2022-07-13 23:29:16.185395,Completed
2945,384,2022-07-11 07:18:51.977325,Completed
2946,260,2023-11-11 09:52:31.050350,Returned
2947,414,2022-02-20 13:27:37.752584,Completed
2948,479,2022-04-30 14:18:02.760920,Completed
2949,358,2023-10-22 05:39:28.389463,Completed
2950,75,2023-02-07 18:50:46.615538,Completed
2951,355,2023-12-11 07:27:01.740580,Completed
2952,72,2022-06-27 16:36:48.736245,Returned
2953,259,2022-10-02 10:31:24.628209,Completed
2954,398,2023-01-26 03:28:52.177392,Completed
2955,188,2023-10-30 06:10:41.013671,Completed
2956,461,2022-05-25 03:31:45.035011,Completed
2957,173,2023-12-14 22:57:34.751583,Completed
2958,480,2023-12-06 16:36:19.926642,Completed
2959,290,2022-10-23 08:14:33.891297,Completed
2960,45,2022-03-20 18:11:53.037679,Completed
2961,61,2022-08-26 17:35:52.317439,Completed
2962,83,2023-03-02 03:34:09.083027,Completed
2963,123,2023-03-26 16:47:51.357119,Completed
2964,358,2022-12-29 04:34:39.093031,Completed
2965,16,2022-08-06 01:42:45.255085,Completed
2966,66,2022-12-04 21:10:59.019673,Returned
2967,424,2022-02-04 18:15:14.704901,Completed
2968,145,2022-04-04 02:24:02.880960,Cancelled
2969,375,2023-07-05 02:13:00.260086,Returned
2970,162,2023-07-31 08:16:57.939313,Cancelled
2971,234,2022-02-22 12:07:55.358452,Completed
2972,380,2023-01-04 06:25:34.111370,Completed
2973,144,2023-12-30 18:09:57.799266,Completed
2974,358,2023-06-27 01:41:47.635878,Completed
2975,188,2023-07-18 05:14:59.099699,Completed
2976,322,2023-12-29 07:09:44.594864,Completed
2977,450,2022-12-29 04:34:39.093031,Completed
2978,474,2023-12-11 01:36:59.539846,Completed
2979,13,2023-02-02 10:29:58.199399,Cancelled
2980,184,2023-09-04 02:32:12.644214,Completed
2981,111,2023-07-26 17:26:16.125375,Completed
2982,415,2022-10-11 16:12:48.256085,Completed
2983,290,2022-01-27 17:44:02.080693,Cancelled
2984,295,2022-09-04 05:47:09.343114,Completed
2985,451,2022-02-26 03:38:28.369456,Completed
2986,392,2023-02-21 15:22:52.057352,Completed
2987,215,2023-03-03 14:34:22.287429,Cancelled
2988,462,2023-10-05 05:16:54.338112,Completed
2989,120,2023-01-19 08:07:50.556852,Completed
2990,382,2022-11-12 00:47:32.150716,Completed
2991,55,2023-06-24 15:21:25.628542,Completed
2992,27,2022-08-25 06:35:39.113037,Completed
2993,118,2022-09-08 08:57:46.755585,Cancelled
2994,221,2023-09-23 07:25:06.502167,Returned
2995,231,2023-09-23 19:05:10.903634,Completed
2996,53,2022-05-06 16:08:57.779259,Completed
2997,295,2022-08-10 22:23:29.269756,Completed
2998,321,2023-07-04 20:22:58.059353,Completed
2999,401,2023-06-15 03:49:59.799933,Completed
3000,233,2023-07-21 20:45:32.110703,Completed
