transaction_id,amount,hour_of_day,distance_from_home_km,distance_from_last_txn_km,ratio_to_median_purchase,is_online_order,used_chip,is_fraud
1,94.23,14,5.8,0.4,1.003190855552892,0,1,0
2,37.78,15,4.7,2.6,1.1498918707754695,0,1,0
3,50.29,7,8.8,1.4,0.9602755105543918,1,1,0
4,90.14,8,4.7,2.8,1.173760986901915,0,0,0
5,76.47,13,4.2,1.5,0.9222397675294606,0,1,0
6,24.87,8,6.9,0.3,0.611537442547854,0,0,0
7,53.52,15,1.6,0.7,0.6371761695878868,0,1,0
8,57.27,3,0.4,1.2,1.4768182916097998,1,1,0
9,132.97,11,1.9,1.3,0.5803427174660214,1,1,0
10,68.39,7,2.3,1.9,0.9315522637443107,1,1,0
11,24.56,9,5.3,3.7,1.0304862059081923,0,1,0
12,125.6,13,3.6,0.9,0.9852568002427037,0,1,0
13,68.78,15,7.7,4.1,0.4193689099326904,0,0,0
14,93.45,14,1.0,0.5,1.6724746355034537,0,1,0
15,23.22,12,11.2,1.7,1.037155990747683,0,1,0
16,96.14,3,5.1,0.2,0.9722918426050989,0,1,0
17,43.09,12,3.4,5.6,0.7858728311763605,0,1,0
18,32.26,14,4.5,2.7,0.9068277349661389,0,1,0
19,324.3,17,1.0,0.9,0.6257345266844265,1,1,0
20,25.97,19,8.7,13.3,1.4310779990840388,1,1,0
21,137.81,15,0.1,3.3,1.0874719963091526,1,0,0
22,30.2,14,3.0,0.2,1.1067438361701862,0,1,0
23,91.62,12,3.4,0.5,1.648009502752787,0,1,0
24,148.42,14,2.6,7.1,0.6783284555507033,0,1,0
25,91.97,12,19.9,1.7,0.992924678501959,1,0,0
26,126.79,19,0.8,1.2,0.9914716145694785,0,1,0
27,61.42,9,0.9,1.0,1.4519557653752164,0,1,0
28,129.72,13,7.3,4.6,0.6070863482403506,0,1,0
29,45.86,19,4.1,3.2,0.8324389897695872,1,0,0
30,131.76,17,3.8,0.0,0.8128455006722416,0,1,0
31,473.79,15,26.3,15.2,4.956710976794152,1,0,1
32,48.28,16,10.9,0.7,0.7467739702974794,1,1,0
33,94.97,23,2.4,2.3,0.8150811403939077,0,1,0
34,207.42,8,7.0,0.9,0.8737154702491197,0,1,0
35,137.89,9,7.2,0.5,0.9617183066931372,0,1,0
36,126.54,13,2.1,0.5,1.1420051739090153,1,1,0
37,100.03,7,23.3,1.1,1.6113709143314932,1,1,0
38,150.97,9,0.7,0.9,1.4805937374413807,0,1,0
39,46.45,15,9.2,3.5,0.7735657982238733,1,0,0
40,35.71,11,3.5,6.2,1.7460116224130873,1,1,0
41,68.25,16,1.5,0.5,0.7877755225653359,0,1,0
42,116.0,15,4.9,5.8,0.7627861577756478,1,1,0
43,16.95,13,1.9,0.6,0.7042853823576152,0,1,0
44,5.15,17,0.7,5.2,1.468140195794275,1,1,0
45,25.27,10,1.1,9.2,1.3009633396276432,0,1,0
46,17.74,14,3.3,0.5,0.7521246844332553,0,1,0
47,25.24,14,11.4,5.9,1.346201006556131,0,1,0
48,131.46,9,4.3,1.4,1.515679139448256,0,1,0
49,16.39,12,1.4,1.8,1.6842790244736638,1,1,0
50,37.54,13,15.7,2.2,1.1110892123003846,0,1,0
51,44.16,5,5.0,1.1,0.35480603685497814,1,1,0
52,21.33,20,34.2,2.1,1.1542527278273305,0,1,0
53,247.63,14,4.9,3.4,1.0775999198391952,0,1,0
54,84.14,12,0.6,1.1,0.8624608144970696,0,0,0
55,23.41,12,1.1,6.8,0.5219633683711247,0,1,0
56,43.67,9,2.8,0.0,0.763831887492278,0,1,0
57,191.73,23,13.3,10.1,0.38578329405992706,0,1,0
58,155.71,8,45.3,1.3,5.816050523123819,1,0,1
59,77.31,12,2.4,0.7,0.3568174135813824,1,1,0
60,158.18,14,1.9,4.1,1.5902151734255519,1,0,0
61,43.57,5,1.7,1.6,0.7946814913484417,1,1,0
62,35.75,19,2.2,3.1,1.108015849023073,1,1,0
63,77.09,17,20.9,2.6,1.3507437199558263,0,1,0
64,74.06,15,2.3,1.5,0.7185209023495256,0,0,0
65,129.57,11,3.0,1.6,1.2783201683925263,0,1,0
66,201.64,12,5.3,0.9,0.9333125209788299,0,0,0
67,57.92,16,9.6,7.2,0.5770572288723486,0,1,0
68,26.16,18,1.1,3.4,1.3217705875844479,1,1,0
69,15.4,12,4.0,10.6,1.3138227700739429,0,1,0
70,11.03,14,1.7,2.7,0.6971216457587706,0,1,0
71,157.16,13,0.0,0.8,0.8687851790668788,1,1,0
72,44.69,12,2.1,1.8,0.613747641820449,0,0,0
73,10.85,13,10.7,9.3,1.468225709606045,1,1,0
74,136.38,9,1.0,2.9,1.7925249837165844,0,1,0
75,89.88,13,1.1,3.3,1.1175651019504709,0,1,0
76,192.59,19,7.6,4.1,0.65471546664798,0,1,0
77,87.36,13,10.3,4.6,1.63988574211659,0,1,0
78,128.02,23,0.9,7.7,1.1055955090714475,0,1,0
79,49.92,12,6.4,0.9,0.9427902458945302,0,0,0
80,60.88,13,2.7,1.0,1.0354058954329608,0,1,0
81,20.08,21,5.5,6.0,1.4978716503794125,0,1,0
82,86.59,5,5.2,4.0,0.510597316638314,0,1,0
83,67.52,10,0.7,6.2,0.9501374166740438,0,1,0
84,267.87,13,7.8,1.7,1.161940954929737,1,1,0
85,9.94,15,5.7,1.9,1.105611153891599,1,1,0
86,107.87,9,8.9,1.0,0.8462676414238027,0,1,0
87,82.93,9,2.5,3.9,0.5960661701479093,0,1,0
88,110.01,13,3.8,0.7,0.7905659648809287,1,1,0
89,21.61,11,1.8,8.1,1.0506498248774674,0,1,0
90,93.29,9,2.6,4.9,1.3409276771540686,1,1,0
91,48.6,14,5.2,0.0,0.1501921553767409,0,0,0
92,71.47,12,1.0,5.6,0.5663278144797825,0,0,0
93,152.41,22,0.1,9.3,1.2578969536608466,1,1,0
94,54.07,14,4.2,17.5,0.9807081488703395,1,1,0
95,196.51,16,12.3,1.7,1.03366136347066,0,1,0
96,44.91,9,3.1,0.4,0.4741501890442157,1,0,0
97,29.11,9,5.5,1.3,0.9688480103700386,1,0,0
98,46.22,17,0.1,3.7,0.8239360471583331,0,1,0
99,299.99,19,27.5,0.8,4.788467078211951,1,0,1
100,124.61,8,0.1,1.0,0.44201691007513777,0,1,0
101,49.31,19,6.6,7.5,0.22723344188228056,0,0,0
102,41.29,8,4.7,3.6,1.268591305336264,0,0,0
103,65.38,13,0.8,1.2,1.1757879670759788,0,1,0
104,9.5,14,22.9,10.4,1.4478596948326063,0,0,0
105,107.25,18,2.6,5.3,1.1893911416767329,1,1,0
106,56.45,16,8.0,1.2,1.0088731053586653,1,1,0
107,72.41,17,17.3,0.4,1.9236858722198031,0,0,0
108,111.03,15,0.5,0.1,1.5932361328177054,0,1,0
109,33.33,10,18.2,2.5,1.228008203274473,1,1,0
110,66.12,14,3.0,3.7,0.7781303186360424,0,0,0
111,47.07,23,10.7,0.0,0.4646242674672364,1,0,0
112,59.77,11,6.0,0.3,1.2938018963617584,1,1,0
113,52.74,14,1.2,0.8,1.3239165176274024,1,1,0
114,44.89,7,12.9,0.5,1.3223564262884075,0,1,0
115,31.11,20,7.3,1.7,0.4660207230477972,0,1,0
116,87.28,7,0.8,0.0,1.2335163639596756,0,1,0
117,95.8,8,21.2,0.5,1.142304471595909,0,1,0
118,128.22,23,7.5,0.7,0.6374492495401398,0,1,0
119,104.77,16,5.2,2.0,1.6459300407669395,0,0,0
120,90.34,9,3.0,1.2,1.5809894033037115,0,1,0
121,32.62,8,2.8,1.2,0.3922280058708256,0,1,0
122,53.27,13,1.0,3.8,0.7780087347389351,1,0,0
123,99.45,18,2.3,0.8,0.8200938324219594,0,0,0
124,147.89,15,8.4,5.2,1.0743911269576893,1,1,0
125,110.49,6,2.4,1.1,1.0386621883134453,1,1,0
126,49.37,16,0.5,1.6,1.3863196773896753,1,1,0
127,50.53,19,2.7,4.1,0.7856022583228321,0,1,0
128,72.71,14,0.0,2.6,0.34851949453387954,1,0,0
129,23.02,20,7.7,3.8,0.9596251913014636,1,1,0
130,23.52,17,2.2,4.2,0.9572189614285699,1,1,0
131,37.53,12,10.1,2.5,1.4042636441982772,0,1,0
132,23.07,8,20.1,3.3,0.3615603282758245,0,0,0
133,31.66,13,0.4,1.5,0.5855354485247088,0,1,0
134,130.58,12,9.7,0.6,1.4145106858262821,1,1,0
135,70.95,12,5.7,0.5,1.2110860888833521,0,1,0
136,94.89,10,3.9,10.5,0.934092844558412,1,1,0
137,136.59,14,0.5,0.2,1.2624626435574349,1,1,0
138,67.48,12,3.1,0.9,0.5610394852368166,0,1,0
139,18.68,16,1.9,4.8,1.0711273130351568,1,1,0
140,75.68,13,0.3,1.2,1.0095393972737654,1,1,0
141,119.7,18,0.5,5.4,1.3657751584572764,0,1,0
142,99.54,12,11.3,2.5,0.9469991318361055,0,1,0
143,74.31,12,4.1,0.4,1.4716408830171228,1,1,0
144,39.68,9,1.4,1.9,0.8142725683483159,0,0,0
145,133.65,9,1.2,0.8,1.775405543574892,0,0,0
146,57.74,8,0.8,0.9,0.8852617766885147,0,1,0
147,31.9,13,0.9,1.5,1.0831184011456207,0,1,0
148,41.23,15,2.0,0.9,0.8398142278494729,1,1,0
149,31.2,15,3.6,0.3,1.1474517999602956,1,0,0
150,88.75,13,9.1,0.9,0.6335274488150229,0,1,0
151,8.0,10,0.5,7.6,1.0345773492757149,1,0,0
152,59.4,9,8.9,3.3,0.655973551882091,0,1,0
153,137.32,14,0.4,1.6,0.7160364463856075,0,1,0
154,38.72,9,6.1,0.3,1.4880143381262745,0,1,0
155,36.8,18,3.1,1.4,0.8734957294128739,1,1,0
156,73.0,7,11.7,0.1,0.8213005189357201,0,1,0
157,111.83,10,9.1,1.0,0.8311840638494965,1,1,0
158,56.14,15,2.8,7.7,1.2043355354955025,0,1,0
159,68.81,13,33.1,3.0,1.2018231327030346,0,0,0
160,18.13,17,15.1,10.2,1.1828367181299693,0,0,0
161,76.15,14,1.0,2.4,1.0275109546982617,0,1,0
162,54.9,15,9.9,1.2,0.9740182028606195,1,1,0
163,63.36,12,4.4,1.2,1.253999478453764,0,1,0
164,92.26,10,1.8,2.4,1.3905281352850563,1,1,0
165,524.74,15,0.2,4.7,5.108920537618946,1,0,1
166,33.92,9,4.4,2.4,1.0649289241493238,0,0,0
167,139.98,17,0.3,10.8,0.926475858894684,0,0,0
168,189.91,7,3.4,5.3,1.3075960755970772,0,1,0
169,53.35,15,2.5,1.7,1.110952157327898,0,1,0
170,72.69,16,7.1,2.7,0.695589633645186,0,0,0
171,104.14,15,4.3,3.7,1.0197773713856864,1,1,0
172,39.2,19,10.8,5.0,0.8114913518994691,0,1,0
173,148.32,23,0.3,3.2,1.250912893725893,0,1,0
174,40.5,16,10.5,3.8,1.1165996370447513,0,0,0
175,42.11,9,8.7,0.8,1.3835001148079713,1,1,0
176,146.69,18,1.2,3.5,1.4751997937435406,0,1,0
177,83.58,13,1.0,1.5,0.17293335993347903,1,1,0
178,47.77,17,1.4,5.7,1.2123380596063362,0,0,0
179,93.39,17,6.0,2.1,0.974580649862247,0,0,0
180,74.61,17,1.8,6.5,1.146059364793781,1,1,0
181,38.8,7,2.8,2.6,0.7196915117748496,0,1,0
182,73.06,14,12.7,6.0,0.4389647437819294,1,0,0
183,22.99,13,1.1,3.1,0.9230011641014454,0,1,0
184,106.57,18,13.7,5.1,0.7149527633647434,0,1,0
185,72.05,10,0.2,17.1,0.41364226635240453,0,1,0
186,98.92,19,18.8,1.2,1.1255128136503385,1,1,0
187,13.19,18,6.0,1.0,0.7872075451250611,1,1,0
188,59.03,17,3.6,5.1,0.9649201782528529,1,1,0
189,20.76,17,7.6,2.7,1.159817824637863,0,1,0
190,100.72,7,1.4,9.9,1.092055066584297,0,1,0
191,76.27,11,0.1,0.8,0.5012649334714365,0,1,0
192,157.41,0,1.3,69.2,5.2102099523845595,1,0,1
193,95.22,13,1.7,2.1,0.780571445731441,0,0,0
194,97.33,15,3.9,2.4,0.9048395927223036,1,1,0
195,109.32,19,5.6,1.5,1.3958156093532423,0,1,0
196,49.55,17,26.1,13.0,1.8616984084709327,0,1,0
197,83.65,13,3.4,2.6,0.8551115160900756,1,1,0
198,341.84,7,7.7,3.0,0.6929159376705979,1,1,0
199,78.52,11,0.1,4.9,0.6513475533133548,0,1,0
200,96.51,15,3.3,8.8,1.3724219134337037,0,0,0
201,71.4,19,1.1,2.1,1.1633372497869205,0,1,0
202,68.45,16,1.8,1.3,0.727397126024181,0,1,0
203,101.21,13,0.9,2.9,0.9809379108898241,0,1,0
204,128.77,15,0.7,0.5,0.5700055973636478,1,1,0
205,82.63,9,4.6,4.4,1.0968391435997327,0,1,0
206,78.29,16,2.2,1.4,0.9160128249756001,0,1,0
207,210.37,19,0.5,16.3,1.1064528996053742,1,1,0
208,346.24,16,25.3,10.5,3.002057059588535,0,0,1
209,212.33,15,13.2,1.5,0.5251942763450461,0,1,0
210,99.65,14,4.6,3.1,0.6665955608400183,0,1,0
211,52.0,12,10.6,0.5,0.8338920787805089,1,1,0
212,145.35,8,1.8,0.1,0.834700778629812,0,1,0
213,150.43,21,15.7,8.0,0.8725252645049633,0,1,0
214,28.29,12,6.8,2.4,1.4410690048817836,0,1,0
215,52.47,14,7.1,0.3,1.8985620213894365,0,1,0
216,67.69,22,5.8,0.8,0.7023523979712655,0,1,0
217,24.23,8,2.7,0.8,0.8937796080955563,1,1,0
218,51.11,15,1.9,1.9,0.86990937363859,0,0,0
219,63.09,13,2.3,5.6,1.1887758337446916,0,1,0
220,71.52,11,2.0,7.0,1.2987899835306023,1,1,0
221,32.25,13,3.9,0.2,0.5852092408805065,0,1,0
222,55.11,16,1.2,14.2,1.1925627151412872,0,0,0
223,86.79,11,2.7,2.3,1.6459869364137427,0,1,0
224,28.37,9,2.3,7.4,0.9400607240603971,0,0,0
225,285.38,7,28.9,0.4,4.722801000589829,0,0,1
226,101.51,13,6.0,0.6,1.013412550122582,1,1,0
227,63.55,7,1.3,10.0,1.1408498631441788,1,1,0
228,82.72,21,1.6,8.6,1.1373389303124415,1,1,0
229,15.82,10,0.0,4.0,0.8025308539657914,0,0,0
230,19.66,16,0.1,5.4,1.4797428274639879,0,1,0
231,57.66,16,2.2,4.0,0.5693775994104409,1,1,0
232,139.27,10,0.1,10.8,0.9445658536302118,1,1,0
233,88.63,19,8.3,5.0,1.127349750528138,1,1,0
234,35.95,12,4.9,1.3,0.8233991274099905,0,1,0
235,165.43,11,2.0,5.1,0.9028294627396755,1,1,0
236,23.49,19,2.3,0.4,1.2959292128126327,1,1,0
237,57.72,14,0.5,0.6,1.2314359558611778,0,1,0
238,81.1,19,0.6,4.8,1.0364843567298467,0,1,0
239,61.18,19,14.6,2.8,0.5807345259212064,1,0,0
240,56.98,12,2.8,5.8,1.4321584722861729,0,1,0
241,96.85,7,7.7,0.8,0.1,0,1,0
242,180.09,19,0.9,0.3,0.6568843197789176,1,1,0
243,80.77,12,5.6,4.1,1.0864260445537903,0,1,0
244,49.7,12,2.0,2.2,0.8514583110770584,1,1,0
245,39.37,18,4.3,0.5,1.671043908954354,0,1,0
246,53.38,8,10.8,1.1,1.5808120895647069,0,1,0
247,33.69,12,3.5,4.1,0.5593235598872542,0,1,0
248,134.41,10,1.3,1.2,0.8385458531731109,0,1,0
249,348.82,22,18.4,107.6,5.636920734880935,0,0,1
250,37.92,13,19.4,1.7,1.1268408834777972,0,0,0
251,96.1,15,0.3,1.6,1.3655927475547147,0,1,0
252,92.14,5,3.9,2.2,1.7036257793439729,0,0,0
253,16.94,14,9.5,2.9,0.551088698897821,0,0,0
254,193.8,13,2.8,2.8,0.7715214221964939,0,0,0
255,21.45,20,12.0,2.1,0.1,0,0,0
256,105.76,17,0.1,7.4,1.3644834120583742,0,1,0
257,47.42,20,6.1,3.3,0.3828930977858135,0,1,0
258,83.72,13,4.1,4.4,1.388973669862497,0,1,0
259,104.61,14,6.0,1.9,0.6197383816236709,0,1,0
260,116.34,14,2.7,31.2,3.163184810513778,1,0,1
261,69.65,21,4.1,3.9,0.7075175629971028,0,0,0
262,21.15,14,3.7,2.6,1.1897942584373085,1,1,0
263,41.09,12,10.7,0.7,1.1955450733608648,0,1,0
264,100.73,12,3.8,0.2,0.6051470247481443,1,1,0
265,94.87,13,1.0,0.9,0.8407128270409536,1,1,0
266,55.59,14,0.9,0.5,1.2330541268094972,0,1,0
267,53.67,12,5.6,1.2,1.0988232567461054,0,1,0
268,58.6,15,2.2,2.9,1.1086998109599693,0,1,0
269,204.5,13,5.2,0.2,1.2712194841720676,0,1,0
270,97.3,7,6.9,1.5,1.4463623847831444,0,1,0
271,41.1,17,6.3,1.0,1.1269575090682262,0,1,0
272,13.23,11,4.9,0.2,0.963795504099862,0,1,0
273,20.26,17,0.6,11.1,0.9596959509949704,1,0,0
274,103.94,18,9.9,1.0,1.4169504662990362,0,1,0
275,59.46,18,7.1,3.6,1.2349475830008638,1,0,0
276,24.78,6,0.0,2.6,1.1530078903550307,0,1,0
277,216.9,5,2.1,3.3,1.4957349324656355,0,1,0
278,147.61,14,8.4,1.3,1.3819075958602096,1,0,0
279,15.28,9,2.0,13.6,1.0937898113171227,0,1,0
280,49.13,6,3.2,3.6,1.5731578892231808,0,1,0
281,84.87,18,16.2,1.8,0.3839783780286984,1,1,0
282,85.69,16,6.3,5.5,1.0273240408719058,1,1,0
283,211.44,12,8.5,2.9,1.3946543280578356,0,1,0
284,88.4,20,0.1,1.9,0.9681385248691635,0,1,0
285,39.33,13,0.3,2.5,0.723808523658311,0,1,0
286,97.82,21,3.7,1.7,0.47485777878869584,1,1,0
287,28.29,12,3.8,0.8,0.8370540770504871,0,1,0
288,27.05,9,5.9,1.4,0.6090907739042131,1,1,0
289,85.34,12,6.5,7.4,1.0915069423079033,1,1,0
290,121.05,19,0.8,8.0,1.2397353083494824,0,1,0
291,16.17,6,8.9,2.1,1.121200390972201,1,1,0
292,63.2,20,9.2,2.7,1.630350949432943,0,1,0
293,148.13,18,9.0,2.3,1.0437618177291308,1,1,0
294,86.19,14,1.5,4.4,0.7763272553826004,0,1,0
295,100.65,13,11.6,0.4,1.041852941289513,0,1,0
296,52.34,11,5.6,17.2,1.143561827069182,1,1,0
297,26.68,14,4.4,5.5,1.7714417358337868,0,1,0
298,4.16,18,0.4,1.5,0.8406710343964054,1,1,0
299,22.18,12,1.1,0.2,1.4223867257187635,0,1,0
300,94.54,17,0.2,0.6,1.0447942789948135,0,1,0
301,74.02,12,1.9,0.5,1.3850213695266214,1,1,0
302,430.02,17,12.7,75.1,4.4324484499479855,1,0,1
303,25.87,11,1.9,3.2,0.40645899904636373,0,1,0
304,226.04,12,7.9,1.2,0.37213078086720686,1,1,0
305,60.51,5,0.7,0.9,0.1,0,1,0
306,296.21,19,18.8,2.9,0.38261261426554194,1,0,0
307,78.6,15,0.1,5.6,1.0694567182955128,0,1,0
308,225.77,21,0.7,0.1,0.35976366304870355,1,1,0
309,91.06,7,0.6,0.1,1.2614876839295044,1,1,0
310,231.77,17,10.0,6.0,1.3280120564042255,0,1,0
311,53.25,17,1.2,6.1,1.0908234680950355,1,1,0
312,50.35,17,2.0,0.5,0.7221310616214054,0,1,0
313,122.62,12,1.7,0.8,1.087239102811806,1,1,0
314,102.1,22,4.1,4.9,0.9149567840152593,0,1,0
315,6.62,19,0.6,1.5,0.6358382583774768,1,1,0
316,73.18,17,1.5,4.0,0.4764003689475653,0,0,0
317,59.82,6,0.2,1.6,0.3571878767182781,1,0,0
318,88.96,9,5.3,0.0,1.1433594579869983,1,0,0
319,144.95,9,3.8,0.6,1.769392993286678,0,1,0
320,19.91,15,13.7,2.3,1.1018182880879857,0,1,0
321,168.58,9,1.6,0.5,1.6780521691713521,0,1,0
322,20.98,14,12.1,4.4,0.8277996979970904,1,1,0
323,26.54,4,12.0,7.7,0.899349109769281,0,0,0
324,91.74,8,0.0,2.5,0.8457154625037137,0,1,0
325,95.47,12,7.2,1.7,1.6946656409512912,1,1,0
326,54.95,19,2.7,1.1,0.612694710966835,1,1,0
327,71.9,5,4.2,0.7,1.4883961347542272,1,1,0
328,195.14,18,0.5,3.3,1.2332086149100858,0,1,0
329,112.12,11,1.8,1.7,1.204669119210823,0,0,0
330,37.38,15,0.5,4.3,1.644200834360071,0,0,0
331,107.15,9,5.1,2.2,0.8882560621768559,0,0,0
332,36.9,11,3.1,1.3,0.8409752601230103,1,1,0
333,104.24,10,5.2,1.2,1.0642073067933748,0,1,0
334,44.86,11,2.7,6.1,0.9244709808007006,1,1,0
335,14.69,13,0.2,4.7,0.9955273852340362,0,1,0
336,26.54,13,2.3,2.7,0.8146373167925431,0,1,0
337,144.46,4,2.7,1.8,1.3294343490113296,1,1,0
338,90.11,12,7.0,0.0,0.6399407356188416,1,0,0
339,152.12,17,12.3,0.6,0.8924745129652158,0,1,0
340,175.65,19,11.6,11.0,0.1,0,0,0
341,146.83,14,9.9,0.2,1.1521520070118973,0,1,0
342,51.08,13,4.1,1.1,1.7420695162082431,1,1,0
343,289.68,6,8.7,53.4,5.40953720797307,1,1,1
344,123.18,10,3.9,7.8,1.048708607651489,0,0,0
345,57.07,11,5.7,4.5,1.1410327381553436,1,0,0
346,103.29,17,12.4,0.5,0.7369474374405497,1,0,0
347,11.87,15,0.3,5.9,1.471692788666641,0,1,0
348,116.35,11,9.4,4.4,1.3544627051087428,1,1,0
349,24.38,14,0.1,3.1,0.8612247446709554,1,1,0
350,13.16,19,10.8,2.4,1.3052189015907794,0,1,0
351,125.34,16,0.2,1.2,1.3648373120043893,0,0,0
352,114.43,13,10.6,4.2,1.221809754264529,0,1,0
353,75.26,14,8.6,5.5,1.5333545120679473,1,1,0
354,82.33,16,0.4,0.4,1.4332066631761191,0,1,0
355,19.45,10,4.5,3.2,0.8446962876008999,1,1,0
356,85.36,11,9.7,0.3,1.106936573121788,0,1,0
357,148.79,18,0.9,1.8,0.8195884441252934,0,1,0
358,74.98,16,3.8,8.2,0.47715865264118895,0,0,0
359,91.98,10,17.8,3.9,1.8939278041732406,0,0,0
360,76.46,11,0.9,4.4,1.2985720592760637,1,1,0
361,340.39,19,3.0,0.4,1.4352636568407728,0,1,0
362,35.86,5,0.1,2.4,1.3247594150220428,0,1,0
363,81.32,9,9.1,1.7,1.525821378978207,0,1,0
364,78.3,12,0.6,2.5,1.2198710944086528,1,0,0
365,128.25,14,18.0,3.3,0.9092805196867161,0,1,0
366,112.56,13,2.3,0.1,1.1800993332479477,0,1,0
367,52.87,7,15.8,6.9,0.8677782257308889,0,1,0
368,50.54,13,9.2,0.4,0.9438081671318613,1,1,0
369,39.22,10,5.7,3.5,0.6900861133910571,1,1,0
370,103.8,10,9.0,4.3,1.441956370538887,0,1,0
371,69.16,13,10.0,0.2,0.7235210462668974,1,1,0
372,107.59,17,5.7,0.4,1.4976213653209867,0,0,0
373,90.31,12,6.0,7.6,1.17156511094784,0,1,0
374,83.08,15,0.3,0.7,0.31638889699953276,0,1,0
375,119.08,12,1.9,3.2,2.1620726635717165,0,0,0
376,90.29,18,2.5,3.5,1.1140731344369454,1,1,0
377,71.91,13,0.7,6.7,0.718873189533722,0,1,0
378,24.64,18,3.9,2.6,0.6468118510648049,0,1,0
379,251.54,9,4.5,2.2,0.4218921316285189,0,1,0
380,8.51,13,1.9,0.1,1.3695375173764877,1,1,0
381,74.47,12,12.5,4.6,1.1460622159501157,1,1,0
382,103.21,8,9.5,3.4,1.4568536966326013,0,1,0
383,5.51,15,2.8,1.9,1.2291574617148147,1,1,0
384,47.32,13,7.3,1.6,0.9409475550033176,0,1,0
385,117.69,15,5.9,6.1,0.6362228634431926,0,1,0
386,107.53,17,9.1,0.4,1.0110089800027495,0,1,0
387,251.28,13,3.3,3.6,0.9466903869799106,0,0,0
388,71.97,11,3.0,1.7,0.7464527423253082,1,1,0
389,57.1,8,0.7,0.7,1.1711342862752192,0,0,0
390,51.69,6,4.7,3.9,1.092345348771402,0,1,0
391,70.36,12,0.7,1.9,1.4990864138257762,0,1,0
392,155.98,4,3.7,0.8,0.7369026603311101,0,1,0
393,316.61,8,2.2,0.9,0.9617192686927454,0,1,0
394,26.45,17,1.0,6.4,1.1177183438496967,0,1,0
395,41.41,13,4.4,0.1,0.8412813320484817,0,1,0
396,82.31,20,6.0,1.5,0.8919460098573653,0,1,0
397,81.85,12,4.2,1.7,0.9302789346048599,0,1,0
398,330.24,16,22.3,0.1,0.6634664328831421,0,0,0
399,46.44,15,3.4,4.1,1.091560249396853,0,1,0
400,62.1,17,4.9,5.1,1.119192755066034,1,1,0
401,146.03,10,2.5,3.4,0.7581109821729244,1,1,0
402,52.62,19,9.5,5.3,1.333598687107561,0,1,0
403,45.92,11,1.1,0.8,1.520672113495415,0,1,0
404,75.18,11,0.1,4.2,0.38663443205704684,1,1,0
405,29.68,19,6.5,0.5,1.2469799193648634,1,0,0
406,34.2,15,4.3,7.5,0.2626027011290004,0,1,0
407,13.37,8,2.6,3.0,1.42139156431515,0,1,0
408,38.25,15,4.9,10.3,0.9567832729006013,0,1,0
409,77.57,13,0.0,0.1,1.360858078257105,0,1,0
410,54.9,3,0.1,0.8,0.8704873518625624,0,1,0
411,84.17,16,0.3,0.6,0.7197985274581842,0,0,0
412,191.94,14,6.5,1.8,0.6685755300246989,0,1,0
413,29.57,11,6.4,1.1,1.5124036904147244,0,1,0
414,31.37,7,0.4,9.0,1.5927105307730012,0,1,0
415,70.41,5,6.6,6.5,1.0188550723858896,1,1,0
416,81.78,12,4.2,0.5,0.7093550982703873,1,1,0
417,137.03,13,4.1,0.7,0.4735781288931943,0,1,0
418,70.38,13,1.6,2.8,1.047550166105385,0,1,0
419,272.7,2,13.3,3.2,5.505287053323565,1,0,1
420,5.48,5,7.5,5.4,0.4285086324829631,1,1,0
421,161.31,16,6.9,14.1,1.43101680406432,0,1,0
422,154.38,17,0.1,3.0,0.6575743698587975,0,1,0
423,31.21,12,4.3,1.1,0.4031840416829261,1,1,0
424,44.52,8,7.8,4.8,0.9721688744047196,0,1,0
425,138.59,15,3.7,1.4,0.49009063757130156,1,1,0
426,43.77,11,0.4,0.0,0.6379833916711966,0,1,0
427,132.6,19,6.3,0.3,0.9221730094891237,1,1,0
428,52.17,11,7.7,1.1,0.669024092374425,0,0,0
429,53.93,17,8.5,0.1,0.9367803916490749,0,1,0
430,117.13,12,25.0,48.5,7.809931768948804,1,0,1
431,38.68,16,1.4,1.3,0.9809687027380753,0,1,0
432,76.34,18,6.1,6.6,1.7842374081919128,1,0,0
433,34.82,19,3.4,0.5,1.573383137722058,0,0,0
434,87.81,21,0.1,1.7,0.8702149714888238,0,1,0
435,10.01,13,1.1,2.7,1.2421923609867993,0,1,0
436,187.68,15,5.9,9.9,0.7458493759346798,1,0,0
437,49.93,9,16.6,1.3,1.633765205361879,1,0,0
438,76.38,12,6.9,3.3,1.0581287734924756,1,1,0
439,182.61,14,0.0,5.1,1.3181841300887391,1,1,0
440,577.49,13,51.1,2.4,4.685655579233322,0,0,1
441,56.03,7,3.5,5.6,1.2741127103636343,1,1,0
442,146.57,8,2.5,2.9,1.3860252041488736,0,1,0
443,109.15,20,19.5,3.8,0.9073416464920594,0,1,0
444,48.7,7,2.9,0.9,1.0033148546762802,0,1,0
445,89.87,13,1.9,5.2,1.0289612851085612,1,1,0
446,155.27,12,0.4,0.5,1.715944086018414,1,1,0
447,44.61,17,2.8,10.4,0.9813162807391618,0,1,0
448,20.77,10,6.5,1.9,0.4021513969088183,0,1,0
449,96.13,13,2.2,0.0,0.4816984608350241,0,0,0
450,74.66,13,1.5,11.4,1.127731206976537,0,1,0
451,12.59,16,4.1,1.2,0.8977634463621516,1,0,0
452,49.6,17,0.6,2.7,0.9028217906783091,0,0,0
453,84.44,13,1.7,0.2,0.843141208615791,0,0,0
454,101.7,20,6.8,2.2,1.3079606073425845,0,1,0
455,175.77,15,0.2,2.8,0.45126062035065184,0,1,0
456,59.59,22,4.2,0.2,0.7346805715703961,0,1,0
457,167.91,19,1.5,0.7,1.3479729310052235,0,0,0
458,35.95,9,2.2,6.4,1.0038311087155791,1,1,0
459,22.26,7,3.6,6.4,1.9257229852064113,1,1,0
460,148.5,14,1.5,0.2,1.7764807012892203,0,1,0
461,28.57,5,1.0,14.3,1.2829864426927922,1,1,0
462,119.78,13,6.3,0.2,1.0991660730503217,1,0,0
463,179.31,17,2.0,6.5,1.287502189746202,0,1,0
464,60.49,13,2.0,7.8,1.3344577887053952,1,1,0
465,196.2,20,1.5,4.2,1.744695829356664,0,0,0
466,77.09,11,6.0,1.7,0.9487412509891212,0,0,0
467,131.23,15,5.9,0.1,1.2398887490915054,0,1,0
468,86.84,16,12.9,1.2,0.7649548265148394,1,1,0
469,107.75,18,1.2,3.6,1.0933674960992903,0,1,0
470,49.68,10,7.6,2.7,0.8271921631444754,0,0,0
471,51.48,11,6.1,0.4,0.1,0,1,0
472,326.1,13,68.5,2.6,1.9716179938112508,1,0,1
473,69.67,21,2.2,2.7,0.9880826424779156,1,1,0
474,117.37,10,3.5,0.0,0.7025054208509709,1,1,0
475,90.26,18,13.7,12.9,1.0410939525484135,1,1,0
476,24.05,13,0.4,10.9,1.1418557251931547,0,1,0
477,14.41,12,5.1,2.2,1.1373261439832494,1,0,0
478,74.45,13,4.8,3.4,0.5468283202387483,1,1,0
479,11.19,16,9.2,0.1,0.7361023779547877,0,1,0
480,72.29,13,10.8,7.2,1.0884495600582857,0,1,0
481,169.69,20,7.8,5.6,1.7337116692592671,0,1,0
482,26.44,13,0.1,2.8,0.9278360068016379,0,1,0
483,53.96,13,2.7,0.5,0.8844521205769692,0,1,0
484,107.64,12,8.7,2.2,0.7067808502747521,0,1,0
485,176.07,8,3.8,1.6,0.739516417125877,1,1,0
486,94.93,20,21.7,2.6,1.2837920581863616,0,1,0
487,100.05,9,0.2,0.7,0.3340674359735294,1,1,0
488,55.64,13,3.2,5.4,1.2879619685102925,1,0,0
489,226.48,16,3.0,7.7,1.5932133294765582,0,0,0
490,35.26,5,20.3,1.7,1.6047382679756204,0,1,0
491,24.67,12,2.5,6.0,0.8993501277079822,0,1,0
492,92.16,9,0.2,1.4,1.6891009139084217,1,1,0
493,89.52,9,10.1,1.3,0.5737070583747927,0,1,0
494,106.28,12,3.3,1.9,0.73699038712756,0,1,0
495,102.47,12,0.2,4.8,1.2015592080820996,0,1,0
496,64.89,12,19.5,12.8,1.6409595501693492,0,1,0
497,12.92,19,2.5,1.2,0.3148887006230505,0,1,0
498,10.11,11,11.8,1.9,1.7821948041496487,0,1,0
499,64.0,11,5.0,1.3,0.48718119811528793,0,1,0
500,38.05,4,5.6,0.7,0.7223991648011305,0,1,0
501,571.16,15,17.2,9.2,5.3097800003738564,1,0,1
502,13.38,13,12.7,0.5,1.5481036040872356,0,1,0
503,173.46,14,1.7,1.3,0.8141669718125932,0,1,0
504,135.89,4,138.9,25.7,3.4286795344455725,1,0,1
505,133.31,23,49.4,44.3,2.0567028419679154,1,0,1
506,58.62,11,0.3,3.0,1.5481479543914736,0,1,0
507,65.32,18,3.6,1.8,0.8760160720447148,0,1,0
508,106.03,14,13.7,0.6,0.8637751536570473,0,0,0
509,252.77,17,0.3,2.2,0.8454163338774722,0,1,0
510,77.76,16,11.4,0.5,0.3407610507497867,0,1,0
511,234.11,23,41.1,0.5,1.714306758136717,1,0,1
512,59.85,9,1.7,11.2,1.609511487147802,0,0,0
513,34.54,16,3.4,6.3,1.498532409031656,0,1,0
514,62.98,10,9.4,6.7,1.400625562858364,0,1,0
515,44.15,16,4.3,6.9,1.6602763291111757,1,1,0
516,34.27,13,2.3,5.7,0.7225080753042319,0,0,0
517,138.7,17,0.7,2.8,1.0246479732012868,1,1,0
518,48.23,15,1.9,16.4,1.082274519890963,0,1,0
519,71.06,15,1.2,2.5,0.8145649171957049,0,1,0
520,74.28,14,1.0,0.8,1.5132546149295507,0,1,0
521,100.11,15,3.9,1.0,0.12863619343669652,0,0,0
522,52.46,17,2.9,41.1,6.466089247164555,1,0,1
523,83.23,15,15.8,9.8,0.5635524508002998,1,0,0
524,22.02,15,0.5,1.7,0.9787246702429695,0,1,0
525,216.76,11,11.9,8.6,1.3241214146885918,1,1,0
526,68.98,15,8.3,1.4,1.2817984760136074,0,1,0
527,106.18,12,1.1,4.6,0.7584854364960046,1,0,0
528,11.43,11,0.3,2.4,0.7620302436675275,1,1,0
529,42.24,18,8.0,1.8,1.2039991404766273,0,1,0
530,26.98,19,0.9,0.5,0.9051833972496711,1,1,0
531,179.82,15,15.0,3.4,0.591258250118504,1,1,0
532,45.16,21,2.0,1.5,1.2937268951418495,0,1,0
533,91.41,11,8.1,3.1,1.01329595874877,0,1,0
534,49.9,14,3.7,1.3,0.6126308414789812,0,1,0
535,50.21,16,1.0,1.5,0.4919684136840641,1,1,0
536,42.46,18,0.8,3.0,0.908250858231567,1,0,0
537,26.68,16,2.9,11.5,1.4202323961752026,1,1,0
538,31.49,12,1.2,9.0,1.419565450134336,0,1,0
539,57.46,20,4.3,2.0,1.3033142939710107,1,1,0
540,39.65,17,3.9,3.7,0.9540349470793839,0,0,0
541,40.63,10,22.8,3.7,0.4084386944765753,0,1,0
542,79.85,12,1.0,0.2,1.5045483958748784,0,1,0
543,83.46,11,6.0,0.7,1.3548775019523376,1,0,0
544,152.08,21,1.8,2.4,0.9034359467588282,0,1,0
545,135.42,13,0.2,1.4,1.4781980868398616,1,0,0
546,4.18,16,4.5,3.1,1.302808602613113,1,1,0
547,61.91,14,19.1,4.4,0.14886526343487239,0,1,0
548,15.16,11,1.3,1.0,0.3005791170558919,1,1,0
549,58.3,13,5.2,0.1,1.0165657316940473,0,1,0
550,184.88,8,1.7,0.6,1.0995671224140096,0,1,0
551,27.83,14,0.3,4.7,0.8367881813438796,0,1,0
552,109.69,9,3.6,0.3,1.0312500573405154,0,1,0
553,22.5,8,5.5,15.0,1.1005004129061609,1,1,0
554,64.39,14,4.6,1.0,1.1916478456721733,1,1,0
555,47.59,12,8.5,0.0,0.9738226736330123,1,1,0
556,154.26,12,5.8,4.3,1.076442400391706,1,1,0
557,66.19,11,2.7,0.8,0.9739019844266924,0,1,0
558,60.49,11,0.6,3.0,1.0114902113861797,0,1,0
559,61.33,13,5.2,2.1,1.4313059714813399,0,1,0
560,34.78,11,4.7,1.3,1.4588969398154048,0,1,0
561,101.54,5,0.3,1.5,2.014029061021681,1,1,0
562,25.08,15,2.0,1.5,0.590906573743178,1,0,0
563,52.33,18,1.4,0.8,0.8780182668220087,0,0,0
564,64.32,15,18.4,0.7,1.794665833956938,0,1,0
565,151.4,15,4.8,15.6,1.1527548478393603,1,1,0
566,172.7,17,0.5,2.9,1.079632649687539,0,0,0
567,133.85,14,0.0,7.1,0.9277700179262298,1,1,0
568,94.37,14,2.0,1.3,1.0477687625728558,0,1,0
569,41.8,20,3.7,2.3,0.4661663609245763,0,1,0
570,92.0,18,3.0,5.9,0.7877840929343092,0,1,0
571,226.48,7,47.7,24.1,3.2556857338584733,1,0,1
572,56.29,11,11.3,0.0,1.1625570381485284,0,1,0
573,6.76,7,0.0,0.4,1.0201461500966569,1,0,0
574,98.29,12,6.1,1.0,1.3508197138880635,0,1,0
575,158.01,16,0.2,5.5,1.2443733039407963,0,0,0
576,93.73,19,4.0,0.8,1.8996681570754248,0,1,0
577,33.88,17,10.3,3.9,0.9767753950498654,1,1,0
578,66.73,17,14.1,5.7,0.6388029075833745,0,1,0
579,19.85,15,0.2,3.5,1.1693130255321171,0,1,0
580,3.89,5,3.0,0.4,1.4861698817475886,1,1,0
581,187.19,19,0.4,1.6,1.2263036910878653,0,1,0
582,42.47,15,0.9,4.0,0.5645239620163618,1,1,0
583,47.13,18,5.6,2.2,1.6485131383168912,1,1,0
584,71.01,20,9.4,2.9,0.9813969799777156,1,0,0
585,36.76,9,1.2,1.8,0.7363064699325831,0,1,0
586,30.92,18,5.3,5.9,1.359438964385523,0,1,0
587,181.6,16,7.7,0.7,1.2426454264934943,1,1,0
588,16.01,23,3.2,1.8,0.7033851920173771,0,1,0
589,71.7,10,10.6,4.6,1.4256261703611965,1,1,0
590,24.4,11,8.8,1.9,0.7629768601847842,0,0,0
591,98.45,15,2.7,4.1,1.1958476180463604,1,1,0
592,125.32,9,1.1,2.3,0.7114106041442593,1,1,0
593,18.68,17,9.6,0.9,0.7399949817084347,0,1,0
594,67.11,6,6.7,1.0,0.5062464999247898,0,1,0
595,147.96,12,12.9,2.0,0.1,0,1,0
596,77.28,14,5.5,1.8,1.1156512180008762,0,0,0
597,52.55,11,1.1,0.2,1.6055158878525413,0,1,0
598,63.27,9,0.2,0.1,1.1576133817026255,0,1,0
599,64.37,15,3.2,3.9,1.3264041866118252,1,1,0
600,43.13,15,0.4,1.9,0.18598757523084286,0,1,0
601,114.42,8,0.1,1.4,1.6280795058437694,0,1,0
602,244.48,10,3.5,5.1,1.474574183610376,1,0,0
603,100.31,14,0.1,0.3,1.1880138273007905,0,1,0
604,103.62,12,4.5,1.7,0.6768871062488568,0,0,0
605,262.17,10,1.5,4.8,1.2453026330175514,0,1,0
606,97.62,8,3.5,3.8,1.277563978605384,1,1,0
607,0.78,9,0.8,4.4,0.9845056420959957,1,1,0
608,82.92,13,14.0,1.2,0.8282689869475759,0,0,0
609,20.13,21,6.9,1.8,0.552259209624337,1,1,0
610,54.92,13,7.2,0.4,1.6347973825572315,0,1,0
611,85.8,14,4.9,1.3,0.3352602599711947,0,1,0
612,77.18,14,6.2,2.5,1.69046681992423,0,1,0
613,54.77,8,4.2,7.6,0.560368394551473,0,1,0
614,367.24,13,55.7,18.0,2.7568176235921413,1,1,1
615,113.96,13,0.3,15.4,1.2457356360402294,0,1,0
616,74.63,12,1.3,0.2,1.0747462408412956,0,1,0
617,56.18,13,7.7,3.5,1.0017774956388559,1,0,0
618,169.89,13,0.5,2.5,1.4220982168744416,0,1,0
619,192.37,19,2.2,11.3,0.36745081987715356,0,1,0
620,21.74,12,0.8,0.3,0.7475727072597522,0,1,0
621,160.16,13,1.5,0.8,1.5126920691856478,0,1,0
622,39.03,11,2.2,0.0,1.0966988385860024,0,1,0
623,67.78,12,18.9,2.0,0.5523463453985679,1,1,0
624,40.15,21,0.5,4.1,1.1488674618922723,0,1,0
625,54.52,13,0.2,0.6,1.0327743313586233,0,1,0
626,156.47,16,2.6,36.4,1.5,0,0,1
627,170.3,10,3.6,4.0,0.7819219899267696,0,0,0
628,82.09,14,2.3,2.9,1.278781849523476,1,1,0
629,48.47,16,1.4,1.7,0.695239833583511,0,0,0
630,31.8,13,11.3,0.0,1.848873308453408,1,0,0
631,79.26,12,4.7,3.4,1.226772990170163,0,0,0
632,112.53,8,15.8,7.5,0.3762303207417642,0,1,0
633,90.45,19,0.8,0.8,0.5657655234918502,1,1,0
634,135.11,15,5.6,7.7,1.0361252905613505,1,1,0
635,20.92,10,1.0,2.9,1.2799475731499017,0,1,0
636,92.25,16,3.8,0.7,1.196110894256378,0,0,0
637,90.05,16,5.4,2.9,1.0847994713103495,0,1,0
638,10.75,11,1.9,5.0,1.037613387791903,0,0,0
639,48.11,16,3.1,3.1,0.7420672708929912,0,0,0
640,66.25,15,2.5,0.9,0.6068488013863709,1,1,0
641,64.51,16,0.9,0.9,1.0172759837402021,0,1,0
642,89.0,19,2.2,1.0,1.1142285277638195,0,1,0
643,94.54,12,2.0,1.4,1.7750809879603637,0,1,0
644,110.3,23,2.6,5.3,0.9451358984912338,1,1,0
645,197.34,2,19.1,43.0,4.450286387329357,1,0,1
646,64.39,13,6.5,0.0,1.4343961726388195,0,1,0
647,36.79,14,18.4,4.6,1.458998851762211,0,1,0
648,217.34,18,2.5,10.1,1.1682523260122846,0,1,0
649,219.35,23,3.8,6.7,1.1811497832042868,0,1,0
650,33.2,9,2.3,3.6,0.8524694160963666,0,1,0
651,57.27,15,8.0,0.9,0.4700181335465098,1,1,0
652,67.83,15,1.8,0.7,1.2321524425813388,0,1,0
653,196.57,15,4.9,3.0,1.1195168556282105,0,1,0
654,18.98,12,3.2,3.4,1.822704240660813,0,0,0
655,110.88,22,1.4,0.5,1.1531977131832083,1,0,0
656,58.83,10,1.1,3.4,0.6906978795408558,1,1,0
657,169.08,14,23.2,1.6,0.7725382224736541,0,1,0
658,91.08,5,41.5,1.4,2.007119016160192,1,1,0
659,114.6,14,7.0,1.0,0.9623462513293308,0,1,0
660,177.85,16,0.1,3.8,0.7766002499509124,0,1,0
661,70.01,11,0.5,2.7,0.3311113212232334,0,1,0
662,92.77,18,2.2,1.1,0.8148831579550551,0,1,0
663,64.49,15,0.2,0.8,1.160987715822626,0,1,0
664,155.26,17,0.3,1.6,1.190234862198838,0,1,0
665,87.69,14,2.6,0.1,1.5581724227752178,1,1,0
666,25.51,12,3.8,5.8,0.1,0,1,0
667,94.3,19,2.1,0.6,0.4010084321052314,0,1,0
668,119.59,9,9.7,0.4,0.623172410361355,0,1,0
669,101.61,17,3.1,5.2,0.9862334270482496,0,1,0
670,140.06,16,1.6,2.9,1.1082721401981654,0,1,0
671,87.54,13,1.4,0.6,1.257710492869768,1,0,0
672,80.46,14,1.7,12.9,1.0454948658380132,1,0,0
673,48.06,16,3.9,5.2,0.6899128350755125,1,1,0
674,46.33,16,1.8,6.5,0.42122860709953525,1,0,0
675,29.53,8,4.3,1.3,0.680198461282022,0,1,0
676,161.63,10,0.3,5.2,1.455485543970068,1,1,0
677,46.63,13,1.4,1.1,1.1822315922197577,1,1,0
678,25.08,9,3.1,2.7,1.3515629938533638,0,0,0
679,86.86,19,2.2,1.1,1.32385326737827,1,0,0
680,98.77,15,3.6,0.8,1.4230898328934392,1,1,0
681,80.84,15,2.1,4.8,1.4068434732449204,0,1,0
682,57.18,15,2.6,0.5,0.9060261942524659,0,1,0
683,151.42,15,0.5,1.8,0.3868419006604775,0,1,0
684,72.62,16,1.8,2.2,0.6810016279667206,0,1,0
685,75.38,11,10.8,0.3,0.687455887449876,0,0,0
686,50.93,12,3.7,0.8,1.157895162612008,1,1,0
687,19.14,18,0.4,2.0,0.8784545046469503,1,1,0
688,48.37,11,2.9,2.4,1.1649606455385249,0,1,0
689,154.18,10,9.0,5.7,1.8060185529478772,0,1,0
690,44.72,20,12.6,1.5,1.0679777633941012,0,0,0
691,188.92,13,6.8,1.5,0.5980065295129904,0,1,0
692,18.76,15,7.3,2.1,0.7691359916034555,0,1,0
693,22.35,14,1.4,0.7,1.6037714965208227,1,1,0
694,67.07,17,0.8,0.1,0.9823625475250394,0,1,0
695,10.25,10,7.7,0.9,1.073363474643982,0,0,0
696,63.73,12,1.9,2.0,2.2523387807764257,0,1,0
697,125.22,13,5.8,2.5,0.6653091979921532,0,1,0
698,68.78,12,4.2,0.4,1.2248008060513436,1,1,0
699,107.87,11,15.3,3.2,0.383928889590908,1,0,0
700,28.8,10,4.4,1.9,0.6090717810497153,0,1,0
701,128.45,13,1.1,25.5,0.9999965938753682,1,1,0
702,104.87,3,0.5,1.4,0.9769430611459851,0,1,0
703,26.29,9,9.1,1.8,1.1212165210696405,0,1,0
704,23.81,19,3.5,2.2,0.9627983491578266,0,0,0
705,31.05,10,10.7,0.0,0.8678856889413477,0,1,0
706,91.95,11,1.1,0.7,0.8405849728453455,0,1,0
707,109.82,15,0.3,3.5,0.8975338860235245,0,1,0
708,95.8,11,0.4,5.0,0.7778455664219431,0,0,0
709,57.2,12,3.2,7.4,1.7063024201239876,0,1,0
710,166.44,12,3.7,0.3,0.940989102504889,1,1,0
711,23.79,7,0.8,2.8,1.1138916677664241,1,0,0
712,53.85,17,0.4,10.2,1.8300294434420823,0,1,0
713,63.98,9,3.0,4.4,0.773851161122802,0,0,0
714,113.97,16,4.8,7.8,0.6351245641423948,0,1,0
715,112.8,12,2.5,7.8,1.1309021808480098,0,1,0
716,100.44,3,37.9,16.6,5.113076731559756,1,0,1
717,53.32,13,9.4,0.2,0.1,0,1,0
718,26.28,12,3.7,0.0,0.1,0,1,0
719,137.99,18,0.0,2.8,1.0584116544831808,1,1,0
720,70.41,11,5.5,6.5,1.1365983594431242,0,1,0
721,47.66,8,0.6,2.2,0.6219755887432075,1,1,0
722,44.09,17,2.5,0.2,0.8875475816213729,1,1,0
723,176.38,13,2.9,0.3,0.78721774158132,0,1,0
724,17.46,15,5.8,1.2,0.9139568024995697,0,0,0
725,17.49,13,4.2,0.5,0.7754052784293886,0,1,0
726,14.22,13,15.0,2.8,1.89306455638201,1,1,0
727,33.36,11,1.1,2.5,0.9157062014515889,0,1,0
728,120.71,18,19.3,5.1,0.826743335878394,1,1,0
729,75.04,13,1.1,3.6,1.1452471257284296,0,0,0
730,17.91,13,1.7,2.1,0.6137802294881911,0,1,0
731,30.97,14,5.3,3.5,0.7394107635809,1,1,0
732,39.47,11,2.9,5.1,0.8568455361042622,1,0,0
733,35.98,3,1.0,0.0,0.8399114019195496,1,1,0
734,105.94,10,1.3,0.6,0.8195878159415438,0,1,0
735,37.14,15,0.4,4.3,0.8164961040882448,1,0,0
736,121.32,11,1.8,4.1,1.604510627967271,0,1,0
737,79.05,13,1.6,5.7,1.1670601446375413,0,0,0
738,72.05,17,0.5,1.7,1.856138151982636,1,1,0
739,52.49,9,7.7,0.2,1.3170884281227284,1,1,0
740,112.16,13,1.3,7.2,0.8237640077170671,0,1,0
741,99.33,13,13.8,4.1,1.1486263279939697,1,1,0
742,189.49,8,0.8,10.8,1.1150155999763829,1,1,0
743,52.12,11,10.9,5.0,0.829669995494025,0,1,0
744,75.89,15,6.6,0.1,0.9107104274528952,0,1,0
745,19.17,10,9.0,4.0,1.0896869409822114,0,1,0
746,101.46,16,3.2,1.0,1.1687450377699327,0,0,0
747,122.2,12,3.4,0.2,1.6355193250279485,0,1,0
748,127.75,19,9.0,2.1,0.8200113830708202,0,0,0
749,74.95,11,10.8,0.2,0.4880464879527483,1,1,0
750,112.02,9,1.0,0.3,0.9688867295685534,0,1,0
751,68.06,18,5.4,3.9,1.240499235296512,1,1,0
752,74.17,5,8.0,0.9,0.1,0,0,0
753,39.04,10,9.0,1.8,0.7105612059967936,0,1,0
754,70.18,16,12.5,0.5,0.6971788658999114,1,0,0
755,23.13,21,2.1,0.2,1.1730035255315376,0,1,0
756,102.28,18,2.4,0.9,0.4330002751133233,0,0,0
757,31.94,13,2.9,1.1,0.9765440061609812,0,1,0
758,78.87,11,2.3,0.7,1.3749714648296174,1,1,0
759,101.4,15,6.6,1.7,1.246756220556929,0,1,0
760,105.07,8,12.3,1.4,2.1450014516233127,0,0,0
761,98.14,18,1.0,1.3,0.6005911043636096,0,1,0
762,96.74,11,0.9,0.7,1.0267011383928983,1,1,0
763,48.83,10,4.2,0.9,0.8660958064597426,0,1,0
764,84.88,14,5.0,2.2,0.9176721927940379,1,1,0
765,28.11,15,12.4,1.1,0.5658566178551887,0,1,0
766,130.5,13,0.3,5.4,0.2587462196971836,1,0,0
767,98.63,7,4.3,0.1,1.4624278169432179,1,0,0
768,68.29,11,3.7,2.2,0.9439771715592852,0,0,0
769,205.06,21,6.7,2.0,0.7713318800408355,0,0,0
770,33.64,12,10.6,0.1,1.4703912545720226,0,1,0
771,30.33,8,7.9,0.6,1.2619552817185962,1,0,0
772,110.19,17,6.9,5.6,0.9868992720522792,0,1,0
773,158.71,6,11.7,3.8,0.10869404074960265,1,1,0
774,173.82,14,10.1,0.0,1.6611186368603552,1,0,0
775,9.77,10,5.3,5.6,1.3239106305629262,0,0,0
776,200.19,17,7.1,1.0,0.8974193467389463,1,1,0
777,41.36,4,3.6,2.6,1.2083684839113347,0,1,0
778,62.31,17,4.1,1.0,0.12789040392523898,0,0,0
779,12.83,17,1.5,2.3,0.7291563180981997,1,0,0
780,181.79,18,2.3,0.3,1.248786185420439,1,1,0
781,67.51,13,8.1,1.8,2.371111465843577,0,1,0
782,18.53,15,1.1,8.5,1.4483596025873047,0,1,0
783,23.64,12,2.5,2.7,0.9389153617005147,1,1,0
784,69.28,11,6.4,4.7,1.5285397735234525,0,1,0
785,5.06,7,1.8,2.7,1.5119382300712445,1,1,0
786,38.99,13,7.7,7.9,0.8726920297624826,0,0,0
787,101.47,10,17.6,0.9,1.4863792134696916,1,1,0
788,110.99,18,3.8,2.5,1.1954836568342142,0,1,0
789,85.14,17,8.2,0.4,0.9020372978867736,0,1,0
790,55.41,11,10.6,0.3,0.4762880622690485,1,1,0
791,140.57,19,5.6,0.2,1.1953921598520239,0,1,0
792,63.23,16,6.2,4.3,0.9886774079639998,0,0,0
793,20.57,18,7.2,1.0,0.9996296411449712,1,1,0
794,42.7,13,5.9,0.7,1.4374153679232275,0,1,0
795,38.15,16,1.6,2.8,1.0900871508730567,0,1,0
796,82.29,10,1.5,2.7,0.935010077908203,0,1,0
797,44.33,17,6.2,2.1,0.9081462235523357,0,0,0
798,222.22,14,4.1,1.4,0.2980561349392471,0,1,0
799,10.7,7,2.9,1.2,1.2490180021079391,0,1,0
800,73.5,22,5.0,6.6,0.733160839412798,1,1,0
801,94.23,16,0.6,4.6,0.21120557528488293,0,1,0
802,149.33,13,7.8,1.6,0.815391825832,1,0,0
803,25.11,10,13.5,1.3,1.0280938053451634,1,1,0
804,55.84,18,4.1,3.1,0.38548861515876665,0,0,0
805,417.68,23,80.8,4.1,5.550434090354184,1,0,1
806,37.31,14,24.0,0.3,1.4855306648362752,0,0,0
807,84.09,18,4.4,0.1,0.7258381663575137,0,1,0
808,2.63,17,6.7,0.2,1.7351064713485145,1,1,0
809,96.7,14,0.4,0.1,0.917407779407971,0,0,0
810,186.09,12,14.0,2.4,1.0063804919645656,0,1,0
811,42.08,15,2.3,0.1,0.9526412843254379,1,0,0
812,74.26,13,3.4,1.2,1.0115349053854397,0,1,0
813,15.54,14,0.3,0.2,0.7299788217876255,0,1,0
814,93.17,10,2.5,7.9,0.6018922527912949,0,1,0
815,18.34,15,19.7,10.3,0.859339695707007,1,1,0
816,40.73,11,0.2,10.2,1.207959429155626,1,1,0
817,19.2,16,3.4,2.1,0.8500889281037183,1,1,0
818,41.26,19,5.7,0.2,1.1296885817133662,1,1,0
819,64.75,18,0.9,0.9,0.7332689354407889,0,1,0
820,97.34,10,5.1,5.0,0.9932427853052683,0,1,0
821,23.32,13,4.1,13.3,0.45880150713568046,0,1,0
822,149.44,13,2.5,2.3,1.4377510364003492,0,1,0
823,162.07,11,11.2,4.0,1.6753269547403482,1,1,0
824,56.17,19,5.1,10.7,0.6414934706977491,0,0,0
825,56.75,9,3.5,0.1,1.3172649985984997,1,1,0
826,51.16,10,15.0,1.5,1.1677957603347022,0,0,0
827,130.46,16,0.8,0.8,0.9494409811550855,1,1,0
828,141.99,7,0.4,1.7,0.8136365270048833,0,1,0
829,52.56,8,1.5,4.1,0.8631719356505039,1,0,0
830,181.14,15,1.7,3.4,0.6355715886364053,0,1,0
831,79.41,18,0.2,0.5,1.0454965027803218,0,0,0
832,27.36,10,0.5,0.1,0.773624743922854,0,1,0
833,31.07,18,0.3,0.1,1.6241496086185334,1,1,0
834,84.29,17,0.5,1.2,1.0837182377261547,1,1,0
835,147.58,13,4.8,7.5,0.691714656578561,0,1,0
836,31.11,13,3.9,5.0,1.1225731254821327,0,1,0
837,84.05,13,1.2,2.8,1.179503101199863,0,0,0
838,106.57,13,5.6,0.3,0.20643876314511211,1,1,0
839,36.92,13,5.8,5.7,0.9303586380028183,0,1,0
840,52.14,12,0.2,1.6,1.1880088944526583,1,1,0
841,25.42,15,2.6,0.6,1.6381631325206731,0,0,0
842,19.59,17,9.9,0.3,0.811006104338381,0,1,0
843,384.57,5,47.7,23.1,5.174485431090921,0,0,1
844,10.98,19,1.4,3.1,1.3200749097819178,0,1,0
845,75.35,15,2.6,0.5,0.9095779772452464,0,1,0
846,60.71,11,0.6,2.1,1.1516890793769121,0,1,0
847,116.77,14,17.5,4.0,0.8637252084815484,1,1,0
848,7.83,14,3.7,0.3,0.7240679464287574,1,0,0
849,98.85,11,2.6,1.9,0.682271897651623,0,1,0
850,209.4,18,5.3,8.8,1.068813423410795,0,0,0
851,68.48,15,1.1,1.4,1.2438541045700213,1,1,0
852,77.67,8,2.8,1.5,0.6922893418269473,0,0,0
853,11.72,17,10.4,0.0,0.5720473444547802,0,1,0
854,364.27,1,17.9,3.6,2.262263351345053,0,0,1
855,32.7,17,0.6,4.7,1.6293903466060558,0,1,0
856,51.54,14,3.2,5.4,0.5057251579030252,1,1,0
857,28.09,15,6.8,2.3,1.1367243117905221,0,0,0
858,8.21,11,1.4,0.0,0.7722840298542732,0,1,0
859,43.96,8,10.0,3.0,1.0724080840987618,0,1,0
860,120.65,16,0.3,3.0,0.6384984774113606,0,1,0
861,140.47,11,0.4,0.4,0.768457616188265,1,0,0
862,70.59,12,6.3,0.3,0.6224616366144915,0,0,0
863,80.23,11,11.7,0.4,1.0704032489345727,0,1,0
864,45.52,12,2.4,3.9,0.44091417727374493,0,0,0
865,73.88,17,0.9,0.1,0.6360373820989118,0,1,0
866,35.9,17,9.0,0.1,1.131145785038577,0,1,0
867,48.59,9,3.9,1.1,0.33073201977096234,0,0,0
868,68.12,14,9.7,4.1,1.501558581288069,0,1,0
869,42.79,17,4.6,9.9,1.3456715454661334,0,1,0
870,50.16,20,6.6,0.3,0.23383710100958,1,0,0
871,24.1,11,10.4,0.2,1.1255309636771662,0,1,0
872,31.35,15,7.9,6.2,0.9121746097914102,0,1,0
873,139.24,9,4.7,45.0,4.357479530993177,1,0,1
874,123.64,16,1.2,0.6,1.5827019116315455,1,1,0
875,48.66,12,16.9,4.5,1.4590795259935236,0,0,0
876,160.39,12,0.9,2.9,0.8616697290653971,0,1,0
877,129.18,17,0.3,3.7,1.3925514166455093,0,1,0
878,107.11,11,9.1,3.2,0.7222759517925004,1,1,0
879,15.8,6,4.1,0.1,1.0925676777298117,0,1,0
880,82.53,18,1.8,7.1,1.2469538400361038,0,1,0
881,576.67,23,86.4,84.7,6.737229369716948,1,0,1
882,138.24,20,5.1,1.5,0.7147595001247166,0,1,0
883,44.21,14,7.9,1.9,1.2504980158146002,0,0,0
884,42.46,13,0.1,3.9,1.2292029309745947,0,1,0
885,91.45,14,10.9,1.9,0.49077296945422655,0,0,0
886,38.01,17,3.0,0.9,1.5352680455973702,1,1,0
887,40.19,17,3.5,3.5,1.4395093803105974,1,1,0
888,50.69,14,4.3,9.0,0.26912535031651474,1,1,0
889,83.22,14,0.6,0.5,1.433575625738898,0,1,0
890,61.18,19,1.8,0.9,1.8078022584317477,0,1,0
891,118.87,9,3.1,3.5,1.3425874727044602,0,1,0
892,84.52,5,1.7,1.7,1.1596909870369472,0,1,0
893,114.47,13,2.6,3.3,0.9232826461906869,0,1,0
894,48.25,16,1.2,1.9,0.48139745697772107,1,1,0
895,129.01,12,11.1,2.7,0.8724718204616014,1,1,0
896,24.21,13,4.8,1.0,0.8143464290502441,0,1,0
897,187.92,13,6.4,3.4,0.5237178094684015,1,1,0
898,75.54,14,10.7,2.2,1.5613503592537277,0,1,0
899,244.18,20,0.0,0.4,0.6486859184319036,1,1,0
900,108.34,15,6.5,2.9,0.4967851706588017,0,0,0
901,64.57,9,2.6,4.1,0.5212021534410577,1,1,0
902,60.95,13,14.9,7.9,0.7192462774940056,0,1,0
903,43.06,10,10.5,2.4,1.1071534942667713,0,1,0
904,39.72,19,24.2,0.8,0.917217845094363,0,0,0
905,171.48,19,5.6,2.5,0.6518412417848858,0,1,0
906,71.99,18,2.9,2.3,1.1339577034359192,1,1,0
907,173.06,8,2.5,0.7,0.37277686987139036,0,1,0
908,29.03,13,4.4,7.5,1.5754806046767884,0,1,0
909,142.59,16,7.3,2.3,0.9915167401241253,1,1,0
910,142.04,16,5.0,2.2,0.7044526239481278,1,1,0
911,16.32,10,1.3,1.4,0.977328901412644,0,1,0
912,68.56,12,10.8,2.4,0.9091357138614687,0,1,0
913,32.48,15,1.2,5.0,1.4638872240455874,0,1,0
914,118.05,16,0.9,7.3,1.1711438566242829,0,1,0
915,210.85,10,8.1,6.6,1.1595219565253598,1,1,0
916,11.65,9,17.0,1.3,0.5396996199677807,0,0,0
917,41.94,8,0.9,2.0,0.6018068970359278,1,1,0
918,238.55,20,81.8,3.6,5.837247915178592,1,0,1
919,263.44,13,0.1,1.8,1.5197113616988625,0,1,0
920,41.91,11,4.0,7.6,1.3792748535392931,1,1,0
921,84.01,13,1.9,0.3,1.1539877692670362,0,1,0
922,65.73,13,5.6,1.4,0.5420571953445423,0,1,0
923,17.46,16,3.7,11.0,1.7977329366628982,0,0,0
924,502.12,13,19.4,16.4,8.076957296566427,1,0,1
925,51.36,13,7.7,0.0,0.9378170137538735,0,0,0
926,155.38,16,10.0,0.6,0.3162227371638835,1,1,0
927,88.6,15,1.5,2.9,0.8195063963983537,0,1,0
928,118.5,14,1.3,4.9,1.110691588816197,0,1,0
929,150.22,11,2.3,0.1,1.189191366767038,1,1,0
930,91.53,13,5.2,1.1,0.9633967346500867,0,0,0
931,37.75,12,1.0,2.6,1.4139464194754825,0,1,0
932,132.35,10,0.4,1.7,0.7816609078142827,1,1,0
933,121.64,14,1.1,3.9,1.7952557536741534,1,1,0
934,27.28,10,3.2,1.0,1.13746933856137,0,1,0
935,18.19,10,3.5,0.3,0.9322448679140989,0,1,0
936,32.4,19,15.5,4.5,0.40399389761043936,1,1,0
937,61.29,14,0.5,1.5,1.0559755013245598,0,0,0
938,51.84,6,0.1,0.9,1.1516618831437964,1,1,0
939,19.77,4,0.6,1.2,1.493690101551676,1,1,0
940,81.48,9,3.0,3.6,0.6337069898059671,0,0,0
941,194.95,13,2.0,1.8,1.3672399010024177,0,1,0
942,32.78,15,0.8,4.1,1.2513142596651314,0,1,0
943,138.86,12,9.0,0.1,1.5815298280894128,1,1,0
944,63.14,9,11.6,4.7,1.2012913433902155,0,1,0
945,167.74,23,2.4,2.4,1.0103169571466173,0,1,0
946,89.28,11,14.8,1.5,1.0824646538868508,1,1,0
947,35.7,15,10.4,0.4,1.6260509947014206,1,1,0
948,99.33,7,4.5,1.0,0.31275332211065887,1,1,0
949,143.55,10,4.5,2.0,0.7657035921399404,0,0,0
950,72.92,21,6.5,1.5,0.7529686066272594,1,1,0
951,11.24,14,4.8,6.5,0.1,0,1,0
952,23.38,15,0.9,8.1,0.6609125138849337,0,1,0
953,111.97,17,4.3,3.6,1.4430872138186273,0,0,0
954,88.18,14,6.2,9.2,0.7927584193778694,1,1,0
955,99.16,13,5.1,1.7,1.2770676887889374,0,1,0
956,30.22,14,3.2,12.3,1.0688022612809531,0,1,0
957,135.41,8,3.5,0.0,0.8958180905763499,1,1,0
958,59.87,8,6.8,1.9,0.732288820907355,1,0,0
959,201.94,16,0.3,10.1,0.46279634534836533,1,1,0
960,42.23,9,0.8,9.4,1.248268035273219,0,1,0
961,135.43,12,14.6,3.2,0.40849369916603284,0,1,0
962,65.49,11,6.1,0.7,0.6233651826801735,0,1,0
963,66.77,15,0.5,9.4,0.49347726667006186,1,1,0
964,118.67,18,8.3,3.4,1.295652702905647,0,1,0
965,56.73,15,7.5,0.5,0.7528778735656982,1,1,0
966,33.67,12,0.4,4.4,0.5485483931803737,1,1,0
967,95.26,11,2.0,8.0,0.8803216845982468,1,1,0
968,110.95,8,6.6,0.8,1.0778736260059743,0,1,0
969,48.24,8,19.3,6.4,0.48778472088966385,0,1,0
970,13.65,13,21.1,4.1,0.6265887595883604,0,1,0
971,93.18,13,6.4,0.4,1.1816724009807484,0,1,0
972,26.41,15,9.1,7.6,1.2177316980143935,1,1,0
973,26.83,11,8.5,0.4,0.8794169080389972,0,1,0
974,94.39,15,11.5,2.4,0.8847416403542074,1,1,0
975,143.63,11,3.4,1.0,1.196523660985875,0,0,0
976,88.02,18,1.8,1.5,1.3980615720209246,1,1,0
977,40.14,18,1.1,2.8,0.35485839643296735,0,0,0
978,79.51,14,0.7,0.8,1.0111008985491132,1,1,0
979,132.55,14,2.3,5.4,0.3679259280789995,0,1,0
980,93.38,15,4.0,15.4,1.1157528997234383,1,1,0
981,169.53,16,0.6,5.7,1.1898833289216786,0,1,0
982,91.38,20,1.1,1.4,0.6201232510218906,0,1,0
983,95.24,10,1.7,6.3,1.341282838902555,1,1,0
984,45.58,14,1.7,2.0,0.9198064712259547,0,1,0
985,51.55,10,2.0,2.3,0.4725148749408843,0,1,0
986,17.03,11,1.2,8.3,1.3534273569206319,1,1,0
987,81.86,11,1.3,0.3,1.1942955324833142,0,0,0
988,29.11,17,4.4,1.2,1.0165243479921073,1,1,0
989,77.55,15,11.4,1.2,1.2442912255986758,0,1,0
990,37.87,14,6.0,1.9,0.9003531650176322,1,1,0
991,5.64,13,0.3,7.8,0.9365564344559639,0,1,0
992,5.68,18,5.0,0.8,1.831596965364191,1,1,0
993,135.65,11,4.2,1.7,0.92158989088596,0,1,0
994,17.57,9,0.8,0.1,0.8848036285305372,0,1,0
995,58.85,16,3.8,0.3,1.027192547846487,0,1,0
996,178.11,15,1.9,0.5,0.8040386572117216,1,1,0
997,86.04,12,3.6,5.9,1.0103614695236194,0,1,0
998,67.93,11,6.7,3.3,1.4524236600914022,0,0,0
999,69.84,15,6.6,0.7,1.3489391008643852,0,1,0
1000,128.24,2,0.2,0.0,0.6398409681223061,0,1,0
1001,10.05,14,7.5,11.9,1.1646526739757581,0,1,0
1002,47.82,12,1.2,1.4,0.629219362838364,0,1,0
1003,130.07,13,0.3,3.5,0.9339893024947383,1,0,0
1004,109.47,9,6.2,0.7,0.6507678637183274,1,1,0
1005,82.98,10,2.6,2.8,0.8594105852349132,0,1,0
1006,5.9,8,3.5,1.5,1.4171279312300809,1,1,0
1007,265.36,9,2.6,1.5,0.7822923808526858,0,1,0
1008,71.44,11,12.5,9.4,0.8227555678128191,0,1,0
1009,173.65,19,3.2,2.9,0.1,0,0,0
1010,96.49,19,15.3,4.1,0.9516504103371562,0,1,0
1011,423.4,15,21.6,35.2,5.022292682948045,0,0,1
1012,35.58,13,22.6,2.2,0.6131949000479988,0,0,0
1013,165.65,14,1.2,0.0,0.44266996565253003,1,1,0
1014,5.45,11,15.6,3.5,0.6206988486509473,0,1,0
1015,35.46,14,5.3,2.5,1.0389053021601589,0,1,0
1016,56.09,16,1.4,1.3,0.32481301065576296,0,1,0
1017,24.3,15,0.4,1.1,1.1128555619447384,0,1,0
1018,78.81,16,4.7,1.8,0.7878503634102857,0,1,0
1019,93.28,10,21.1,1.3,1.726547458177793,0,1,0
1020,136.07,20,0.5,3.6,0.9884747801804836,0,1,0
1021,37.2,10,8.1,2.2,0.2927997849114291,0,1,0
1022,100.61,15,0.7,0.2,1.1710827448034218,1,0,0
1023,139.75,12,2.7,1.9,0.9588056657917114,0,0,0
1024,102.11,13,7.8,0.8,0.2987339840152792,0,1,0
1025,95.85,18,0.9,5.7,0.5884789166416795,0,1,0
1026,182.0,14,2.1,5.5,0.7005075684205984,0,1,0
1027,38.82,18,3.3,5.2,1.0054433308350876,0,1,0
1028,189.05,13,10.6,6.7,1.1477365203518066,0,1,0
1029,88.08,20,4.0,3.0,0.8692409638526158,1,1,0
1030,100.54,1,2.1,1.3,1.28215074326467,0,1,0
1031,348.03,15,19.6,5.3,1.5573187717955435,1,1,0
1032,104.42,11,4.1,3.1,1.4438943025966238,1,1,0
1033,64.19,15,2.2,1.1,0.9945261758786501,0,1,0
1034,6.3,14,5.8,0.9,1.4386067423765443,0,0,0
1035,81.03,9,0.1,1.0,0.29063069361105565,0,1,0
1036,45.4,12,4.0,9.3,1.259860113552484,0,0,0
1037,20.7,13,7.2,0.5,1.469282023219015,1,1,0
1038,83.94,22,8.8,0.4,1.1868633118000895,0,0,0
1039,47.81,17,7.6,4.4,0.6779036642239316,0,0,0
1040,56.72,16,10.1,8.1,1.1226042639181482,0,1,0
1041,45.53,10,6.6,5.1,0.5788070757359749,1,1,0
1042,203.65,10,5.2,0.9,1.5774689125133676,0,1,0
1043,29.37,13,3.9,0.1,0.8389665026010446,1,1,0
1044,14.8,15,7.0,0.7,0.5166693760141587,0,1,0
1045,120.51,19,3.5,5.7,1.479714532618904,0,1,0
1046,74.87,10,3.9,1.3,0.40674033662978337,0,1,0
1047,107.09,9,2.4,1.0,1.438092132918897,0,1,0
1048,41.8,15,1.6,6.2,1.0159457512920467,0,1,0
1049,424.66,1,6.6,18.9,6.903994333258554,1,0,1
1050,129.9,13,2.1,0.7,0.2599656779752071,0,1,0
1051,161.72,16,0.5,2.5,0.3139182512889479,1,0,0
1052,120.67,17,0.4,4.6,0.8874076340599191,0,1,0
1053,108.7,1,34.3,0.6,0.7069482553792471,1,1,0
1054,120.21,8,6.3,1.8,1.16136794852786,1,1,0
1055,72.63,14,11.9,7.3,0.44820458368292415,1,1,0
1056,38.84,14,2.8,4.1,1.1927250363082513,0,1,0
1057,107.79,12,0.7,1.3,0.9173976104593806,1,1,0
1058,69.18,8,4.1,1.4,0.6411656508455452,1,1,0
1059,92.4,15,12.5,2.5,0.40571070988291436,1,1,0
1060,8.7,17,5.1,1.5,1.0928234785003466,1,1,0
1061,31.94,12,3.4,1.3,1.7532090817568768,0,1,0
1062,53.01,15,2.0,3.0,1.2668401936112201,0,0,0
1063,3.02,18,1.5,8.5,0.9892528480577677,1,1,0
1064,40.88,13,10.5,1.9,0.9439634742691219,1,0,0
1065,178.88,15,6.1,8.3,0.8409437165416817,1,1,0
1066,104.88,15,6.9,1.5,0.415128683418997,0,0,0
1067,197.5,9,2.5,2.2,0.9498301717687482,1,1,0
1068,98.89,12,1.4,5.3,0.7965918746952609,0,0,0
1069,11.26,15,1.4,1.7,0.9800520966613637,1,1,0
1070,88.1,14,0.1,0.4,1.3455887548743621,0,1,0
1071,74.24,13,2.8,5.1,1.5509960665733813,1,0,0
1072,186.97,18,8.6,5.0,1.1056437861281534,0,1,0
1073,36.31,19,9.2,0.2,0.7542357807592102,0,0,0
1074,106.14,22,0.8,0.4,1.3206542462218707,0,1,0
1075,54.69,14,0.8,5.3,1.5817730109256767,0,1,0
1076,50.4,11,1.3,0.6,1.1204826337874108,0,1,0
1077,14.8,15,2.2,0.9,1.0676078734079566,0,1,0
1078,46.72,19,2.6,1.3,1.0243512284530163,0,1,0
1079,46.32,5,4.7,2.3,1.1236147836882615,0,1,0
1080,49.59,8,4.3,2.8,1.014076630229819,1,1,0
1081,103.52,14,6.4,0.3,0.7112695482539455,0,1,0
1082,55.07,15,6.5,5.2,1.5852632771363813,0,1,0
1083,63.57,23,2.8,0.5,1.0508305418565556,0,1,0
1084,39.43,14,1.1,1.3,1.3589655044308224,0,1,0
1085,47.69,12,4.8,1.3,1.120893355235586,0,0,0
1086,12.11,14,14.4,13.6,1.040980839566492,0,1,0
1087,29.93,16,2.9,5.5,0.985612817732826,0,0,0
1088,77.84,10,3.5,2.5,1.4707786087441193,0,1,0
1089,61.79,16,2.8,2.5,1.2542947268428977,1,1,0
1090,34.7,22,3.9,0.3,1.3303435292127723,1,1,0
1091,22.33,18,1.2,6.4,1.7126190262066836,1,1,0
1092,96.98,17,5.3,15.2,0.9535493377670157,0,1,0
1093,109.72,19,4.1,1.7,1.3867547615943396,0,1,0
1094,186.97,19,2.3,6.6,1.370767000327747,0,1,0
1095,190.03,17,3.4,1.8,0.4413060464705356,0,0,0
1096,160.26,8,29.8,0.0,1.521301830104167,1,0,0
1097,142.17,15,3.5,3.2,0.5287754166765718,0,0,0
1098,107.33,14,7.1,0.7,0.6771341003098812,0,0,0
1099,83.26,9,1.5,6.8,1.65154341373258,1,1,0
1100,23.5,8,5.0,1.0,0.8875329884487142,0,1,0
1101,20.59,15,2.2,0.2,0.9097291705008282,0,1,0
1102,110.75,13,4.0,1.1,0.8462826981519023,0,1,0
1103,84.91,14,2.5,6.7,1.3648748410005989,1,0,0
1104,18.57,9,5.1,3.3,0.5609926723716738,0,0,0
1105,44.9,12,0.5,0.9,0.6237508071759081,1,1,0
1106,111.79,13,15.2,2.4,2.2238845154991664,0,1,0
1107,44.25,11,2.4,5.2,1.4035118950834136,0,1,0
1108,183.01,5,1.7,68.6,2.6727493507858915,1,0,1
1109,111.28,15,18.7,1.8,1.1802092717440948,0,1,0
1110,113.82,18,20.2,4.7,1.1869493655897336,0,1,0
1111,100.56,16,3.9,6.6,1.3582531805569644,0,1,0
1112,159.68,14,26.6,0.3,0.7052038746055682,1,1,0
1113,151.14,10,8.5,1.7,1.0318762269157642,0,1,0
1114,32.46,13,1.9,4.5,0.8205635760926954,0,0,0
1115,70.8,14,3.2,3.0,0.9784311747678696,0,1,0
1116,104.08,10,0.2,2.1,1.0433391915578223,1,0,0
1117,27.39,10,6.9,2.5,0.5826696941685463,0,1,0
1118,4.52,15,3.3,0.6,1.3279891915719189,0,1,0
1119,24.03,12,1.9,7.1,0.7898629236849196,1,0,0
1120,24.36,14,6.6,1.7,0.11687202990614676,0,1,0
1121,25.77,13,4.8,5.2,0.9612824049131466,1,1,0
1122,40.24,15,0.4,0.5,0.1,0,1,0
1123,16.66,14,3.6,3.7,0.734352979849926,0,1,0
1124,52.54,11,8.7,0.6,1.0175138821478151,0,0,0
1125,43.95,15,3.4,14.9,1.3883944374389943,1,1,0
1126,48.75,19,7.5,1.0,0.4587306790351149,0,1,0
1127,10.33,12,3.1,2.1,1.338430173879242,0,0,0
1128,19.78,15,1.5,0.7,0.5764062498213112,0,1,0
1129,33.35,15,1.9,2.1,0.1,1,0,0
1130,72.86,8,19.7,2.2,0.8104415260429608,1,1,0
1131,205.31,12,0.2,5.6,1.156898318062947,0,1,0
1132,252.41,14,0.8,0.2,1.0718979648620386,1,1,0
1133,168.13,14,6.5,3.5,0.8858038849641631,1,1,0
1134,84.02,17,0.4,5.3,0.8753829435038069,0,1,0
1135,131.65,18,3.1,4.8,1.6937997039589376,0,1,0
1136,110.38,15,4.4,4.4,1.352067350072843,0,1,0
1137,59.25,18,4.1,4.9,1.2871686268492677,0,1,0
1138,205.88,18,1.1,29.1,4.478308887162532,1,0,1
1139,102.82,20,11.5,1.4,2.047034673403283,0,1,0
1140,146.72,13,13.7,0.4,1.1486919396251916,0,0,0
1141,61.13,14,12.7,5.1,0.8864175392435034,0,0,0
1142,173.38,12,2.4,0.4,0.4675482788495354,0,1,0
1143,86.89,9,1.5,3.9,1.1216871274877955,0,1,0
1144,95.3,11,8.4,0.4,1.0434786365966704,0,1,0
1145,24.3,13,5.1,2.5,1.1413684262776453,0,1,0
1146,291.85,10,0.8,6.2,1.0712045223413154,1,1,0
1147,92.89,23,0.1,0.6,1.5115628362535207,1,1,0
1148,188.33,11,8.5,4.1,0.6223499074259025,1,1,0
1149,46.0,13,7.4,0.9,1.608680182418079,0,0,0
1150,93.6,14,1.2,3.0,1.1884490507496988,1,1,0
1151,15.11,15,14.1,1.2,0.8669848279101435,0,1,0
1152,56.49,16,3.0,7.5,1.0838800753044104,0,1,0
1153,62.7,9,0.5,2.9,1.1938573537915589,0,0,0
1154,53.67,18,4.2,7.2,1.1241953859475062,0,1,0
1155,113.83,12,0.2,2.9,1.4050573603025263,0,1,0
1156,176.72,15,0.4,5.9,0.8323684050858926,1,1,0
1157,56.67,5,13.7,2.4,0.8617481800515537,0,1,0
1158,44.08,16,1.2,0.9,0.37335088969589547,0,1,0
1159,80.63,15,7.6,0.5,1.2097853067603377,0,1,0
1160,77.13,13,0.8,1.3,1.0013914277631513,1,1,0
1161,16.58,12,1.7,2.2,0.9867221568431735,0,1,0
1162,63.71,18,8.8,4.8,0.9761203656345232,0,1,0
1163,117.65,14,14.0,8.1,0.5942910111669086,0,1,0
1164,178.21,16,7.6,0.7,1.1906154500534978,1,1,0
1165,32.05,14,4.0,0.4,1.2935266076358023,0,1,0
1166,105.74,8,2.0,3.4,0.5923484019695249,1,1,0
1167,48.08,12,1.6,5.4,1.5893300255556932,0,0,0
1168,175.61,17,0.5,0.4,0.6944306838719778,0,0,0
1169,106.46,6,20.2,0.2,0.7345771521601798,0,0,0
1170,48.94,19,6.1,0.8,1.3656755650808297,0,1,0
1171,344.87,10,27.7,134.3,5.757702870888333,1,0,1
1172,55.83,7,1.6,6.0,1.3824138676273385,1,1,0
1173,152.01,18,10.3,2.7,0.7383497072187206,1,1,0
1174,177.48,17,0.9,0.2,1.119934451837764,1,0,0
1175,56.95,8,2.3,0.9,0.8964384612623026,0,0,0
1176,158.08,20,3.5,4.7,0.7094544743996942,0,0,0
1177,52.35,22,6.8,1.7,0.426247911699994,1,1,0
1178,121.08,9,3.9,0.9,0.9490522017031955,0,1,0
1179,33.17,14,8.8,13.4,0.8495983209047205,1,1,0
1180,62.18,7,7.7,3.3,1.050718694894004,0,1,0
1181,65.04,15,0.1,2.0,0.610237689426205,0,1,0
1182,69.11,20,0.4,1.4,0.6334959199484448,0,1,0
1183,113.12,7,7.1,0.2,1.299995168857666,1,1,0
1184,77.74,13,13.3,3.4,1.0837743693600999,0,0,0
1185,30.0,23,1.9,2.5,1.1824516722397467,0,1,0
1186,104.88,13,5.9,2.4,1.894020379334041,1,1,0
1187,93.61,15,13.7,7.6,1.0902267632295568,1,1,0
1188,93.22,6,0.1,3.5,0.9025169988167833,1,1,0
1189,59.39,18,9.6,3.8,0.48385087970931384,1,1,0
1190,118.19,17,2.8,10.3,1.644380988475983,0,1,0
1191,154.94,15,1.9,0.2,0.8873277145893754,1,1,0
1192,35.27,10,5.0,1.1,1.2764961646759014,1,1,0
1193,47.83,13,8.4,5.5,0.11900976405773989,1,1,0
1194,9.33,12,18.8,1.0,1.1209756552804915,0,1,0
1195,40.85,12,2.0,0.3,0.6400354334884004,0,1,0
1196,54.16,12,6.0,4.8,0.7785483613091652,0,1,0
1197,20.34,20,1.0,0.7,0.8679832404438378,1,1,0
1198,55.62,16,0.1,0.8,0.6713596036283368,0,1,0
1199,103.85,11,0.8,1.7,0.8513055588258504,1,0,0
1200,29.31,11,3.2,2.8,0.8533688970489508,0,1,0
1201,91.9,14,2.0,4.4,0.6478480619612021,1,1,0
1202,172.07,8,2.6,1.6,0.7801485002570734,1,1,0
1203,130.97,13,2.5,3.0,0.6157190496625098,0,1,0
1204,65.33,19,7.3,4.5,0.35492119993719573,0,1,0
1205,53.23,13,8.0,7.0,1.0497927157809819,0,1,0
1206,20.13,5,2.6,0.8,0.6793687012277927,0,1,0
1207,35.75,13,2.0,5.0,0.832400404503122,0,1,0
1208,8.73,17,19.7,3.0,1.5371271086018836,1,1,0
1209,121.05,13,1.3,2.4,1.3960845152056458,0,0,0
1210,106.41,16,5.8,3.7,1.4510938914308347,0,0,0
1211,71.03,10,1.4,4.2,0.6983451030903888,1,0,0
1212,61.31,14,0.0,2.9,1.0731831883077194,0,1,0
1213,89.19,16,6.0,0.0,1.1712552192505958,0,1,0
1214,74.64,23,3.1,5.1,1.3888562103008286,1,1,0
1215,79.23,15,0.9,7.0,0.882200900802185,1,1,0
1216,44.45,17,1.2,6.3,1.2119720260191613,0,1,0
1217,20.94,12,12.0,3.2,1.1623151590402077,0,1,0
1218,193.42,13,5.6,0.7,1.4480671268299674,0,1,0
1219,51.1,22,4.7,1.3,0.7803794957069146,1,1,0
1220,45.57,15,5.2,1.6,0.6877424522830846,1,0,0
1221,108.82,11,5.8,0.8,0.30215958893925887,1,1,0
1222,110.3,12,4.3,0.4,1.077678595460721,0,1,0
1223,41.01,15,0.4,6.8,0.8964813001980586,0,1,0
1224,14.34,14,7.2,1.5,0.9276961966748327,1,1,0
1225,171.03,9,1.4,0.9,1.2585215872226487,1,1,0
1226,25.92,12,1.4,2.3,1.5618817514702381,1,1,0
1227,13.31,13,0.2,5.1,0.5097960404113502,0,0,0
1228,108.22,17,11.7,2.2,0.9605502581313926,0,1,0
1229,57.04,12,0.1,2.1,1.545170908666007,0,1,0
1230,11.62,21,2.2,0.9,0.6990025616761185,0,1,0
1231,54.6,11,0.5,0.0,1.212307479603454,1,1,0
1232,62.39,11,3.6,0.3,1.0332693328419835,0,1,0
1233,37.85,11,1.8,1.1,1.1609559136536847,1,1,0
1234,64.4,11,2.8,3.5,0.5136005009962579,0,1,0
1235,60.01,13,1.6,0.4,1.3861523071089121,0,1,0
1236,104.56,12,3.6,1.7,0.5279884440326015,1,1,0
1237,91.67,20,12.0,13.6,0.5248262233759926,1,0,0
1238,101.66,20,15.1,2.3,0.4981063430406145,0,1,0
1239,81.42,3,0.2,3.0,1.156735005185466,0,1,0
1240,78.3,17,0.4,7.2,1.0853764729818116,1,1,0
1241,152.0,13,2.6,0.9,0.850197028908232,1,0,0
1242,69.08,11,0.0,1.4,0.6924879664903656,0,1,0
1243,41.7,10,0.1,0.2,0.9937747241131831,0,1,0
1244,60.95,6,0.6,2.6,1.4405286754038886,1,1,0
1245,9.37,14,2.7,1.6,0.5312674720302284,1,1,0
1246,175.46,17,1.2,0.1,1.4850203973202505,0,0,0
1247,372.28,17,3.4,1.6,4.596015069724138,0,0,1
1248,37.97,18,0.4,9.2,0.55928246458601,0,1,0
1249,46.74,19,4.9,1.0,1.3399943081379848,0,0,0
1250,65.5,20,6.2,4.3,1.1871114905224804,1,1,0
1251,66.82,8,1.5,0.3,0.33524013855364043,0,1,0
1252,117.99,18,7.4,8.0,0.3182017948793603,0,1,0
1253,24.28,10,11.3,1.9,0.8118267515328028,0,1,0
1254,66.39,16,4.5,1.9,1.7281887562492988,0,0,0
1255,53.12,15,0.2,3.2,0.9263119363660378,1,1,0
1256,238.66,13,4.3,0.2,0.7337743239445897,1,1,0
1257,108.17,5,6.1,2.5,1.4321145805842952,0,1,0
1258,57.68,12,2.3,2.8,0.559804626582469,0,1,0
1259,18.77,8,4.3,4.0,1.3605502766678583,1,0,0
1260,159.85,14,9.2,5.0,1.1993800078103667,0,1,0
1261,24.14,9,4.4,2.6,1.6377540428945414,0,1,0
1262,311.52,19,1.6,1.0,0.8686285493365766,0,1,0
1263,200.8,16,0.7,1.3,0.7386209269230957,0,1,0
1264,46.25,18,3.6,0.2,0.9670144669457955,0,1,0
1265,96.92,11,6.8,2.3,0.7545120741960462,1,1,0
1266,48.01,14,0.1,5.3,0.9052984657219169,0,1,0
1267,172.26,21,3.3,14.6,1.1337813514569437,0,0,0
1268,29.1,12,3.2,3.1,0.8449808446769764,0,1,0
1269,78.89,5,13.4,4.0,0.9240168987844314,0,1,0
1270,37.23,11,5.3,2.2,0.5890177265973422,1,1,0
1271,64.9,12,7.4,0.2,0.8836908637194173,0,1,0
1272,113.46,18,6.3,5.2,0.3187156453353297,1,0,0
1273,102.07,11,3.2,8.6,1.4850954618738432,0,1,0
1274,156.29,18,1.3,4.5,1.1980805911932864,0,1,0
1275,128.99,11,2.6,1.4,1.6243078382323648,1,1,0
1276,64.8,15,10.2,5.4,0.9769465738883307,0,1,0
1277,26.56,12,1.2,1.2,1.384840098680494,0,1,0
1278,5.95,17,0.0,2.3,1.357242923336617,0,0,0
1279,149.86,10,2.1,8.7,1.1395240695047109,1,1,0
1280,35.53,14,3.0,0.7,0.6813974452832975,0,1,0
1281,82.56,12,5.9,0.7,0.9614561670401861,0,1,0
1282,72.56,16,2.4,4.0,0.7158597671482452,0,1,0
1283,20.06,12,1.1,0.1,1.3125105827788999,1,0,0
1284,197.89,16,4.3,0.0,1.1981351306662227,0,1,0
1285,14.78,13,3.0,0.8,1.5440977756084509,0,1,0
1286,231.4,14,2.5,4.6,0.9796200433246552,1,1,0
1287,148.73,16,2.2,0.2,1.468651320727183,0,0,0
1288,40.42,9,0.5,1.5,1.5388068438812548,0,1,0
1289,123.93,19,1.4,0.8,1.1031594393537176,1,1,0
1290,187.3,12,0.2,0.5,0.9760682292007625,1,1,0
1291,75.62,13,9.2,0.9,1.3423527075295791,0,1,0
1292,52.65,13,6.2,3.8,0.7288480193435913,1,1,0
1293,28.24,14,7.8,0.5,0.67246845407544,1,0,0
1294,37.05,13,0.1,7.9,1.4437258145698282,0,1,0
1295,13.94,15,0.1,5.6,0.42227267967318804,0,1,0
1296,114.89,16,8.0,1.9,1.1888000662208131,1,1,0
1297,174.54,4,0.4,0.5,0.995215769096603,1,1,0
1298,17.11,12,12.4,1.5,1.5605173931297847,0,1,0
1299,37.19,17,10.2,2.6,0.4514731127844511,0,1,0
1300,37.88,13,2.1,1.5,1.126159066940477,1,1,0
1301,40.79,13,5.8,1.3,0.8181221681701996,0,1,0
1302,106.46,14,0.8,0.3,0.7690421439018604,1,1,0
1303,329.75,10,2.5,0.1,1.2669990366317825,0,0,0
1304,164.61,17,1.7,0.6,1.0402335013753492,1,0,0
1305,143.21,11,4.5,7.5,0.16656543617716713,0,1,0
1306,58.97,22,0.6,2.3,1.6163587784496516,0,1,0
1307,69.25,8,3.6,7.0,1.0644738543237826,0,0,0
1308,13.01,10,2.8,2.8,1.0211744605678923,1,1,0
1309,57.13,11,4.9,2.8,1.0783507183734742,1,0,0
1310,45.65,14,5.7,5.5,1.557774539111766,1,1,0
1311,308.99,17,21.1,30.2,6.474336588408223,1,1,1
1312,114.07,14,3.2,1.3,1.0686802444171748,0,1,0
1313,42.61,12,0.4,1.4,0.20041125076983124,0,1,0
1314,36.36,9,22.3,3.3,0.7899355775304835,0,1,0
1315,23.92,11,1.4,0.1,1.3034179651778008,1,1,0
1316,181.44,9,5.9,2.1,0.4446838985180962,1,1,0
1317,108.38,15,5.4,5.0,0.7097053346279041,1,0,0
1318,60.25,21,2.7,3.3,0.7462926505166327,0,1,0
1319,99.9,18,5.7,2.7,1.057877233387786,1,1,0
1320,53.1,13,1.3,1.6,0.7906788007060912,0,1,0
1321,51.58,13,1.5,6.4,0.736264218644181,1,0,0
1322,177.87,15,5.7,10.8,1.0805479485375944,1,0,0
1323,282.25,21,1.7,13.1,0.531999396314596,0,1,0
1324,36.78,13,0.0,2.1,1.050141524906891,1,1,0
1325,65.59,14,0.3,4.5,1.1367292473798825,0,0,0
1326,91.15,9,6.4,7.1,0.8635171069604914,0,1,0
1327,73.31,13,0.0,4.0,1.3744508770213766,0,1,0
1328,56.05,13,0.3,7.6,0.2925132894521203,1,1,0
1329,29.9,12,0.6,10.6,0.695352052188027,0,1,0
1330,92.85,8,2.2,3.7,1.19317479439587,0,0,0
1331,97.3,11,6.4,7.9,0.9238509545781032,1,1,0
1332,37.79,17,1.1,1.3,0.6715826517461674,1,0,0
1333,15.94,17,0.6,2.8,0.9178806181128396,1,1,0
1334,55.38,13,0.8,0.7,1.4105501188709613,0,0,0
1335,52.31,17,1.8,5.3,1.3640178619750973,0,1,0
1336,141.2,12,0.8,0.5,1.3022511523870344,0,1,0
1337,22.61,3,0.9,1.4,1.0825846738601503,0,1,0
1338,46.31,16,21.8,1.4,1.615183616448641,1,1,0
1339,17.32,8,5.3,2.8,1.06987464737544,0,0,0
1340,21.49,12,0.5,13.3,0.6905507742810513,1,1,0
1341,119.07,20,1.2,2.9,0.6474484799079046,0,1,0
1342,44.32,13,4.3,10.6,1.242938999611273,0,1,0
1343,88.61,11,5.4,3.7,0.6352496239758738,1,1,0
1344,54.82,15,1.3,2.9,0.8283073076049302,0,1,0
1345,161.66,13,0.7,0.7,1.3874504327290775,0,1,0
1346,102.11,11,90.6,0.2,5.473170155434597,0,0,1
1347,106.2,9,1.6,0.7,1.1386899357870126,1,1,0
1348,64.25,17,5.3,3.2,1.066195221651372,0,1,0
1349,139.01,9,7.8,3.7,0.7814629204849345,0,1,0
1350,229.34,13,23.8,11.2,5.197278180194658,1,0,1
1351,131.62,11,2.2,10.1,1.4952402140055745,0,1,0
1352,42.82,14,5.2,8.2,0.7471442876633712,0,1,0
1353,45.74,17,0.3,10.1,0.717492174088928,0,0,0
1354,440.55,9,31.0,66.2,1.5,1,1,1
1355,68.66,11,1.9,5.3,0.31640582753044155,0,1,0
1356,30.32,14,1.6,14.2,1.24056469325637,0,1,0
1357,84.18,15,2.0,0.9,1.0274489136794365,1,1,0
1358,7.4,22,5.7,0.0,0.26792811333471,1,1,0
1359,80.58,13,7.1,13.3,1.239462100244967,1,0,0
1360,22.83,16,0.5,3.9,0.6703096247001137,1,1,0
1361,16.22,13,5.3,0.8,1.3171638333265538,0,1,0
1362,68.22,9,18.6,1.5,0.8957359478555742,1,1,0
1363,169.6,17,2.1,4.9,0.8606026332275593,0,1,0
1364,65.48,13,3.1,5.9,0.5307887118646946,0,1,0
1365,204.84,19,0.8,3.7,0.5994528250790652,0,1,0
1366,6.9,13,1.4,16.5,1.3748263148536801,0,1,0
1367,48.67,8,5.1,5.2,0.5675968215498991,0,0,0
1368,36.43,9,0.4,7.3,0.5464286419265536,0,1,0
1369,173.98,11,1.2,0.9,0.14852882288478297,0,1,0
1370,53.82,11,4.9,1.0,1.1553316517398864,1,1,0
1371,43.0,13,0.4,1.3,1.0640601935492582,1,0,0
1372,129.54,12,2.9,0.6,1.1295788138398022,0,1,0
1373,85.33,13,2.2,8.9,0.784951748034515,0,1,0
1374,106.0,12,1.4,6.1,0.5831104639233904,0,1,0
1375,222.23,12,2.8,5.4,1.2295054973900454,0,1,0
1376,218.05,15,4.8,13.8,0.3442748335030824,0,1,0
1377,213.48,9,2.7,4.4,1.6343806970866792,0,1,0
1378,60.93,11,4.9,0.1,0.3069144841761292,0,1,0
1379,47.5,12,15.6,1.2,0.7136274351690802,0,0,0
1380,35.05,16,0.4,3.6,1.1926698192555487,0,1,0
1381,102.59,9,4.4,2.3,1.0199949404071067,0,1,0
1382,203.58,10,13.5,4.9,0.9969269426933194,1,0,0
1383,29.49,15,4.1,0.6,1.3432328658885446,1,0,0
1384,112.19,14,1.4,4.5,1.0592479389252918,0,1,0
1385,129.74,17,2.1,7.5,0.9779313109284795,0,1,0
1386,67.81,17,10.1,4.2,0.23882240271472943,1,0,0
1387,15.0,17,9.4,1.7,0.8650765777372852,1,1,0
1388,12.31,7,3.2,6.9,1.2484446259885793,0,1,0
1389,75.87,8,5.6,0.6,1.3487686260604816,0,1,0
1390,51.19,11,8.6,9.6,1.0089253937366565,0,0,0
1391,42.75,23,1.3,0.8,0.9536598590983201,1,0,0
1392,44.91,13,0.3,9.7,1.1810261570158496,0,1,0
1393,78.22,19,15.2,2.9,1.0670989614088158,1,1,0
1394,80.12,17,5.6,4.1,0.34939071045997283,1,1,0
1395,45.02,9,8.1,1.1,1.4953228811125163,0,1,0
1396,119.14,13,3.7,1.7,0.46060523612979465,0,1,0
1397,71.93,17,0.3,2.0,1.6049487843052632,0,1,0
1398,213.5,9,0.9,8.7,0.4597119800781213,1,1,0
1399,15.31,10,1.3,0.5,1.7278732474244656,0,1,0
1400,84.26,13,15.7,3.0,0.6288336171662623,1,0,0
1401,96.48,16,2.1,3.5,0.6922423001885438,0,0,0
1402,104.54,11,10.1,8.2,0.8236117919978716,0,0,0
1403,47.76,21,2.4,7.6,0.7747981078506537,1,0,0
1404,68.79,14,6.2,0.4,0.586853958966262,0,1,0
1405,71.07,8,0.2,10.6,0.6233998409920107,0,1,0
1406,336.62,6,48.5,109.9,2.9117286273115335,1,0,1
1407,88.75,18,6.5,0.8,1.0196525515419157,0,1,0
1408,91.68,14,0.4,6.0,1.22387554239599,1,1,0
1409,97.14,19,0.0,1.4,0.20229604856724637,0,1,0
1410,43.31,16,14.0,16.6,0.8582621101587065,0,0,0
1411,8.54,18,0.1,1.2,1.2540158313261447,0,0,0
1412,31.52,13,8.0,1.9,1.3337055265740128,0,0,0
1413,64.52,13,1.0,0.8,1.439828938825419,0,0,0
1414,22.25,17,2.0,1.2,0.5775594220827143,0,1,0
1415,78.17,6,6.6,10.8,0.5080706562724941,1,1,0
1416,238.23,10,25.5,89.8,6.566924719032979,1,0,1
1417,70.4,14,4.5,2.5,0.6714238886467718,0,1,0
1418,84.11,7,0.4,0.9,0.936500078688022,0,1,0
1419,302.24,8,2.5,0.2,1.5907961912814779,1,1,0
1420,70.13,15,5.2,0.3,0.1,0,1,0
1421,64.81,14,5.0,7.8,0.3575348848733646,0,1,0
1422,43.26,12,6.8,0.8,0.1,0,0,0
1423,130.06,21,5.1,4.9,0.3124353480707339,1,0,0
1424,52.09,7,3.2,0.5,0.935911342447597,0,1,0
1425,286.98,5,5.7,4.0,1.2201412753241865,1,1,0
1426,50.12,13,7.0,6.9,0.9450716698578191,0,1,0
1427,26.15,9,2.0,0.0,1.0644153341201337,1,1,0
1428,221.74,14,5.7,0.2,0.9967222930207724,0,1,0
1429,53.62,13,0.2,5.5,1.053659843769361,1,0,0
1430,8.6,11,5.6,1.0,0.7388231875590214,0,1,0
1431,64.29,10,1.2,1.6,1.3001328874073823,0,1,0
1432,51.18,15,2.3,2.2,1.1365066620189632,0,1,0
1433,56.07,14,5.9,8.6,0.6222909064824812,0,1,0
1434,83.85,18,2.0,3.2,0.38540297385777245,0,0,0
1435,68.6,18,4.9,4.1,1.171079963342155,0,1,0
1436,78.19,16,2.4,1.0,0.8724591033796575,0,1,0
1437,22.08,20,2.2,0.3,0.9470291383793692,1,1,0
1438,26.74,13,2.0,2.1,0.40549776000415905,0,1,0
1439,47.09,8,0.6,3.1,1.6973091997203542,0,1,0
1440,153.62,13,7.6,1.3,1.5035067376499223,1,1,0
1441,58.25,11,1.5,5.1,0.5808134896905646,1,1,0
1442,137.65,15,3.8,2.7,0.8996066649851424,1,1,0
1443,78.13,12,2.1,4.2,1.0486713548690154,0,1,0
1444,107.93,9,10.2,8.6,0.8715160936764323,1,1,0
1445,21.41,19,3.7,3.6,0.1,1,1,0
1446,96.45,11,3.6,2.1,1.2557544167335937,0,0,0
1447,52.71,13,4.0,0.2,1.027310180603292,0,1,0
1448,43.15,12,6.1,1.9,1.6815322824991452,0,1,0
1449,84.89,19,7.0,0.2,0.7394035147589542,0,0,0
1450,77.84,13,4.8,0.4,1.0041647484731713,0,0,0
1451,77.33,12,2.7,0.8,1.5367341111418549,0,1,0
1452,67.76,13,1.7,0.9,0.984869412267943,0,1,0
1453,59.29,23,0.6,1.0,1.3334629124504256,1,0,0
1454,56.2,13,6.5,1.2,1.5161095314937976,1,1,0
1455,52.04,13,2.2,0.5,0.9296546651008755,1,1,0
1456,85.41,13,4.1,0.8,1.2236012267534104,0,1,0
1457,99.41,11,3.8,1.0,1.3286794277946328,1,1,0
1458,89.76,13,5.5,2.9,0.6282594593895933,0,1,0
1459,295.91,15,0.7,5.8,0.6549919091746808,0,1,0
1460,6.82,19,3.6,7.8,1.6433389926079842,0,1,0
1461,52.86,21,3.2,4.1,0.9762691498873068,0,0,0
1462,235.49,7,2.7,1.2,0.8955926936342753,0,1,0
1463,154.15,17,1.4,0.3,0.732075222489668,0,0,0
1464,113.13,13,5.0,1.8,1.1949345232666642,1,1,0
1465,107.78,10,7.1,7.2,1.1169672865939793,0,1,0
1466,180.85,15,5.4,0.4,0.1,0,1,0
1467,42.41,14,2.6,1.3,0.9535653630834403,0,1,0
1468,67.53,3,126.5,43.9,4.435373815624823,1,0,1
1469,112.12,19,5.5,3.1,0.8096403951670299,0,1,0
1470,13.74,16,7.8,1.0,1.3228700101457296,0,0,0
1471,93.07,10,5.5,2.8,1.528740923006731,0,1,0
1472,51.66,16,2.6,0.3,1.3198153904444836,0,1,0
1473,129.3,14,2.8,2.4,0.6968166724415014,1,1,0
1474,113.36,13,2.3,0.5,1.2518144357551289,0,0,0
1475,26.37,12,1.6,0.0,1.6907838927266021,0,1,0
1476,51.41,14,1.7,4.1,1.080692245760309,1,1,0
1477,13.2,23,27.5,0.5,1.013467807533208,0,1,0
1478,118.61,15,0.9,4.4,0.6715546862255891,1,1,0
1479,43.46,16,5.0,3.2,1.178823314325777,1,1,0
1480,30.79,0,3.2,0.5,1.5077995502851786,0,1,0
1481,67.09,8,1.8,1.4,0.8155070784264511,1,1,0
1482,80.61,10,5.9,0.7,0.5724261857319277,0,0,0
1483,46.9,12,9.6,6.4,1.6164733122497297,1,1,0
1484,139.74,17,1.5,0.0,1.2410689613149957,0,1,0
1485,17.95,14,3.9,4.8,0.9872186870945562,0,1,0
1486,97.71,15,0.6,1.9,0.3919818845510873,0,1,0
1487,33.46,9,29.0,0.9,0.4273928859170969,0,0,0
1488,75.18,9,11.0,1.2,0.388143836330499,0,1,0
1489,26.97,9,2.6,3.7,0.7238865720553006,0,1,0
1490,28.95,14,9.8,1.2,0.7454261893238381,0,1,0
1491,110.59,17,1.7,3.4,0.41729340536394244,0,1,0
1492,211.8,13,3.0,12.8,0.7216067505399393,1,0,0
1493,20.77,13,4.0,6.2,0.8914297302157677,1,1,0
1494,240.15,21,18.3,18.4,2.349585371747435,1,0,1
1495,52.35,9,2.7,1.7,1.2754717729102087,0,1,0
1496,59.67,6,7.7,0.3,0.72037718318134,0,1,0
1497,10.45,18,6.5,2.7,0.5027816764604642,1,0,0
1498,30.57,17,1.3,5.4,0.844379243698085,1,1,0
1499,150.92,16,2.2,2.8,1.0898922216472586,0,1,0
1500,86.67,17,1.7,2.1,1.059653005303859,1,1,0
1501,134.9,17,3.7,3.0,1.0466723071743762,0,1,0
1502,164.7,5,1.0,3.3,1.333215565422807,0,1,0
1503,206.01,15,0.1,3.8,0.9020065396800948,0,1,0
1504,118.11,16,6.2,10.1,0.8828624649444258,0,1,0
1505,79.38,14,12.3,0.8,1.4288973616663796,1,1,0
1506,25.82,19,0.1,5.6,1.2976955754783523,0,1,0
1507,6.77,10,17.2,0.4,1.2023662561478827,0,1,0
1508,17.01,14,14.8,2.0,1.7866239122547112,1,0,0
1509,122.26,14,1.6,14.6,1.6268018347622903,0,1,0
1510,56.53,14,4.6,4.3,1.5025859827337489,0,1,0
1511,88.32,11,10.6,4.2,1.0773974786937708,0,1,0
1512,117.63,9,0.1,0.1,0.8889280859466354,0,1,0
1513,41.87,13,10.0,3.7,0.1,1,1,0
1514,195.75,13,11.7,0.5,1.0388269383423003,1,1,0
1515,36.4,13,18.1,1.5,1.3930539915472868,0,1,0
1516,14.49,14,5.5,0.2,0.947349732784036,0,1,0
1517,286.44,6,19.4,22.6,4.27001006775013,1,0,1
1518,28.88,11,0.1,1.0,1.2232069798070806,0,1,0
1519,58.35,12,21.0,3.1,1.3667150077004786,1,1,0
1520,39.54,10,2.5,1.7,1.6076940513316647,1,1,0
1521,295.99,15,3.5,2.7,1.0901217817930469,0,0,0
1522,61.25,14,1.6,0.5,0.6134766254551882,1,1,0
1523,32.65,12,6.7,0.8,0.5821633151521213,1,1,0
1524,115.82,10,4.4,0.2,0.834661669443067,0,1,0
1525,39.44,10,11.2,2.0,1.1663805144485329,0,1,0
1526,101.12,14,6.3,0.7,1.5424574240496032,0,1,0
1527,254.02,14,10.8,0.1,0.9363174508293061,0,1,0
1528,170.63,4,48.0,14.6,6.977935977485934,0,0,1
1529,220.17,7,7.7,3.7,1.1616348114835486,1,1,0
1530,63.35,11,20.0,0.4,1.6686857533528447,1,0,0
1531,272.23,18,3.9,1.6,1.2289942362407678,0,1,0
1532,37.79,9,0.5,4.6,0.7532949814693196,1,1,0
1533,127.43,11,7.5,5.2,0.6810578401050387,0,1,0
1534,17.03,17,5.5,0.3,0.3327018966390052,0,1,0
1535,133.17,16,7.5,2.8,0.5903559257713992,0,1,0
1536,24.71,14,2.7,4.1,0.9111604063489662,1,0,0
1537,44.82,18,0.3,0.1,0.8198389012257621,1,0,0
1538,102.38,15,0.3,2.0,1.2361533175767616,0,1,0
1539,30.05,14,0.5,1.6,0.8270733023083149,0,1,0
1540,111.22,9,1.3,3.6,0.9961338567669655,0,1,0
1541,124.51,10,8.2,10.3,0.8291250012151811,1,1,0
1542,117.06,11,3.1,4.2,0.5119534753673451,0,1,0
1543,39.02,9,0.3,0.1,0.723604323943288,1,1,0
1544,16.21,22,3.2,1.5,0.9124209015310117,0,1,0
1545,59.41,22,0.4,3.4,1.1291268053623833,0,1,0
1546,105.35,15,4.9,2.8,1.5357529887343164,0,1,0
1547,103.04,12,6.7,4.2,1.340820006214408,0,1,0
1548,67.36,14,1.8,3.2,1.1339013532980307,0,1,0
1549,34.47,14,6.3,5.0,0.9001924615351283,0,1,0
1550,151.06,16,81.8,12.7,3.175055928651538,1,0,1
1551,221.47,14,5.6,4.8,1.3210185721257899,0,1,0
1552,19.64,15,1.5,2.6,1.0962669600057195,1,1,0
1553,130.8,13,2.2,0.7,0.5408274915926801,0,1,0
1554,33.33,8,0.8,0.7,1.2956935522658726,0,1,0
1555,180.15,14,1.5,4.4,0.5817774322730455,0,1,0
1556,50.62,14,1.2,2.8,1.5866008740684916,1,0,0
1557,162.23,10,10.7,1.2,1.5074178125443822,0,0,0
1558,25.49,12,6.0,1.3,0.43618867438775577,0,1,0
1559,64.46,12,3.1,2.0,1.393080084956425,0,1,0
1560,12.97,10,7.2,5.9,0.26470840450674027,0,1,0
1561,50.51,18,1.7,0.4,1.398668288675017,1,1,0
1562,117.33,22,3.0,2.2,1.2103104676409215,1,0,0
1563,48.59,14,1.2,4.1,1.0413974316249215,0,1,0
1564,24.96,8,2.8,0.6,0.2738044062704075,0,1,0
1565,13.02,11,3.0,1.8,0.8101549099577694,0,0,0
1566,45.88,8,6.9,0.2,0.8042834748968706,1,1,0
1567,10.95,14,5.6,3.3,0.9167619722183071,1,1,0
1568,16.82,16,5.9,0.7,0.7519963124440926,0,1,0
1569,40.81,12,9.3,0.5,0.9327147371917219,0,0,0
1570,260.95,7,3.0,3.4,1.1297314051444953,1,1,0
1571,18.11,14,0.7,2.7,0.776818314439046,0,1,0
1572,52.74,4,4.1,2.9,1.197771364675848,0,1,0
1573,47.73,6,10.3,1.1,1.0223550620443083,1,1,0
1574,52.14,18,1.7,5.2,1.0193898337189673,0,1,0
1575,61.52,10,12.2,9.4,0.927884812949406,1,1,0
1576,224.29,18,7.0,0.5,1.2913642357860193,0,1,0
1577,26.87,13,0.3,1.1,1.0636925970204154,0,1,0
1578,55.05,9,1.8,1.6,0.43628036329999675,0,1,0
1579,65.67,13,1.5,1.7,1.3383899010380147,1,1,0
1580,49.73,13,0.1,1.5,0.5209175888045514,1,1,0
1581,206.83,10,4.8,0.2,0.9056349469821624,0,1,0
1582,63.41,11,1.6,1.3,0.7264893260135847,0,1,0
1583,45.94,15,7.5,0.8,0.5145151905714547,0,1,0
1584,253.08,14,5.6,54.3,3.304179681048744,1,1,1
1585,235.34,13,0.2,3.9,1.263628089716371,0,0,0
1586,84.21,8,7.3,2.9,0.8464734921321794,1,1,0
1587,13.88,12,2.1,3.8,1.3185728265942498,1,1,0
1588,24.05,20,2.4,13.1,0.9193818108002619,1,1,0
1589,36.56,5,0.8,8.6,0.6626213793479472,0,1,0
1590,70.95,14,1.0,7.8,1.2633443148623635,0,0,0
1591,25.97,19,16.7,3.2,1.0062812707949897,0,1,0
1592,98.23,13,2.6,5.1,0.7532436846206797,1,1,0
1593,48.36,8,1.9,0.8,0.874018393703823,0,0,0
1594,186.49,10,0.4,0.6,0.7198939856448895,0,1,0
1595,143.91,22,0.1,2.6,0.9998816072515619,1,0,0
1596,161.22,9,1.8,1.2,1.0595332034300375,0,1,0
1597,128.46,17,19.6,5.9,0.82956575754991,1,1,0
1598,78.32,7,3.5,2.0,0.8247802592012922,0,1,0
1599,76.68,5,15.3,1.7,1.4953524315364017,1,1,0
1600,31.82,21,1.4,5.2,0.5696580337336519,0,0,0
1601,129.0,11,20.5,2.4,0.971596192544351,0,1,0
1602,58.43,17,0.7,2.6,0.6595099043355326,0,1,0
1603,83.3,9,2.2,1.0,1.544976111744738,0,1,0
1604,20.54,19,1.4,3.2,0.8568985396141429,1,1,0
1605,36.49,6,5.4,0.5,1.0599055429271658,0,1,0
1606,189.88,1,59.4,116.5,7.944647453490219,1,0,1
1607,23.18,11,10.2,1.7,1.1995316203832855,0,1,0
1608,83.18,15,8.0,6.4,0.31468398528616626,0,1,0
1609,176.46,10,2.9,1.6,0.5315333772706636,1,1,0
1610,87.44,12,0.9,1.6,0.7250658225842754,0,1,0
1611,122.59,9,3.8,1.1,1.9471564077343633,1,0,0
1612,47.67,14,1.0,0.3,1.7969331492525815,0,1,0
1613,109.64,18,1.4,3.4,0.5356296012997654,0,1,0
1614,65.95,18,0.7,2.8,1.1042617605592795,1,1,0
1615,204.21,15,0.2,4.0,0.9293177546324564,0,1,0
1616,337.98,12,0.3,0.8,0.559862895728908,1,0,0
1617,98.84,20,7.8,0.7,0.8061399292328127,1,1,0
1618,31.33,13,5.0,2.5,0.5178098350213391,0,1,0
1619,127.61,13,1.2,5.4,1.2912213828560029,1,1,0
1620,28.9,12,4.2,2.7,0.4061839324756231,0,0,0
1621,98.52,18,0.4,0.6,0.9194780232201094,1,0,0
1622,57.65,17,3.2,5.8,1.3947193496561092,0,1,0
1623,48.2,10,7.9,4.1,0.892389724675172,0,1,0
1624,24.02,7,4.9,9.7,1.0708608705958311,0,1,0
1625,14.88,14,2.9,1.4,1.2645890202497392,0,1,0
1626,34.94,12,2.5,1.5,1.0406726121476577,0,1,0
1627,271.21,14,38.6,22.2,7.913061699858462,0,0,1
1628,86.17,11,9.0,2.4,0.3264798635994026,1,0,0
1629,54.88,7,0.1,1.7,1.6303406245785084,0,1,0
1630,3.0,14,7.6,4.6,0.34439704373522595,0,1,0
1631,342.07,12,17.4,10.4,3.0634724675894494,1,1,1
1632,69.14,11,4.4,3.5,0.43889150111688147,1,1,0
1633,451.02,13,40.9,2.2,4.815286886079345,1,0,1
1634,94.96,10,6.6,3.9,0.800116554119745,0,1,0
1635,90.7,13,1.2,0.0,1.0397345011926133,1,0,0
1636,267.88,13,0.3,19.2,1.057704102747553,0,0,0
1637,17.18,16,4.6,4.2,1.0686409626661064,1,1,0
1638,17.53,8,2.9,0.3,0.6854504657583431,0,1,0
1639,139.84,12,6.3,5.6,1.0632036867938424,0,1,0
1640,27.48,12,2.4,0.8,0.5953160034557764,0,1,0
1641,108.45,18,2.1,2.0,0.3843314008204989,0,1,0
1642,84.3,15,4.3,9.7,1.2841049154770015,0,1,0
1643,17.15,14,0.5,0.0,0.29128509650118584,0,1,0
1644,54.08,13,1.0,4.6,1.235226915054123,0,1,0
1645,19.49,12,0.8,0.3,1.3402640835921156,0,1,0
1646,63.75,23,8.4,3.1,0.8125943496168818,1,1,0
1647,43.14,16,0.7,0.8,0.8391500617994624,0,1,0
1648,86.04,11,14.7,3.1,1.3618170649088097,1,1,0
1649,54.71,16,2.6,7.8,0.9382383185263334,0,1,0
1650,83.24,11,0.5,1.0,0.9596417763015368,1,1,0
1651,18.12,14,5.1,1.1,0.1,1,0,0
1652,19.78,16,2.0,0.3,0.9205760232330698,1,1,0
1653,264.88,15,1.7,0.9,1.3195907312906294,0,0,0
1654,43.61,15,1.1,2.9,0.7825168674653409,0,0,0
1655,71.68,14,13.5,4.5,0.38856765019936257,1,1,0
1656,63.84,19,2.1,0.6,1.4252671807026414,0,1,0
1657,226.04,14,1.7,2.3,0.6148481498818392,0,1,0
1658,46.38,3,0.2,2.5,1.1416869195345067,1,1,0
1659,279.55,19,42.8,26.7,5.734552958677278,1,0,1
1660,20.11,13,0.2,2.1,0.4018914505576322,1,1,0
1661,21.87,20,4.3,0.1,1.5899227519807155,0,1,0
1662,359.69,14,5.9,2.8,1.2801865342475829,0,1,0
1663,244.3,14,4.0,6.8,0.8370016927682854,0,1,0
1664,68.46,12,8.8,5.5,0.47576459224918277,1,1,0
1665,56.59,11,0.2,2.5,1.350632825125208,0,1,0
1666,20.28,13,3.0,0.3,1.3912554464793399,0,0,0
1667,80.43,18,1.9,5.2,1.2892423296216196,0,0,0
1668,85.78,16,1.3,4.2,1.4139167947729816,0,1,0
1669,103.52,15,1.5,20.1,4.033239822977661,1,1,1
1670,102.53,17,6.7,1.5,1.9626925885024753,0,1,0
1671,80.74,6,8.8,2.7,0.48578040160704883,0,1,0
1672,109.46,22,3.4,1.5,0.8830450261911795,0,1,0
1673,117.66,11,5.9,2.1,1.5274020980626082,0,1,0
1674,141.83,16,0.8,1.1,0.6917644482604359,1,1,0
1675,44.14,12,7.5,1.1,0.429218649683032,1,1,0
1676,35.43,13,1.6,3.5,0.9405067831344598,0,0,0
1677,102.56,10,6.2,2.8,0.9341292707144166,0,1,0
1678,67.56,12,8.0,4.6,0.5088989142840084,0,1,0
1679,56.72,11,4.3,1.7,1.3051300665735055,0,1,0
1680,64.81,8,5.5,0.6,0.7728527255751435,1,0,0
1681,27.72,18,3.1,5.6,1.0288291005336703,1,1,0
1682,191.8,12,56.9,1.6,4.65417988627045,1,0,1
1683,26.9,17,13.5,0.2,1.4190658288352167,0,1,0
1684,87.36,12,0.8,6.2,1.086815932305929,0,1,0
1685,203.43,7,0.4,4.6,1.005262630958588,0,1,0
1686,14.64,13,14.1,2.9,0.9241339382979308,0,1,0
1687,54.72,9,0.4,3.5,1.7390376210507115,0,1,0
1688,99.25,20,9.5,0.7,1.255034464020798,0,0,0
1689,40.34,17,1.7,2.6,1.415190030207114,0,1,0
1690,60.71,19,2.1,3.7,0.9525641695320717,0,1,0
1691,165.86,7,1.7,0.8,1.5030338079635317,0,1,0
1692,33.3,15,4.5,7.2,0.8365716354220857,1,1,0
1693,29.53,14,0.2,1.0,1.3600462542060199,0,1,0
1694,56.62,15,8.4,1.1,0.7044783930707612,0,1,0
1695,90.74,14,2.3,2.1,1.3463964448419234,0,1,0
1696,122.24,16,2.0,2.0,0.891187973062484,0,1,0
1697,59.28,20,2.7,2.8,0.9067393709826261,0,1,0
1698,33.11,6,3.0,0.5,0.9128594436250239,0,0,0
1699,91.0,9,4.6,0.2,1.037177240919131,1,1,0
1700,69.27,15,1.0,3.1,0.5497283750945106,1,0,0
1701,12.88,12,1.4,1.6,1.3571343747226265,0,1,0
1702,51.23,8,4.1,0.1,1.4950376273578727,1,1,0
1703,103.39,14,5.7,2.2,1.1431160729986714,0,0,0
1704,124.73,12,1.1,1.4,1.1872842502113095,0,1,0
1705,30.31,16,3.6,1.2,1.0711999174000006,0,1,0
1706,141.46,16,2.2,5.7,0.7619964459371806,0,0,0
1707,10.05,10,1.3,4.7,0.7252814983578333,0,1,0
1708,243.5,16,4.8,8.1,0.9530666385060558,0,1,0
1709,408.17,8,66.5,17.6,6.784762354713163,1,0,1
1710,70.34,19,7.2,4.2,1.9531634966143114,0,1,0
1711,83.09,14,1.3,7.7,0.7095769228084899,0,1,0
1712,101.59,9,1.1,0.0,1.7509224353403945,0,1,0
1713,241.22,8,0.4,5.3,1.523944058070139,0,1,0
1714,37.71,22,13.9,1.6,1.211107007719686,0,1,0
1715,153.73,12,4.0,4.4,0.944234387135716,1,1,0
1716,33.11,18,1.7,0.1,0.9460667899292285,1,1,0
1717,127.58,14,1.1,0.8,0.9827448052689866,1,1,0
1718,136.37,8,1.9,2.9,1.5007897478314702,0,1,0
1719,17.6,9,0.2,7.1,1.4164209315197018,0,1,0
1720,205.19,15,24.5,0.5,0.9377151819136285,1,1,0
1721,16.16,11,20.6,4.0,1.3917477527109143,0,1,0
1722,125.85,13,5.5,1.0,0.4089455740610234,0,1,0
1723,123.04,10,0.3,3.3,0.5942753393354767,0,1,0
1724,21.0,13,20.9,2.2,0.8665275360158592,1,1,0
1725,86.41,13,3.7,0.4,1.410886538258069,0,1,0
1726,106.71,13,2.9,3.0,0.8952574135974173,0,1,0
1727,39.39,17,12.6,1.1,0.9813147421073336,0,0,0
1728,52.34,19,15.3,2.5,0.6795932447085974,0,0,0
1729,62.58,6,1.2,2.6,1.207206661011611,0,1,0
1730,238.12,15,5.5,2.4,1.102905265718702,0,1,0
1731,156.69,16,4.4,0.0,1.150356830681991,0,1,0
1732,38.42,15,0.4,5.0,1.0198897227791495,0,0,0
1733,10.37,15,2.4,3.4,1.8109356066804267,1,1,0
1734,50.39,16,2.7,2.6,0.9722055347400562,1,1,0
1735,78.22,10,4.6,6.2,0.8320603158826076,1,1,0
1736,20.7,19,2.1,1.3,1.2023999873710798,0,1,0
1737,102.71,16,15.7,0.9,0.9479315908327557,0,1,0
1738,59.59,16,2.4,0.9,0.7742070689688174,0,1,0
1739,37.34,15,13.3,4.6,0.5740569191237579,1,1,0
1740,95.06,13,10.8,3.4,0.7980347891217798,0,1,0
1741,21.7,13,5.9,7.0,0.8065439944896182,0,1,0
1742,49.86,15,6.7,9.2,0.47926443063747926,1,1,0
1743,42.69,11,5.2,0.5,0.8469548892760129,1,0,0
1744,12.61,11,1.3,3.3,2.051527597972288,0,1,0
1745,99.49,8,4.6,0.6,1.5479464715577913,0,1,0
1746,99.08,10,4.6,1.4,0.5618021025209761,0,0,0
1747,88.67,9,8.2,0.3,0.45818266277500375,0,0,0
1748,37.57,13,0.5,3.6,1.1546404364379454,1,1,0
1749,102.02,10,14.5,1.4,1.7408028778738138,0,0,0
1750,241.87,8,2.7,7.3,0.6038196053544836,0,1,0
1751,55.0,19,7.7,0.4,1.423934833599601,0,1,0
1752,74.59,17,7.7,3.1,0.7733516754733104,0,0,0
1753,181.45,10,7.7,0.9,1.6285198446126028,0,1,0
1754,103.64,14,3.2,1.1,1.1680816957151885,0,0,0
1755,4.33,15,1.1,1.9,0.5979435051684974,0,1,0
1756,1.04,14,0.8,3.5,1.5458582253241255,1,1,0
1757,207.49,18,5.3,2.7,0.822286980865465,0,1,0
1758,50.86,8,33.0,13.2,3.864086818869789,1,0,1
1759,21.17,21,1.6,1.0,0.7791183234444754,0,1,0
1760,121.31,12,11.0,7.9,0.9601599749054007,1,1,0
1761,40.05,10,0.7,2.9,1.8497565356890988,0,1,0
1762,62.34,18,0.5,0.6,1.141210520536473,0,0,0
1763,31.14,15,2.7,1.2,1.1572394170103044,0,1,0
1764,68.03,11,0.8,12.1,0.8322442071255045,1,1,0
1765,113.94,17,1.9,2.9,0.7997730116054474,0,0,0
1766,113.06,12,1.6,0.9,1.0992823529963307,0,0,0
1767,20.6,13,5.3,2.0,1.8570394149214802,1,1,0
1768,77.42,14,2.4,4.6,1.1083743245253599,1,1,0
1769,22.08,10,10.9,1.9,0.7476017727216349,1,1,0
1770,5.88,13,1.6,5.2,0.42901426525844033,0,1,0
1771,72.51,5,4.7,25.5,5.635991525862427,1,0,1
1772,56.45,6,0.7,6.5,0.7778753067120674,1,1,0
1773,101.38,12,13.4,0.2,1.265606991618526,0,1,0
1774,104.93,15,1.9,0.1,1.4677479988970346,0,1,0
1775,75.91,13,7.1,1.0,1.204036856328463,1,0,0
1776,263.01,10,16.6,2.5,0.7274033117854817,0,1,0
1777,202.68,19,9.2,2.5,1.1489027116321489,0,1,0
1778,66.43,17,15.5,0.7,1.4303343898960321,0,1,0
1779,99.97,10,4.8,0.2,1.201181865648852,0,1,0
1780,7.62,16,1.0,1.6,1.0778473549037615,0,1,0
1781,43.09,8,2.2,1.3,1.024570783346743,0,1,0
1782,88.02,7,6.3,5.1,0.2087299323169597,1,1,0
1783,52.52,9,1.7,1.3,1.0383083957826238,1,1,0
1784,709.32,0,16.6,31.8,4.636162184794966,1,0,1
1785,89.54,11,0.4,1.5,1.833286888689051,0,0,0
1786,50.86,13,3.2,0.1,1.399362534241106,1,1,0
1787,64.32,13,0.4,3.3,1.0806094054232782,1,1,0
1788,103.04,12,0.8,7.8,1.116627588605382,1,1,0
1789,154.35,16,2.3,1.8,0.7072368150590285,0,1,0
1790,165.66,15,2.9,1.6,0.41650728727896913,1,0,0
1791,94.23,19,0.1,1.4,1.6799155040493274,0,1,0
1792,173.78,10,2.1,4.6,1.4301098728768888,0,1,0
1793,105.91,15,1.1,1.1,0.3410467112352471,1,0,0
1794,71.3,0,1.9,0.3,0.8350747430284868,0,1,0
1795,77.98,11,5.5,8.0,1.2410584264009668,0,1,0
1796,71.76,17,8.8,2.0,0.7091543667829636,0,1,0
1797,75.28,12,4.0,4.2,1.1562819383834166,0,1,0
1798,81.86,15,2.2,1.1,0.9380102713318664,0,1,0
1799,57.53,8,5.7,6.6,1.0803582684683377,0,1,0
1800,101.84,16,3.0,1.5,0.8299872948415518,1,1,0
1801,51.36,15,1.8,2.0,0.6356999103415626,0,1,0
1802,109.37,19,0.3,2.4,0.48519121025242085,0,1,0
1803,16.67,17,18.8,1.4,0.5947891397344248,1,1,0
1804,54.41,12,3.3,0.1,0.9138445544189118,1,1,0
1805,45.27,11,4.2,3.1,0.7662528285674604,1,1,0
1806,106.77,12,5.0,4.8,0.7445053131325023,0,1,0
1807,113.16,18,7.4,0.5,0.19789399882651182,0,0,0
1808,14.26,9,8.1,1.1,1.360889076740064,1,1,0
1809,85.77,15,1.7,0.7,0.9207921310192502,0,1,0
1810,36.8,14,8.1,1.3,0.6933965754028995,1,1,0
1811,126.65,14,9.8,2.5,1.0198527188518722,1,0,0
1812,45.94,14,1.1,3.8,1.1479194711627976,0,1,0
1813,131.57,12,0.9,1.0,1.127053265790511,0,1,0
1814,48.67,11,9.5,0.3,1.367008761252192,0,1,0
1815,38.28,16,0.3,1.6,2.410275902943221,0,0,0
1816,75.35,14,0.6,5.7,1.5690531053035914,0,1,0
1817,76.56,12,3.8,0.9,0.963260689580503,1,1,0
1818,52.29,14,1.1,7.0,1.1664381252295126,0,1,0
1819,53.68,10,10.4,5.2,0.976299863451033,0,1,0
1820,25.49,4,7.6,0.7,1.11684684415577,1,0,0
1821,42.57,14,0.1,2.2,1.0587193782730613,0,1,0
1822,47.18,17,1.1,4.5,0.9255830210862582,0,0,0
1823,47.09,18,7.6,1.7,1.1811576860110828,0,0,0
1824,21.22,22,10.1,2.5,1.1270733744122527,1,0,0
1825,36.97,18,0.4,6.0,0.8399890826026992,0,1,0
1826,73.35,11,0.6,1.9,0.7298022332003203,0,0,0
1827,40.88,8,3.7,1.4,0.489476286562605,0,1,0
1828,16.61,16,5.5,1.3,1.3310517913822069,1,0,0
1829,153.15,11,5.3,1.0,1.176572307230575,0,0,0
1830,99.89,14,3.4,0.1,0.9309617787009588,0,1,0
1831,135.1,13,2.0,0.3,0.4273252605265091,1,1,0
1832,56.41,10,0.5,2.0,0.7459898862475434,0,1,0
1833,5.54,15,1.5,3.5,1.148799782805257,0,1,0
1834,153.34,10,3.7,2.7,1.1694038265693403,1,1,0
1835,31.79,17,7.9,3.7,0.9546690839159009,0,1,0
1836,84.78,15,3.8,4.6,1.0155472390974596,1,1,0
1837,327.53,5,0.7,2.0,1.6026178489888792,0,1,0
1838,76.87,19,10.4,0.1,0.9254002472476528,0,0,0
1839,33.62,7,10.8,4.6,0.30298695591236946,1,1,0
1840,58.07,14,5.6,6.4,0.7228527531837502,0,0,0
1841,40.94,16,0.4,0.0,0.9865142251009611,0,1,0
1842,22.51,21,0.8,4.0,1.231825876620256,1,1,0
1843,38.4,16,10.6,1.5,0.5085583594412841,1,1,0
1844,34.37,12,1.5,1.0,1.3511639084000762,0,1,0
1845,72.11,9,5.5,1.7,0.8728365928307007,1,1,0
1846,31.28,19,13.3,3.5,0.7903349478301337,0,1,0
1847,50.44,14,0.1,0.1,0.8605824170076869,1,1,0
1848,81.51,15,5.4,1.6,1.1665491619643615,0,1,0
1849,55.24,18,0.3,2.6,1.3596656850241642,0,1,0
1850,69.5,18,5.0,2.3,0.7202572053700362,1,0,0
1851,35.56,7,5.1,1.1,1.0296350215960617,0,1,0
1852,5.63,19,10.2,0.8,0.7812146612665235,1,1,0
1853,11.85,12,2.8,0.8,1.2497948237221124,0,1,0
1854,41.68,8,3.1,4.3,0.8780395670347256,0,1,0
1855,723.66,17,6.2,34.1,4.917479737162222,1,0,1
1856,19.8,13,0.8,0.1,1.0119520721593038,0,1,0
1857,29.27,19,0.6,0.5,0.7303512018265175,1,1,0
1858,69.85,16,3.0,5.0,0.6486638273577867,0,1,0
1859,43.9,14,4.7,2.7,1.1043133284486712,0,1,0
1860,60.13,10,2.5,5.0,0.9050244881584336,0,1,0
1861,118.01,14,0.6,0.9,1.2090839455315128,0,1,0
1862,267.1,10,6.5,9.7,0.4958898882083115,0,1,0
1863,109.97,18,2.9,2.9,0.9342481320623677,1,1,0
1864,48.5,16,4.9,0.1,1.1821869067455726,0,1,0
1865,53.45,17,13.5,1.0,1.0913242279147009,1,1,0
1866,38.75,15,0.6,2.0,1.3124347438250128,0,1,0
1867,72.83,18,4.7,5.4,0.9506742572139647,0,1,0
1868,28.68,13,7.6,1.2,1.3137850298869438,0,1,0
1869,24.9,16,5.4,6.6,1.1123376670476641,0,1,0
1870,73.63,11,4.0,2.2,0.9557861030795702,0,0,0
1871,95.49,8,8.5,3.4,1.505804301405682,1,0,0
1872,114.39,11,5.0,1.2,0.3674249777345938,1,0,0
1873,42.03,19,1.4,1.7,1.4074330457242552,0,0,0
1874,3.68,19,1.4,1.8,1.1640163280699893,1,1,0
1875,70.45,14,0.7,2.6,1.214736057308338,1,1,0
1876,114.96,17,0.8,0.8,0.5750978267923499,0,1,0
1877,47.78,16,3.1,5.4,1.7766337026775814,1,1,0
1878,137.27,16,1.7,4.2,1.3453498462647981,0,1,0
1879,94.34,13,4.6,3.8,1.1829519225923744,1,1,0
1880,105.76,13,0.1,0.7,1.5039474851838002,0,1,0
1881,435.96,11,2.7,32.1,1.5,1,0,1
1882,151.82,15,0.2,4.4,1.5519201596767613,1,1,0
1883,28.68,23,0.1,5.3,2.035239574858063,1,0,0
1884,11.19,12,2.6,8.2,1.1743253446737674,0,1,0
1885,38.9,21,81.4,8.6,6.593255058034268,1,0,1
1886,50.82,11,10.5,0.0,0.8794469894054282,0,1,0
1887,74.7,16,12.6,1.3,1.0447076104641735,0,0,0
1888,65.75,20,2.1,14.2,1.0688031347732985,0,1,0
1889,111.97,8,11.8,4.9,1.4769185596703425,1,1,0
1890,130.35,3,23.1,3.2,0.40918036879382635,0,1,0
1891,127.85,10,8.0,2.8,1.114994312560659,0,0,0
1892,33.36,15,4.4,5.7,1.2431709100376196,0,1,0
1893,18.16,21,1.9,4.7,1.7798838205872092,1,1,0
1894,66.61,14,3.1,3.3,1.0269368031325632,0,1,0
1895,70.01,18,0.4,0.2,1.4352472693428329,0,1,0
1896,22.04,16,3.8,3.0,0.9264165950998793,0,1,0
1897,44.35,16,41.4,20.1,0.46029434000160574,0,1,0
1898,152.14,10,22.7,2.8,1.5066998699978136,0,1,0
1899,31.42,12,3.0,3.0,0.9663331619778996,1,1,0
1900,20.59,13,8.4,2.7,0.36312398655411415,0,1,0
1901,298.11,6,3.0,0.4,1.531540838111698,0,1,0
1902,15.64,15,1.4,1.6,1.45794435452478,0,1,0
1903,32.14,12,11.0,4.4,0.7632135872978354,0,0,0
1904,37.06,10,7.4,3.5,1.0673749459131987,1,1,0
1905,45.18,14,0.7,0.1,1.1276289309481833,0,1,0
1906,45.69,1,4.2,2.0,0.8571555679183213,0,0,0
1907,73.12,16,1.9,5.8,0.5551949417708382,0,1,0
1908,122.3,12,6.9,0.6,0.1,1,0,0
1909,104.1,7,2.8,2.6,2.4265675954322026,1,1,0
1910,93.32,17,1.4,0.6,1.3058292398745066,0,1,0
1911,110.06,11,0.6,7.5,1.6425885621850125,1,1,0
1912,40.23,14,0.4,0.7,0.7715146844946048,1,1,0
1913,107.69,14,2.5,2.4,1.1509380971400627,0,1,0
1914,152.37,12,0.5,1.6,0.6643499024443325,0,1,0
1915,177.49,7,11.8,4.5,1.3478523474311161,1,1,0
1916,120.86,12,3.2,0.1,0.5953432140663448,0,1,0
1917,50.61,15,12.3,3.3,0.7738030541232228,0,1,0
1918,348.06,21,35.0,10.0,7.914868182868137,0,0,1
1919,98.75,15,2.6,0.9,0.9832156991354021,0,1,0
1920,22.15,15,5.8,4.9,1.1714235039745204,0,1,0
1921,183.79,9,5.1,2.9,0.6109498681345471,0,1,0
1922,26.04,16,4.4,2.9,1.8560974445398593,0,0,0
1923,65.22,10,0.8,1.3,1.3236698894788617,1,1,0
1924,212.13,11,0.9,0.1,1.0092323966346806,1,1,0
1925,33.95,11,0.2,3.5,0.7175587305699471,0,0,0
1926,84.7,10,14.1,0.5,0.557612076616937,0,1,0
1927,153.25,11,0.5,0.2,1.0116262700776621,1,1,0
1928,190.95,13,8.1,6.0,0.7859617217742746,0,1,0
1929,44.3,15,1.0,0.8,1.1153558505055408,0,1,0
1930,296.19,16,33.4,28.9,4.30915015715797,1,0,1
1931,211.86,16,8.6,6.1,1.920280224534264,0,1,0
1932,65.69,17,2.3,2.3,0.9707375129467292,0,0,0
1933,71.75,16,1.5,1.1,1.0888830571678703,0,1,0
1934,15.73,9,2.2,3.1,1.2635946954981225,1,1,0
1935,90.04,13,9.5,1.5,1.7434398492805958,0,1,0
1936,114.06,10,5.5,11.0,1.253754139970588,0,1,0
1937,119.67,11,10.9,0.8,0.7150102872447544,1,1,0
1938,69.15,18,0.3,1.9,0.4973635034597934,1,1,0
1939,15.83,11,0.3,1.2,1.560868285569795,0,1,0
1940,52.94,8,4.7,6.1,0.9511780513163525,1,1,0
1941,148.1,13,2.6,7.2,0.9732440911125922,0,0,0
1942,78.28,13,5.4,9.4,0.4909726448905386,0,1,0
1943,35.92,14,2.2,2.9,0.6012433901872636,0,0,0
1944,55.68,20,1.8,7.6,0.9502735958162702,1,0,0
1945,19.51,17,1.9,0.1,0.6611791767804462,0,1,0
1946,205.42,15,0.2,0.3,0.6671569895997826,1,1,0
1947,87.86,19,0.5,0.9,1.5658193152898017,1,0,0
1948,29.88,15,2.0,0.6,1.0146546506658358,0,0,0
1949,65.93,7,3.4,2.1,4.228247944268054,1,0,1
1950,144.22,12,1.6,0.8,1.044293158336144,1,0,0
1951,74.89,17,10.3,10.5,1.0912049663417658,0,1,0
1952,31.08,16,1.1,2.1,1.326137729346267,0,1,0
1953,53.5,23,1.0,3.2,1.3042411774312859,0,1,0
1954,7.68,15,0.0,1.6,0.8801971337625627,1,1,0
1955,146.55,19,4.0,2.8,1.4835221443276656,0,1,0
1956,118.99,12,11.5,2.8,0.6153393925427058,1,1,0
1957,124.02,22,14.7,0.1,0.9176998842837758,0,1,0
1958,84.04,8,24.9,8.3,0.310874620887875,0,1,0
1959,30.71,15,2.3,0.2,0.9658589784826843,0,1,0
1960,88.68,18,12.6,0.1,0.5539102482160136,0,1,0
1961,193.17,1,1.7,1.1,1.0859282993988213,0,1,0
1962,29.57,16,0.6,5.7,0.9865708255016552,0,1,0
1963,191.51,14,4.1,7.9,0.7910395069098106,1,1,0
1964,492.8,19,11.1,22.1,4.212832718799427,0,0,1
1965,1.66,11,0.2,3.9,0.8948695233935356,0,0,0
1966,118.0,9,3.4,5.3,1.2397128183123503,0,1,0
1967,318.85,22,0.7,5.1,0.6915958241931847,0,1,0
1968,152.26,16,15.6,4.6,1.4687243098191356,1,1,0
1969,132.84,20,4.0,0.6,1.8884063741642798,1,0,0
1970,52.0,8,2.7,0.2,1.1122334121977402,0,1,0
1971,63.58,11,5.4,3.5,1.1440866191376142,0,1,0
1972,95.6,10,9.2,3.0,0.8063549258078658,0,1,0
1973,43.98,16,34.0,0.8,0.7507637370094957,1,0,0
1974,79.83,13,7.7,3.2,0.18581787045548415,0,1,0
1975,46.56,17,6.2,4.0,0.5962037925174153,0,1,0
1976,111.71,21,1.9,1.7,1.073961887354997,1,1,0
1977,66.92,20,5.4,0.3,0.5678919823780644,1,1,0
1978,24.62,14,0.4,1.8,0.7104395282303646,0,1,0
1979,5.36,15,2.2,2.1,0.5150751554056201,1,0,0
1980,22.28,13,1.1,6.9,1.5752426291940007,0,1,0
1981,15.25,17,5.4,9.6,1.4529908810799235,1,1,0
1982,36.08,15,13.3,1.2,0.8547833570109847,0,1,0
1983,56.07,19,0.2,0.5,1.5020638056023916,0,1,0
1984,122.34,9,6.9,7.6,0.41366564282390683,0,1,0
1985,61.19,11,1.0,4.0,0.9775154151103794,0,1,0
1986,27.55,12,1.3,6.6,1.1848853187991557,1,1,0
1987,64.08,13,12.5,5.4,0.8535781786797214,0,1,0
1988,176.58,12,46.1,60.1,4.682068707569049,0,0,1
1989,20.12,14,0.9,3.8,0.6854329586943384,1,1,0
1990,155.11,17,3.1,1.7,1.4704882076410841,1,0,0
1991,102.67,20,6.6,0.9,0.19624566003199373,1,0,0
1992,195.69,14,10.7,2.5,0.8668032797324525,1,1,0
1993,113.22,16,10.7,0.8,0.9547325889155175,0,1,0
1994,28.16,14,0.5,1.6,1.076659871543226,1,1,0
1995,185.25,0,2.7,8.5,5.873272054874739,1,0,1
1996,47.2,17,3.1,1.9,0.6279884181031311,0,0,0
1997,54.85,19,2.7,16.9,1.1190004192762482,1,1,0
1998,108.21,6,1.9,6.4,1.3214278768459333,0,1,0
1999,440.3,16,9.9,33.4,3.86924541273834,0,0,1
2000,33.15,12,0.4,2.6,0.9963677680370573,0,1,0
2001,91.0,9,4.5,0.2,1.4189154195347704,0,0,0
2002,130.21,8,5.8,1.4,1.489302418289903,0,1,0
2003,100.53,14,12.8,0.7,0.954279965223499,0,0,0
2004,4.53,20,12.2,0.3,0.5115604347145752,1,1,0
2005,96.04,7,3.3,2.2,0.7029065863627664,0,0,0
2006,122.16,9,1.9,3.4,1.1279291060315795,0,0,0
2007,63.19,14,6.8,7.9,0.8590206686486979,0,1,0
2008,39.59,15,1.1,4.0,0.5541611255045105,0,0,0
2009,223.91,15,8.2,3.0,2.3345565471829657,0,1,0
2010,110.01,23,0.5,0.6,0.3457332134316824,1,1,0
2011,124.4,20,11.7,0.1,1.015851701490873,1,1,0
2012,149.14,10,14.7,0.3,0.9288895730604355,1,1,0
2013,151.92,12,1.3,4.7,0.542469211870375,0,1,0
2014,210.18,3,34.3,80.1,6.585909086475072,1,0,1
2015,59.2,17,0.7,2.2,1.137443882230345,1,0,0
2016,42.51,13,5.1,0.5,1.5416115515414979,0,1,0
2017,28.16,12,8.3,4.1,1.428295757995257,0,1,0
2018,91.21,10,1.9,0.9,0.8706209209466177,1,1,0
2019,138.04,14,0.3,3.7,1.408680054576187,0,1,0
2020,94.27,8,1.7,1.5,0.7248773234253638,0,1,0
2021,185.12,9,4.5,2.9,0.9545534088270347,0,1,0
2022,186.17,10,8.0,2.5,0.6029872417551615,0,1,0
2023,110.26,20,1.4,0.1,0.8125656580981433,1,1,0
2024,60.3,18,1.1,1.5,0.7549543768535936,0,1,0
2025,275.89,21,193.7,52.2,4.088636828814901,0,0,1
2026,365.16,12,18.2,12.6,2.715016148795934,1,1,1
2027,42.35,12,1.0,2.7,0.6576324348346606,0,1,0
2028,141.39,18,0.6,5.5,0.9268080335939796,0,1,0
2029,77.73,13,6.1,0.5,1.3092533795822396,0,1,0
2030,41.87,8,8.4,1.6,1.3631823924938768,0,1,0
2031,99.66,18,0.1,2.7,0.6372588147675944,0,1,0
2032,39.69,8,4.6,0.6,0.751946928427824,0,1,0
2033,144.73,14,1.7,0.8,1.0034733803360452,0,1,0
2034,85.48,15,2.7,2.4,0.40073271868886284,0,0,0
2035,12.57,14,9.5,2.3,1.1219200905571354,0,1,0
2036,164.2,12,3.1,1.4,1.4763264966213525,0,1,0
2037,79.46,9,3.7,1.3,1.0746008646072034,0,1,0
2038,32.62,16,4.9,1.5,1.0877395783922077,1,1,0
2039,32.09,14,1.2,0.7,0.3949222332926322,0,1,0
2040,36.24,17,0.8,6.3,0.7957636720702963,1,0,0
2041,9.98,21,4.6,0.9,1.163604795273196,1,0,0
2042,53.86,14,1.7,19.4,1.0265070675855419,1,0,0
2043,34.65,23,6.7,3.9,1.11668499156952,1,1,0
2044,40.57,15,1.7,3.0,1.3602152715227713,1,1,0
2045,32.57,14,0.0,0.6,1.395038727744933,0,1,0
2046,40.42,7,2.3,1.6,1.11776858229933,0,1,0
2047,92.48,18,7.2,1.8,0.6097908167140837,0,1,0
2048,69.54,8,0.8,0.6,0.809876435417735,0,1,0
2049,41.81,17,9.4,2.0,0.6117035099789483,1,1,0
2050,27.82,11,0.2,4.1,0.9572643090804749,0,1,0
2051,56.45,12,4.0,0.1,1.23455062686574,0,1,0
2052,64.88,17,0.8,0.2,0.5684793393002259,0,0,0
2053,50.83,17,3.1,14.6,0.6508943174651418,0,1,0
2054,75.04,19,3.6,10.5,0.7334898528838676,0,1,0
2055,523.96,10,2.5,15.6,2.794266372186201,1,0,1
2056,609.93,14,1.8,60.1,4.906682110608668,1,0,1
2057,177.22,8,2.1,4.0,4.8966672611420545,1,0,1
2058,81.9,14,1.0,10.8,0.8514296528034938,0,1,0
2059,24.42,22,3.7,1.0,0.9823368049365588,0,1,0
2060,51.91,14,17.2,0.2,1.2132038825239746,0,1,0
2061,33.31,15,4.9,13.8,0.6119056960855609,0,0,0
2062,92.93,13,2.9,1.9,0.831529930415948,0,1,0
2063,68.02,10,4.5,2.2,1.2893303413965058,0,1,0
2064,19.12,16,2.9,1.1,0.5940027195179853,0,1,0
2065,32.38,19,2.9,11.4,1.443424927647604,1,1,0
2066,205.37,14,8.3,3.4,0.9471117809756293,1,1,0
2067,55.43,11,1.4,2.0,1.3533201055807318,1,1,0
2068,136.99,19,0.7,6.7,0.6315931324403545,0,1,0
2069,56.08,11,1.6,1.0,1.0492983601416945,0,1,0
2070,154.3,14,12.3,10.1,0.9043139265217799,0,1,0
2071,23.38,10,1.6,0.6,0.2561183589002439,0,1,0
2072,17.13,16,2.7,4.1,0.24665642339713723,0,1,0
2073,59.81,23,11.7,0.9,1.2424036195069041,0,1,0
2074,84.6,15,2.0,3.1,0.5748988943213396,0,0,0
2075,63.16,14,4.9,0.8,1.2102662277655882,0,1,0
2076,111.63,6,0.4,6.7,0.8264747902548253,0,0,0
2077,183.69,11,0.5,1.2,0.7929071607630636,0,1,0
2078,21.09,18,2.8,0.5,0.9937569483987899,0,1,0
2079,138.6,13,1.7,2.7,0.9556490764041587,0,1,0
2080,88.73,11,1.5,3.4,1.2019568697425465,0,1,0
2081,103.67,17,1.4,3.7,0.7501766919167593,0,1,0
2082,93.03,13,8.4,8.3,0.9221159751357483,1,1,0
2083,59.76,15,0.4,0.9,0.8142422808941158,0,1,0
2084,210.83,19,182.5,30.3,8.33492243031179,1,1,1
2085,13.61,13,4.4,1.9,0.7061957695064582,1,1,0
2086,85.77,6,4.4,0.9,0.8265732996742164,1,1,0
2087,25.38,15,2.2,0.6,1.1590782184303905,0,1,0
2088,9.57,13,1.9,1.1,0.7535102869341763,0,1,0
2089,221.07,9,2.7,6.4,0.8604698843649821,0,1,0
2090,111.22,14,4.8,5.5,0.9397497644696859,0,1,0
2091,27.06,16,4.5,0.1,0.18628719563240348,0,1,0
2092,49.43,13,8.7,3.2,0.976941245387236,0,1,0
2093,68.83,8,0.2,0.4,0.6232132681311195,0,1,0
2094,282.32,18,25.8,4.4,0.9641491068218669,1,1,0
2095,86.55,13,2.1,3.7,0.8334530548476637,0,1,0
2096,144.72,11,0.7,2.4,0.685246281544073,1,0,0
2097,14.38,17,0.8,13.5,0.6878654782729543,0,1,0
2098,107.59,13,3.6,5.8,0.7739075878522509,0,1,0
2099,50.16,23,5.4,0.9,1.1695441140577847,1,1,0
2100,122.46,18,10.2,2.0,1.6703335552742373,0,1,0
2101,105.24,14,1.0,5.0,0.1,0,1,0
2102,30.23,19,5.1,5.5,0.22163913468517515,0,0,0
2103,92.81,13,7.2,6.2,1.2038577696668304,1,1,0
2104,62.56,14,0.7,0.6,0.9525322825633986,0,1,0
2105,129.5,18,1.5,0.2,1.3956282100031545,0,1,0
2106,45.39,14,2.9,0.7,1.7824002062030564,1,1,0
2107,76.17,15,2.5,0.3,0.7757965217005374,1,1,0
2108,26.38,10,1.0,2.5,1.4959843924032166,1,1,0
2109,90.17,11,7.2,3.4,0.41523857408852094,1,1,0
2110,119.63,23,3.4,1.8,1.1544740656636172,1,1,0
2111,25.58,15,1.5,3.5,1.7686679269105081,0,1,0
2112,108.75,13,3.0,3.6,0.6347967001581052,0,0,0
2113,100.27,15,2.2,3.2,0.8000525777841136,1,1,0
2114,72.27,10,2.7,7.4,1.1703312770311571,1,1,0
2115,44.51,11,0.1,0.7,0.4307131328336339,1,0,0
2116,78.14,14,9.4,3.8,0.780167581524128,0,1,0
2117,125.98,6,9.4,2.1,1.554363688183607,0,1,0
2118,8.75,12,4.3,8.0,1.1413658100045985,0,1,0
2119,43.56,9,3.7,0.1,1.2760153154453127,0,1,0
2120,176.03,14,3.3,5.7,0.6909874084564709,1,0,0
2121,83.11,18,3.5,5.3,0.718446028143551,1,1,0
2122,50.42,10,1.7,0.1,0.9277881759243182,0,1,0
2123,48.55,13,3.4,3.8,0.7301404360633881,0,1,0
2124,49.35,14,1.3,7.1,1.3070929628471308,0,1,0
2125,190.05,21,3.6,4.7,0.5017747835485102,0,1,0
2126,74.88,14,1.3,3.5,0.8141336511346136,0,1,0
2127,132.05,16,0.1,9.4,1.7149726526718254,1,1,0
2128,54.26,13,11.2,1.5,0.6196902373847477,0,0,0
2129,185.49,11,4.8,4.4,1.7797448456388856,0,0,0
2130,48.97,15,5.7,1.1,0.774417742718184,0,1,0
2131,68.55,13,7.3,0.3,1.597343736539942,0,1,0
2132,245.18,22,11.3,8.1,4.141976949521441,1,0,1
2133,210.44,19,8.8,5.3,1.3133067666827931,0,1,0
2134,0.7,11,5.7,0.5,1.1890719178301563,0,1,0
2135,23.46,5,3.6,2.7,0.6710694419981516,0,1,0
2136,93.43,18,0.6,4.6,1.6899836630117466,0,1,0
2137,80.13,16,19.2,5.5,1.1421746255004628,0,1,0
2138,11.41,13,13.2,0.1,0.4890746148749888,1,0,0
2139,74.89,15,4.1,5.3,0.8638129905326161,0,0,0
2140,69.34,15,7.0,11.0,1.5115958084197867,0,1,0
2141,13.98,9,0.1,2.6,0.8026514088559911,1,0,0
2142,58.19,12,5.8,1.7,0.9919975451199291,1,0,0
2143,122.38,15,0.2,1.4,0.5799247065415364,0,1,0
2144,22.88,9,5.5,8.7,1.2674353738774171,0,1,0
2145,71.08,9,1.5,6.7,0.8529660333002688,1,1,0
2146,90.3,11,1.0,0.9,1.0778989799193794,0,1,0
2147,69.31,18,12.4,6.8,1.6191643279914625,1,1,0
2148,30.52,10,2.4,1.4,0.13399095770075564,1,1,0
2149,30.09,10,2.4,1.4,1.0730353251378695,1,1,0
2150,62.64,9,9.1,1.0,1.6737602819658983,1,1,0
2151,32.32,13,0.3,5.8,0.37373410516431405,1,1,0
2152,67.67,17,2.3,2.4,0.8129459648152466,1,1,0
2153,52.6,12,2.6,3.0,1.2750533535456614,1,1,0
2154,158.57,22,0.4,9.5,0.251161831763294,1,1,0
2155,156.96,21,4.4,16.7,3.7236675478730303,1,0,1
2156,27.37,15,0.8,3.1,1.0916728998966756,0,1,0
2157,120.71,14,0.3,0.7,0.49545612531776606,0,1,0
2158,74.17,18,10.0,5.6,0.53443022701038,0,1,0
2159,69.15,11,6.2,0.3,0.5879423961886499,0,1,0
2160,46.68,11,0.6,0.6,1.3245642015142156,1,1,0
2161,14.81,13,2.0,0.3,1.364755600973578,0,1,0
2162,84.22,12,6.0,1.8,1.6507278986099143,0,1,0
2163,31.31,17,4.9,2.7,0.713390668503795,0,1,0
2164,56.88,14,9.6,0.1,0.5554750601439291,0,0,0
2165,141.67,15,0.7,1.0,1.0947838362733635,1,1,0
2166,28.6,6,5.3,0.7,1.2620601182849007,0,1,0
2167,30.27,19,4.8,0.3,0.7881867920411476,0,0,0
2168,113.59,7,5.0,1.5,1.3085529124917805,1,0,0
2169,40.78,10,27.8,40.5,3.4885338265417074,1,0,1
2170,24.36,19,2.9,1.5,1.0315984647703922,1,0,0
2171,70.43,17,2.9,4.5,1.7460431325688808,0,1,0
2172,38.97,9,5.4,2.1,0.5248109369045516,0,1,0
2173,331.67,8,27.4,14.6,2.5772749585762984,1,0,1
2174,69.39,15,5.7,0.2,0.8867055477307628,0,1,0
2175,96.94,13,5.1,1.3,1.0199688478769242,0,1,0
2176,30.85,10,2.6,3.6,0.723284883517981,0,0,0
2177,118.84,13,0.0,4.5,1.087392200725952,0,1,0
2178,43.35,20,1.2,1.2,1.039849063694848,1,1,0
2179,217.44,13,0.5,2.1,0.5731828594747033,0,1,0
2180,77.11,12,0.7,2.2,1.2938904819507342,1,1,0
2181,117.96,12,2.9,1.2,1.023036439702406,0,1,0
2182,66.51,17,1.6,1.7,0.1,0,1,0
2183,91.94,7,9.0,2.6,0.9656044842045312,0,1,0
2184,172.54,10,0.8,1.1,0.12414363987825994,0,0,0
2185,74.69,21,1.6,4.9,0.7722574000413355,0,1,0
2186,127.3,8,8.0,0.9,0.5016278033440249,0,1,0
2187,70.88,22,5.5,0.1,0.8827944230216405,0,1,0
2188,137.75,19,3.7,1.5,1.1292459151480374,0,1,0
2189,33.45,14,0.8,1.0,0.47114965596762315,1,1,0
2190,34.89,3,7.5,4.5,1.1685145027202268,1,1,0
2191,106.5,13,2.6,2.7,0.46420451270553764,1,1,0
2192,3.05,13,0.9,1.5,0.6967049608109617,0,1,0
2193,28.4,19,2.1,4.2,0.4861792627684792,0,1,0
2194,51.21,12,20.6,0.9,0.6012649204176785,0,1,0
2195,303.37,11,4.4,1.3,0.5561790774566124,0,1,0
2196,25.79,14,3.9,7.0,1.1252714736954412,0,0,0
2197,145.87,11,0.0,3.3,1.389592259098822,0,1,0
2198,24.71,12,5.8,7.2,1.2629769367063435,1,1,0
2199,53.07,15,7.3,0.1,0.5726469586879037,1,1,0
2200,59.58,14,19.5,0.9,0.9416109809519357,0,1,0
2201,91.69,15,4.7,2.0,1.8366790411338434,0,0,0
2202,252.6,9,3.1,79.9,6.646196901206041,0,0,1
2203,139.86,14,4.4,6.6,1.5867840771600037,0,1,0
2204,14.53,20,4.8,0.8,1.4746475881971817,0,1,0
2205,3.88,17,1.3,0.3,1.1249065962162315,1,1,0
2206,80.98,8,4.0,6.1,0.7340584632716203,1,1,0
2207,26.65,14,0.8,6.2,1.6777465072398243,1,1,0
2208,73.82,16,4.0,1.5,1.7485130100895714,0,1,0
2209,80.85,14,3.5,3.2,0.8472147243392851,0,1,0
2210,239.92,16,2.5,1.0,0.9680764074588313,0,1,0
2211,27.3,17,1.6,2.6,0.514216613794648,0,0,0
2212,20.76,15,1.3,3.5,1.4627943358928621,0,1,0
2213,152.35,8,1.1,1.1,1.0746191561796128,0,0,0
2214,21.43,11,19.9,3.7,1.9043599612808633,0,1,0
2215,31.59,11,5.5,8.4,0.7813319685228899,0,1,0
2216,21.39,20,7.5,1.7,0.8037121584999096,0,1,0
2217,79.73,6,7.6,0.6,0.9874014534567462,0,1,0
2218,81.97,10,5.7,0.1,1.2886350823024124,0,1,0
2219,116.45,11,1.8,0.3,2.122790761364807,1,1,0
2220,60.08,10,4.2,3.2,0.7101654485236932,0,1,0
2221,26.67,17,17.4,2.9,0.7390768744988812,0,1,0
2222,362.58,13,1.5,4.7,1.0600103749179939,1,1,0
2223,37.88,14,11.1,1.7,1.0643692771755393,0,0,0
2224,94.01,14,1.5,1.5,0.935268665567755,0,1,0
2225,25.94,16,4.1,0.8,2.14610316978992,1,1,0
2226,25.42,11,1.0,0.3,1.5609705821032258,0,1,0
2227,57.77,17,2.3,0.9,1.1213212589831372,0,1,0
2228,42.25,12,11.9,0.7,1.1217317278936925,0,1,0
2229,162.91,12,0.1,4.6,0.1,0,0,0
2230,37.19,15,0.7,6.4,1.8811427857215786,1,1,0
2231,41.05,15,2.4,0.2,0.828536544767147,0,0,0
2232,59.55,13,4.9,3.9,1.8489588169099074,0,1,0
2233,104.78,21,17.4,0.7,0.5482650303549736,1,1,0
2234,142.85,10,1.8,7.6,1.0283343896164352,1,1,0
2235,280.75,0,88.4,7.5,2.8388567691819784,1,0,1
2236,5.5,15,1.5,0.2,1.415019105068307,0,1,0
2237,86.28,17,4.2,1.5,0.7374920788877093,0,0,0
2238,118.84,15,0.5,9.9,1.4384674703048481,0,1,0
2239,0.84,16,2.4,0.3,0.5771216081190347,0,0,0
2240,190.5,8,6.0,18.0,0.5193566062891486,0,1,0
2241,204.84,15,1.0,1.7,0.4402025025708749,0,1,0
2242,54.21,11,1.5,7.2,1.0951441839629568,0,1,0
2243,41.2,18,1.9,6.2,0.21229115052081093,0,1,0
2244,204.18,15,1.7,8.1,1.614929792736986,0,0,0
2245,40.78,11,4.4,7.8,1.2784934148273805,1,1,0
2246,128.55,6,7.2,0.0,0.33951291609633905,0,1,0
2247,74.07,10,0.9,2.1,1.5554175278158198,0,1,0
2248,199.25,16,7.4,5.7,0.6076381180419821,1,0,0
2249,89.28,12,3.2,6.2,1.11852395639705,1,1,0
2250,74.17,17,0.6,0.2,1.6380605651532472,1,0,0
2251,64.95,13,0.7,0.0,0.5626609068232921,1,1,0
2252,21.76,12,3.3,5.2,0.9916363307368046,0,0,0
2253,45.96,12,2.3,0.6,0.7978464547195716,1,1,0
2254,45.89,20,15.8,2.3,1.4058203007856416,0,0,0
2255,9.39,10,0.2,2.3,1.192940838725275,1,1,0
2256,56.95,13,4.7,2.7,0.7004252157532336,1,1,0
2257,218.6,16,6.7,0.7,0.3307206925503847,0,0,0
2258,22.61,17,1.7,2.2,1.0683710281257415,1,1,0
2259,61.05,13,1.0,7.5,0.44044601083382817,0,1,0
2260,72.64,13,0.9,2.7,0.16220903798769648,1,1,0
2261,101.82,7,1.6,6.4,1.0462453279651514,1,1,0
2262,60.72,23,1.3,0.3,0.9475351339360167,0,1,0
2263,28.13,9,0.4,3.9,1.2144974439530838,0,0,0
2264,143.62,18,0.3,13.8,1.1565516803589666,0,1,0
2265,28.41,8,18.8,0.0,1.0222920220572513,0,1,0
2266,161.54,18,3.1,2.2,0.859971576086224,0,0,0
2267,119.65,10,7.5,1.3,1.3476828173147597,0,1,0
2268,132.03,7,3.9,0.1,0.9067189070213089,0,1,0
2269,38.05,16,1.2,9.1,0.6310510232681416,0,0,0
2270,95.76,13,9.8,1.8,1.5300295576871674,1,1,0
2271,129.02,11,32.2,0.6,0.9115670246879202,0,1,0
2272,74.51,14,0.0,1.6,0.1,0,0,0
2273,88.69,14,3.5,1.5,0.7543595783161462,0,1,0
2274,119.06,19,8.0,0.9,0.3318430999031352,0,1,0
2275,122.02,13,10.2,1.3,0.7746531631740059,0,1,0
2276,449.49,15,0.1,1.7,1.329370050958914,1,1,0
2277,97.8,5,9.4,9.6,1.1360210913683282,0,0,0
2278,90.9,14,16.6,4.9,1.8721763627735017,1,0,0
2279,34.83,15,0.9,4.6,0.8401899655379289,0,1,0
2280,10.0,11,0.6,0.2,1.4844991820817315,1,1,0
2281,20.88,15,4.8,0.4,1.5184179258740356,1,1,0
2282,68.1,16,5.0,1.0,1.1589938417841739,0,1,0
2283,49.82,15,0.8,5.2,0.9380383414558453,1,1,0
2284,41.95,11,3.1,18.5,1.3034601442185654,1,1,0
2285,29.92,13,14.9,0.6,1.3013124307641493,0,1,0
2286,72.27,13,3.8,0.5,0.6524705950022105,0,0,0
2287,213.4,10,14.9,2.4,1.0607924109817901,0,0,0
2288,108.4,13,4.0,0.8,2.025877335084497,1,1,0
2289,25.55,12,2.6,2.7,1.5317752973077734,1,1,0
2290,47.43,17,4.5,0.1,0.8893315725442652,0,0,0
2291,19.64,16,2.1,1.4,0.6646719214602239,0,1,0
2292,55.74,16,3.7,2.6,0.5349976181561051,0,1,0
2293,84.61,16,19.4,13.8,1.3655187976916707,0,1,0
2294,321.11,8,82.8,43.9,2.6436583643419524,1,0,1
2295,39.01,9,5.6,3.0,1.3806554136776497,0,1,0
2296,103.27,15,6.8,1.9,0.7061041815741735,1,1,0
2297,69.66,21,0.5,0.1,1.3332228315825585,0,1,0
2298,88.95,12,18.0,4.2,0.9861391224774776,0,0,0
2299,64.72,12,5.3,0.3,1.134570122072767,0,1,0
2300,161.96,12,0.4,1.7,0.5589580569491384,0,1,0
2301,81.48,18,6.8,0.2,1.1212127016629942,1,1,0
2302,70.26,13,8.4,1.1,0.8094614142191472,0,0,0
2303,67.06,15,2.1,8.9,1.244839159922899,1,1,0
2304,54.5,15,2.0,2.3,0.8807637172645828,0,0,0
2305,129.35,13,0.4,0.4,0.9634902781779846,1,1,0
2306,134.66,11,2.5,1.8,1.1953775654170058,1,1,0
2307,135.65,13,8.0,2.0,1.165547987576132,0,1,0
2308,84.83,11,10.2,1.8,0.6206766226402304,0,1,0
2309,65.28,17,13.4,0.1,1.0635092212033257,1,0,0
2310,91.94,15,6.1,0.2,0.9184557852288219,1,0,0
2311,33.53,17,3.8,3.8,0.843612186159699,0,0,0
2312,124.49,16,0.3,0.8,0.8042303798795343,0,1,0
2313,107.56,20,18.3,0.1,1.0986449414285038,0,1,0
2314,43.49,8,0.6,0.5,1.0598164135310213,1,1,0
2315,53.71,11,1.4,3.2,0.35293609819287963,0,0,0
2316,123.38,13,3.4,2.8,1.3081505376767932,0,1,0
2317,86.0,12,1.6,0.5,0.6069011849970953,0,1,0
2318,82.49,14,0.3,1.8,0.8108017926311941,1,1,0
2319,22.98,17,0.3,3.3,1.0383215975255982,1,1,0
2320,7.55,13,4.3,6.3,2.0046021150877333,0,1,0
2321,139.61,15,3.3,6.7,0.38037966860220784,1,1,0
2322,254.01,19,0.3,1.9,1.294244341778348,0,1,0
2323,70.16,18,14.6,0.1,1.1052867954462242,1,0,0
2324,69.25,15,2.8,2.6,0.7585251026729198,1,1,0
2325,88.67,23,0.4,4.5,1.0888506265531266,0,1,0
2326,96.7,14,1.8,0.4,0.9293310282603863,0,1,0
2327,32.96,16,4.9,3.0,1.09288774145959,0,1,0
2328,24.44,7,2.9,4.2,0.4492683572402727,0,0,0
2329,116.59,20,8.7,0.7,1.510874404177844,1,1,0
2330,42.25,12,4.8,0.3,0.9400403688650544,0,1,0
2331,74.16,19,1.4,4.4,1.4232469524633853,0,1,0
2332,57.26,15,0.4,0.8,1.1146084349913572,0,0,0
2333,46.49,16,0.8,2.1,0.8234290095867508,0,1,0
2334,16.0,9,4.1,5.8,0.1,1,1,0
2335,87.82,17,4.0,0.1,0.8341959772817857,0,1,0
2336,35.58,15,0.3,1.1,0.4639582275057499,1,1,0
2337,85.01,16,1.2,1.0,1.073455019537911,1,1,0
2338,63.21,8,15.2,1.4,1.4814064754695686,0,0,0
2339,39.22,7,1.5,0.9,1.783668160439233,1,1,0
2340,109.5,10,0.8,2.0,0.6148704988819758,0,1,0
2341,147.53,5,16.2,31.7,3.4407697498772056,1,0,1
2342,219.85,19,37.8,28.0,3.3392466024444847,1,0,1
2343,32.89,15,3.1,1.4,1.1527579952794564,1,0,0
2344,39.39,10,2.0,3.8,0.8413536506428365,0,0,0
2345,151.1,14,0.5,1.1,0.5636721952579755,1,1,0
2346,3.77,18,4.0,10.2,1.4263741931282303,0,1,0
2347,84.35,13,3.3,1.8,0.7715957236075703,0,0,0
2348,53.88,16,7.5,0.9,1.2316983299710969,1,0,0
2349,41.57,17,1.0,5.5,1.090262857657429,1,1,0
2350,66.95,12,0.2,0.4,0.9055010879139849,0,1,0
2351,44.74,10,1.7,0.3,1.1671280190246107,0,0,0
2352,17.88,14,7.9,1.6,1.8417001953085248,0,1,0
2353,7.56,14,2.4,0.6,1.0192735172575496,0,1,0
2354,78.34,12,1.9,1.1,0.6400380182297432,1,1,0
2355,4.92,15,1.0,9.3,0.7366074584852926,1,1,0
2356,53.94,16,1.0,1.0,0.857108629717664,1,1,0
2357,247.88,19,1.6,9.5,1.0099687098431158,1,1,0
2358,17.57,9,3.4,1.5,0.9546729387120895,1,1,0
2359,21.7,14,1.2,0.3,1.3504519452588233,0,1,0
2360,65.92,3,0.8,0.8,1.4152591137224872,0,1,0
2361,25.37,11,3.7,2.8,1.3040961002193083,1,1,0
2362,26.37,16,19.0,1.7,0.639475461248024,0,1,0
2363,198.23,18,5.7,0.5,1.5249735778635851,0,1,0
2364,85.55,14,0.9,3.7,1.0333229551188898,1,1,0
2365,215.93,6,33.1,26.7,4.387864743905716,1,0,1
2366,24.32,12,1.4,4.6,0.3138404822813706,1,1,0
2367,22.39,14,8.5,0.8,1.2305547934733043,0,1,0
2368,24.83,19,7.5,13.2,1.310091223932567,0,0,0
2369,95.18,12,13.7,1.1,0.9923283849435631,1,0,0
2370,131.19,13,7.1,6.0,1.3224112275341051,0,1,0
2371,21.07,13,6.9,0.1,1.4489338753612402,1,1,0
2372,159.61,13,2.7,4.8,1.166163311027363,0,1,0
2373,38.87,15,2.6,0.5,1.0875894979713143,1,1,0
2374,111.47,7,1.7,4.3,0.8332373060443585,1,1,0
2375,7.84,10,4.4,4.1,1.5639249649684857,1,0,0
2376,21.35,14,2.5,0.2,0.7521178828055581,0,1,0
2377,43.85,17,10.3,1.4,1.397110949416313,0,1,0
2378,16.21,10,0.4,0.9,0.92817854373218,1,1,0
2379,60.31,14,5.7,1.1,0.7484594016706987,0,1,0
2380,31.22,17,1.5,2.4,0.7490034663311642,1,0,0
2381,86.72,18,6.6,7.1,0.846075945986244,0,1,0
2382,41.09,11,4.7,4.7,1.148087439957727,1,0,0
2383,123.32,18,6.7,1.9,0.454967854090067,0,1,0
2384,12.35,11,1.7,3.6,0.7137215983662754,0,1,0
2385,105.42,7,3.0,3.0,1.1346492938483284,1,0,0
2386,59.46,10,2.8,0.1,0.9458912066260645,0,1,0
2387,54.98,11,1.4,0.5,0.631583821566597,0,1,0
2388,52.17,16,1.7,10.8,1.1077182316614615,1,1,0
2389,64.22,20,2.0,3.4,1.3299627543781178,0,0,0
2390,14.64,13,4.0,2.8,1.3375412187000042,1,1,0
2391,41.79,14,4.0,1.0,0.7335834906407979,0,0,0
2392,30.13,9,4.8,5.1,0.653336907875953,1,1,0
2393,86.77,11,2.3,0.1,1.3273703625005342,0,1,0
2394,110.38,19,6.2,4.4,1.2329115992470223,0,1,0
2395,46.7,12,0.1,2.3,0.7832199378418252,1,0,0
2396,185.64,11,2.4,1.7,1.090322598403815,0,1,0
2397,72.59,8,5.2,1.0,1.7169587317211592,0,1,0
2398,226.96,18,6.1,10.3,7.060505182430533,1,0,1
2399,41.44,20,14.8,5.1,0.11593416914744736,0,0,0
2400,316.22,15,171.0,105.5,2.078281899990682,1,0,1
2401,89.75,16,1.3,6.9,0.7447489011905708,1,0,0
2402,27.05,13,22.2,0.0,0.865887765171607,1,1,0
2403,132.26,14,4.3,2.9,1.4583194003932543,0,1,0
2404,291.91,3,26.9,7.2,3.1728406480196574,0,0,1
2405,194.73,9,2.0,4.8,1.2154929857865313,1,1,0
2406,111.78,18,0.3,3.1,0.9708288937341883,0,1,0
2407,65.07,13,4.9,1.7,0.23836443621767356,0,1,0
2408,64.08,11,1.3,2.5,0.5789392765669721,1,1,0
2409,63.49,3,4.1,4.9,1.311548726930751,0,1,0
2410,134.8,16,5.2,3.1,0.8115272618152449,1,1,0
2411,124.54,13,9.8,5.4,1.5692455799722098,1,0,0
2412,114.63,14,2.8,1.5,1.2719968562376565,0,0,0
2413,31.29,14,0.5,4.3,0.6466629146825477,0,1,0
2414,143.54,18,10.4,1.4,1.4489588544559238,0,1,0
2415,40.02,10,27.9,0.9,1.642399568828219,0,1,0
2416,84.82,15,8.1,5.1,0.6716100597784018,0,0,0
2417,42.39,12,1.5,1.4,1.0840541697565111,0,1,0
2418,43.68,23,8.0,2.5,0.41104303657162045,1,1,0
2419,65.93,13,2.9,2.1,0.6618910328199998,0,1,0
2420,85.7,4,15.2,1.1,1.1133660426023406,0,1,0
2421,72.44,9,6.3,1.6,1.6373009307980841,0,1,0
2422,119.77,14,17.3,0.4,0.7105032558670767,0,0,0
2423,79.29,15,2.0,4.9,0.8461522721536852,0,0,0
2424,143.82,9,15.7,3.4,1.1364007469635191,0,1,0
2425,138.89,15,1.8,0.2,1.634423066258441,0,0,0
2426,173.66,11,0.4,0.8,0.9927838573134666,1,0,0
2427,37.35,19,4.3,4.5,1.1207308544734353,1,1,0
2428,13.88,11,0.7,0.5,0.6878052638627017,0,1,0
2429,89.09,14,1.2,4.5,2.0289297288388166,1,1,0
2430,151.54,16,7.4,3.0,1.4016973428642832,1,1,0
2431,123.25,19,7.8,23.7,1.4292362876538565,0,0,0
2432,32.67,16,0.8,3.6,0.6442122772007447,1,1,0
2433,148.96,14,2.8,7.0,1.022069238132435,1,1,0
2434,3.94,18,3.0,4.7,0.8334807229225529,0,1,0
2435,160.58,13,0.9,0.4,0.9398929919973429,0,1,0
2436,134.75,13,0.3,2.0,1.4928466558505749,0,1,0
2437,18.66,15,6.7,0.7,0.637391615890395,0,0,0
2438,88.46,6,17.1,2.2,1.418536711920897,0,1,0
2439,26.89,15,2.6,2.7,1.3974506852450206,0,1,0
2440,64.07,11,1.2,4.0,0.9950879139877428,0,1,0
2441,90.73,10,2.1,0.0,0.655642835617763,0,0,0
2442,227.9,20,9.4,0.7,1.3261290993398749,0,1,0
2443,50.19,10,1.0,16.3,0.665540849381923,0,1,0
2444,11.72,9,4.8,6.2,1.7060269837317104,0,1,0
2445,19.92,19,8.9,2.2,0.9704939687877822,0,1,0
2446,28.48,8,0.0,1.6,1.303227635997374,0,1,0
2447,30.95,15,15.4,3.2,1.3240787585355323,1,1,0
2448,52.54,19,6.1,0.9,1.3756097050467524,1,1,0
2449,128.21,19,11.5,0.9,1.6528011157036282,0,1,0
2450,24.48,14,1.7,0.3,1.6060280497383141,0,1,0
2451,10.45,10,8.4,2.0,1.1563409790542707,1,0,0
2452,55.06,7,3.5,1.3,0.45427857426506957,0,1,0
2453,224.15,14,1.1,0.1,1.1000956072534804,1,1,0
2454,16.05,8,1.7,2.1,0.44795261225513316,1,1,0
2455,72.31,12,3.9,0.9,1.207796130408171,1,1,0
2456,93.6,10,2.4,2.3,1.4791447210228614,0,1,0
2457,31.23,11,3.3,2.6,1.3935150374150185,0,0,0
2458,67.44,10,4.9,1.3,0.5181393427276992,1,1,0
2459,92.52,8,3.6,7.4,0.9024793217641393,0,1,0
2460,274.3,20,35.9,30.6,3.977298362799432,1,0,1
2461,122.11,14,8.2,2.1,0.9547427878075335,0,1,0
2462,59.88,10,1.1,1.0,1.0698795376375403,0,0,0
2463,13.02,7,6.4,1.9,0.7470942942181007,1,0,0
2464,242.53,15,10.8,1.4,0.8510991068760149,1,1,0
2465,197.03,12,6.2,6.5,0.9523965196841713,0,0,0
2466,43.47,15,2.7,0.2,0.7638031750190282,1,1,0
2467,96.74,17,0.0,2.3,1.2374050554404155,0,0,0
2468,98.08,8,1.1,1.9,0.6808217443382134,0,0,0
2469,172.46,17,0.7,2.5,0.919269566197983,1,1,0
2470,41.55,13,0.4,5.4,1.1718298546348782,1,1,0
2471,161.2,17,4.1,4.4,1.1342229549325873,0,1,0
2472,49.85,16,16.7,0.0,1.412711644284662,0,1,0
2473,78.33,17,2.3,1.6,0.5701124051890875,0,1,0
2474,48.62,9,1.9,1.2,1.365281049152245,1,1,0
2475,9.7,12,3.1,1.1,0.5460446368461036,0,1,0
2476,76.75,8,1.3,1.6,0.7090659753462072,0,1,0
2477,102.99,19,1.8,0.6,2.206126623331074,0,1,0
2478,51.86,15,2.6,1.0,1.4485864039097507,0,1,0
2479,202.08,14,1.9,1.8,0.8599620664313715,0,1,0
2480,134.32,12,0.9,0.8,1.192714093080026,1,0,0
2481,12.41,17,3.4,1.9,1.3330398474814495,1,1,0
2482,100.73,23,2.2,0.9,1.8681677452680843,0,1,0
2483,47.97,12,13.7,2.9,0.8734654120749232,0,1,0
2484,36.29,15,1.4,3.9,0.5640740559510666,0,1,0
2485,75.21,11,22.5,1.2,0.8922023653914237,1,1,0
2486,146.47,18,3.2,3.2,1.1238386478035538,0,1,0
2487,34.02,17,10.6,0.4,0.5860232666246057,1,1,0
2488,90.12,18,8.1,0.2,1.3702942010607688,0,0,0
2489,100.06,15,8.6,3.2,1.1820520965620338,1,1,0
2490,43.74,7,2.2,2.2,1.1657593133740463,0,1,0
2491,123.71,6,2.4,2.6,1.8058710546145376,0,1,0
2492,184.57,7,11.0,1.8,1.0332331675349793,1,1,0
2493,369.04,7,10.0,26.9,1.5,1,0,1
2494,123.98,12,8.3,3.7,0.9668355057825788,0,1,0
2495,172.62,21,1.1,1.7,0.27249189940827057,0,1,0
2496,118.95,11,2.9,1.2,1.3652961553711838,0,1,0
2497,73.47,9,8.9,1.2,1.561578302686058,0,1,0
2498,57.8,13,0.1,3.2,0.6785652085363324,0,1,0
2499,86.29,19,2.3,4.1,1.4902831694672942,0,1,0
2500,92.71,4,1.4,1.5,1.2575184378341917,0,1,0
2501,105.42,11,4.9,0.7,1.2984986826425737,0,1,0
2502,39.44,18,6.2,2.4,1.217110863769691,0,1,0
2503,84.46,11,0.4,1.0,1.3816240994020992,0,0,0
2504,110.92,14,0.8,9.6,1.2072038107555074,0,0,0
2505,541.51,16,79.0,19.8,1.9892063616442237,1,0,1
2506,93.19,23,2.5,4.1,0.6803025498455064,0,1,0
2507,20.13,18,0.1,1.1,1.1073634681641173,1,1,0
2508,20.08,5,4.1,0.6,0.6623627049572542,1,0,0
2509,91.0,11,12.8,2.0,0.6325178973840933,0,1,0
2510,76.76,18,14.3,0.7,1.5543676127039299,1,1,0
2511,127.11,7,11.8,0.1,0.7933590817490952,0,0,0
2512,317.84,23,1.4,3.9,1.4958916116751282,0,0,0
2513,248.78,12,1.3,0.1,0.4756666670074986,1,1,0
2514,113.43,18,8.7,0.8,0.5137290330160671,0,1,0
2515,65.84,19,4.6,2.1,1.0236962032638992,0,1,0
2516,48.42,10,16.3,5.7,1.0568161944392014,1,1,0
2517,81.45,11,13.5,5.4,1.0712966758356535,0,0,0
2518,120.38,11,0.7,0.2,1.4173761042693371,0,0,0
2519,527.23,16,42.3,40.0,3.819908251387816,1,0,1
2520,125.26,14,2.6,0.7,0.8857238222613315,1,1,0
2521,56.95,12,0.4,4.6,0.7562269496471103,0,1,0
2522,57.4,13,15.2,2.0,0.18246237970514667,1,1,0
2523,78.87,11,0.7,1.0,0.8603901937906561,0,1,0
2524,18.57,15,0.7,4.7,1.0464908504557495,0,1,0
2525,18.01,16,9.8,1.0,1.6357741525114293,0,1,0
2526,33.41,14,5.6,0.6,0.6440377617743838,0,1,0
2527,23.32,14,2.8,3.2,0.21775662577804544,0,0,0
2528,6.64,9,1.0,3.8,1.2476888666732577,0,0,0
2529,321.7,13,0.0,20.7,1.5,1,0,1
2530,74.89,10,8.4,0.9,1.7154079960790545,1,1,0
2531,146.86,6,4.7,2.1,0.5378913746366445,1,1,0
2532,56.55,11,6.0,6.6,1.646109604881441,0,1,0
2533,74.67,16,13.2,1.5,0.3922431408874243,0,1,0
2534,115.16,16,6.4,2.1,1.2797609459054935,0,1,0
2535,320.63,11,5.2,0.4,0.9536797140382377,1,1,0
2536,2.22,17,6.1,1.3,1.198434107342905,0,1,0
2537,97.47,15,2.8,0.2,0.7437899394158602,0,1,0
2538,189.02,14,18.6,23.4,3.145189834532653,0,0,1
2539,121.26,5,14.7,2.9,1.251495159521967,0,1,0
2540,23.84,13,4.6,2.9,1.115807226920669,0,1,0
2541,75.69,13,7.7,0.2,0.41882097683018416,0,1,0
2542,99.71,20,0.8,14.5,1.4470147436261556,0,0,0
2543,21.2,11,14.7,7.6,0.998291636586119,0,1,0
2544,61.26,14,4.9,5.3,1.0388339167278788,0,1,0
2545,103.96,17,8.0,4.2,1.2640215068706147,0,1,0
2546,214.41,11,1.3,2.7,0.9850900329748072,0,0,0
2547,74.38,9,1.8,1.2,1.5070877356921941,0,1,0
2548,96.22,17,6.9,2.8,0.640620385190316,0,0,0
2549,79.89,13,2.4,1.9,0.9579893568727795,0,1,0
2550,80.32,15,3.6,1.1,1.6182784621051585,0,1,0
2551,66.16,15,4.5,1.9,1.3181916628045425,1,1,0
2552,190.55,16,2.4,3.1,0.45395947242529977,0,1,0
2553,76.28,18,4.8,0.5,0.7070006449867073,1,1,0
2554,114.62,17,0.1,5.8,0.6862051637644708,0,1,0
2555,92.77,19,1.8,0.0,0.1,0,1,0
2556,77.7,16,13.1,2.5,0.5274224011805406,0,1,0
2557,48.99,14,6.0,3.6,1.2296151260055916,0,1,0
2558,37.88,12,2.1,0.4,1.296463900141672,1,1,0
2559,77.21,14,2.5,0.5,0.8327737364318182,0,1,0
2560,34.67,17,1.7,2.1,0.7693772009120837,1,1,0
2561,147.89,12,3.2,2.7,1.283362820863734,1,1,0
2562,285.41,20,42.0,9.1,1.5,1,0,1
2563,23.01,15,11.7,0.3,0.3425017911827041,0,0,0
2564,41.14,14,0.3,2.6,1.5463940891320962,0,0,0
2565,124.6,12,6.1,1.3,0.9554130059644308,0,1,0
2566,78.33,5,1.1,1.1,0.8323089065061373,0,1,0
2567,28.81,2,3.2,1.4,0.5434812083618454,0,1,0
2568,135.16,13,1.6,2.2,0.938810125101477,0,1,0
2569,79.91,21,0.9,1.4,0.7679153786053695,1,1,0
2570,55.71,12,0.0,1.4,1.2268844868634927,1,1,0
2571,46.04,22,4.4,2.0,1.0559797639984765,0,1,0
2572,172.2,15,3.0,0.1,1.0165846366183817,1,1,0
2573,50.05,13,4.7,0.9,0.5110744365536329,1,0,0
2574,24.37,16,0.8,2.6,0.6098957404814302,0,1,0
2575,134.89,16,1.3,4.7,2.6908545722715846,0,1,0
2576,16.02,12,1.9,0.6,0.88994989130315,0,1,0
2577,22.8,14,5.2,5.3,0.9435764109616269,0,1,0
2578,137.13,14,0.9,3.8,0.8425256673240428,0,1,0
2579,114.35,7,4.6,0.8,0.3453918660935996,0,1,0
2580,124.56,11,0.2,1.3,1.281626699822545,0,1,0
2581,61.91,21,25.9,2.9,0.7806858972862629,1,1,0
2582,153.73,17,0.3,9.3,1.2631413875928774,1,1,0
2583,8.29,13,1.6,5.0,0.7458231567835545,0,0,0
2584,34.33,18,3.8,2.2,0.4406720596299025,0,1,0
2585,51.33,14,1.4,3.9,1.338252938849587,0,1,0
2586,24.14,9,8.1,4.7,0.5619304684622555,0,1,0
2587,44.77,11,5.0,6.0,1.3368008224269177,0,1,0
2588,216.1,20,10.6,0.7,1.738002832918462,0,1,0
2589,38.0,8,10.9,5.1,1.5349472391455614,1,0,0
2590,137.24,12,11.9,12.7,1.025031737424797,0,1,0
2591,85.75,14,1.4,1.3,0.8343612089989888,0,1,0
2592,61.25,12,6.9,9.4,1.1894791900937867,0,0,0
2593,37.08,15,14.2,1.7,0.7894234896660428,0,1,0
2594,101.26,23,6.4,5.7,0.5319869486928257,1,1,0
2595,89.2,11,4.9,1.8,1.3965263829888408,1,1,0
2596,108.28,20,23.1,34.7,4.62696327072594,1,1,1
2597,73.4,20,0.2,4.0,1.6179181491585046,1,1,0
2598,40.51,11,1.9,0.3,0.8995469553353587,1,0,0
2599,23.64,3,3.5,1.2,1.120174400897388,0,0,0
2600,93.57,20,1.4,0.7,0.8175898990367889,0,0,0
2601,38.8,14,2.2,1.2,1.6612274017252004,1,1,0
2602,60.98,15,0.7,1.9,1.3272384133288166,0,1,0
2603,54.77,17,3.7,0.1,1.214789998786184,0,1,0
2604,20.47,22,8.0,4.8,0.8850408473710084,0,1,0
2605,115.15,14,1.8,0.1,0.5261127569456358,1,1,0
2606,39.49,13,4.4,5.9,0.1,1,0,0
2607,60.32,23,2.7,7.4,0.9679509493255669,0,1,0
2608,21.86,16,0.6,6.9,0.9491555832136233,1,0,0
2609,53.82,13,12.1,0.9,0.7112876444533159,1,1,0
2610,226.89,12,0.1,0.5,0.8870791512972773,1,1,0
2611,125.89,17,3.2,1.8,0.7936575919482378,0,1,0
2612,6.46,12,3.0,2.8,1.0703320966629881,1,1,0
2613,207.4,11,8.7,0.8,1.6091913103840332,1,0,0
2614,91.28,9,0.4,4.1,0.759867712630965,0,1,0
2615,49.76,15,0.7,5.2,0.8564358938449841,0,1,0
2616,142.43,13,0.1,0.1,1.0721204084789944,1,0,0
2617,24.04,7,3.0,3.9,1.336397529578531,0,1,0
2618,67.84,20,10.5,6.8,1.0909841119035248,1,1,0
2619,47.75,18,5.3,3.7,1.4154053153185835,0,1,0
2620,44.97,10,3.1,0.5,0.5352740491763519,0,1,0
2621,137.06,4,6.8,2.0,0.9766064823993452,1,1,0
2622,204.78,14,3.6,0.9,0.6989324866582187,1,1,0
2623,117.2,12,2.2,1.0,0.9848093291696093,0,1,0
2624,105.47,10,10.9,0.8,1.2618050379006336,0,1,0
2625,73.04,10,4.0,5.2,0.9081777691714739,1,1,0
2626,14.05,6,2.9,0.8,1.5849391343271395,0,1,0
2627,149.56,15,1.6,7.9,1.3359372165546968,0,1,0
2628,42.72,12,9.0,3.0,0.5319532565387433,0,1,0
2629,70.89,11,3.5,4.9,1.316866140588757,0,1,0
2630,97.74,11,1.8,2.6,1.4895140354705383,0,1,0
2631,135.11,10,0.3,1.2,0.5967414768939907,0,0,0
2632,150.94,12,0.1,1.7,1.1868870087974406,0,1,0
2633,25.05,12,17.1,2.6,0.9746582582582373,0,1,0
2634,90.84,13,6.0,3.2,1.322530775840485,0,1,0
2635,112.38,19,1.7,0.9,1.0218582959545244,1,1,0
2636,104.75,20,12.6,4.9,1.3798757795504974,0,1,0
2637,112.56,14,2.6,2.0,1.0927094323419477,0,1,0
2638,130.92,14,6.0,6.7,1.1030872278090333,0,1,0
2639,26.61,7,2.8,1.2,1.507541179069884,0,1,0
2640,22.15,12,14.9,1.8,0.8211225207341362,1,1,0
2641,51.08,12,19.3,8.4,1.2633482645527208,0,1,0
2642,27.01,15,9.9,6.3,1.4920417488091697,0,0,0
2643,75.34,13,3.0,2.1,1.2868199721278937,0,0,0
2644,33.28,11,1.0,5.4,0.2411351429959312,1,1,0
2645,55.07,15,6.7,2.2,0.8126116774459593,0,0,0
2646,21.44,17,4.2,12.6,0.26921304627461984,0,1,0
2647,49.91,10,1.1,1.8,0.1,0,1,0
2648,34.19,8,8.9,0.0,0.8769348538602293,1,0,0
2649,26.34,12,1.9,1.9,0.8898117587079889,0,1,0
2650,30.36,13,1.0,1.4,0.6838384150597121,0,1,0
2651,91.8,14,6.0,1.9,0.791330560401971,1,1,0
2652,118.05,7,4.7,0.3,0.9696971975223593,1,1,0
2653,103.97,19,2.7,1.9,1.3182885808655898,0,1,0
2654,17.29,13,4.7,3.1,0.4502367955125399,1,1,0
2655,82.41,15,3.1,0.9,1.2740418757859389,0,1,0
2656,27.75,14,11.9,1.9,0.5722555300532733,0,1,0
2657,19.46,20,2.7,5.5,0.5951262539808607,1,1,0
2658,35.63,12,7.8,0.1,0.6335711987692692,0,0,0
2659,205.04,18,2.1,13.0,0.8128206476352069,0,1,0
2660,17.04,11,6.4,0.2,1.839352163774186,0,0,0
2661,41.73,16,0.3,3.9,1.4866420604059947,0,1,0
2662,16.59,12,1.5,1.5,1.434382249572275,0,1,0
2663,82.58,12,21.8,2.2,0.9440768031833427,0,1,0
2664,56.83,10,3.5,1.8,1.2047174441736284,1,1,0
2665,131.32,10,0.5,4.2,1.1987500559725155,0,1,0
2666,16.26,16,1.6,1.3,0.1,0,0,0
2667,11.59,23,6.4,0.8,0.5147968555586069,0,1,0
2668,172.96,15,2.9,2.2,1.0971688811727627,0,1,0
2669,30.79,17,3.3,0.4,0.7321733078595416,0,1,0
2670,70.21,9,5.5,0.2,1.0333037262133569,0,1,0
2671,150.55,18,5.2,2.9,0.5911307456771271,1,1,0
2672,181.73,10,0.8,0.7,1.6714660181491143,0,1,0
2673,65.02,12,0.1,0.4,1.2754382124454047,0,1,0
2674,82.45,8,2.9,5.9,0.3407906893513023,1,1,0
2675,65.84,15,0.4,0.7,1.0075484831095265,0,1,0
2676,16.79,5,5.5,6.7,0.7878607958333819,1,1,0
2677,97.67,13,3.4,5.3,0.675571767410834,1,1,0
2678,243.71,13,13.2,5.5,0.1,0,0,0
2679,40.84,13,5.1,1.9,1.1785732988114763,1,1,0
2680,465.61,19,16.2,17.8,7.863728040065018,1,0,1
2681,62.95,15,8.3,1.4,1.6965262122231404,0,1,0
2682,56.84,13,0.4,0.9,0.9518106684261031,0,1,0
2683,35.16,14,2.6,5.9,0.9039208972410417,1,1,0
2684,51.34,19,11.8,0.2,1.4861742277332595,1,1,0
2685,383.78,17,0.8,2.0,1.9285266061763369,0,1,0
2686,48.51,19,4.5,12.9,0.9464640665390563,0,1,0
2687,73.58,18,0.7,3.1,0.8017410902302184,1,1,0
2688,60.39,22,0.3,3.1,1.3458704435252111,0,1,0
2689,236.31,6,22.1,20.4,2.39342295611522,1,0,1
2690,9.89,12,6.3,6.2,0.5626890810094392,0,0,0
2691,49.97,7,8.0,0.0,0.1,1,1,0
2692,99.85,11,0.5,13.0,0.9853823447333966,1,1,0
2693,125.16,10,1.7,1.3,1.2940358320718184,0,0,0
2694,129.69,16,1.7,4.3,0.4151742438247724,0,1,0
2695,28.19,8,4.5,11.0,0.5857330548560052,0,1,0
2696,11.47,12,12.9,3.2,1.2166933047984878,0,0,0
2697,83.76,15,11.8,2.6,1.0152204700546348,0,0,0
2698,74.87,21,2.6,7.5,0.8600321497553636,1,1,0
2699,25.18,15,0.4,2.8,1.17630525608185,0,1,0
2700,9.77,8,15.1,3.6,0.7321526044641772,1,1,0
2701,11.35,18,16.8,3.3,0.5294505760658081,0,1,0
2702,14.0,19,0.2,4.8,1.0716938135520528,1,1,0
2703,34.09,5,3.4,3.0,0.9886687281722346,0,1,0
2704,30.79,13,1.8,0.7,0.8251799343224687,0,1,0
2705,16.49,18,11.1,1.4,0.5390775561437804,0,0,0
2706,133.17,7,1.9,1.1,1.1796148245061695,0,1,0
2707,261.99,23,5.6,1.0,1.6461434169030582,1,1,0
2708,49.98,6,2.5,5.3,0.9952252503831542,1,0,0
2709,198.16,19,4.5,8.5,1.16416620405467,1,0,0
2710,82.89,11,0.1,1.6,1.5780032907895025,0,1,0
2711,32.15,14,1.3,8.8,0.5327664985292077,0,1,0
2712,45.83,18,2.3,6.5,0.6242978485779388,1,1,0
2713,89.71,12,0.2,1.3,0.6091031894648105,0,1,0
2714,123.16,11,3.7,1.9,1.1729323245487244,0,1,0
2715,29.19,6,0.2,8.4,1.2857409402153126,0,0,0
2716,21.62,16,7.4,1.6,0.885854190424316,1,1,0
2717,15.8,10,1.0,3.4,0.9171067665726672,1,0,0
2718,118.11,9,1.7,0.7,0.8452333784723259,1,1,0
2719,22.57,10,0.5,5.8,0.9584532734571154,1,1,0
2720,37.23,11,9.9,1.7,0.5383602368708991,1,1,0
2721,132.8,18,1.2,0.7,1.165918035323137,1,0,0
2722,82.82,20,0.7,6.2,1.5718297221125659,0,1,0
2723,388.72,10,6.7,13.4,3.977750928027476,1,0,1
2724,78.69,15,15.8,0.3,1.0697364392821431,1,1,0
2725,25.79,10,12.1,3.4,0.6847713846744028,0,0,0
2726,29.62,14,20.0,7.6,1.3996682995936873,1,1,0
2727,106.36,14,6.2,2.4,1.148863960526147,0,1,0
2728,19.7,15,14.5,3.1,0.29592383344103634,1,1,0
2729,33.18,11,4.5,3.8,1.9543284618568126,0,1,0
2730,24.16,9,1.1,2.4,0.8074144504633224,1,1,0
2731,133.09,12,1.9,0.4,1.482692042993387,0,1,0
2732,67.31,13,2.6,3.0,0.1,0,0,0
2733,60.03,15,0.0,4.7,1.0908469298852195,0,1,0
2734,41.37,16,4.9,1.4,1.7432479982063336,1,1,0
2735,46.53,15,6.9,2.5,0.8746669992199395,0,1,0
2736,125.9,13,9.3,3.8,1.0279980002390627,0,1,0
2737,55.26,8,6.7,2.5,0.8918799928777295,0,0,0
2738,98.82,22,3.5,0.9,1.042972012713692,1,0,0
2739,16.95,14,9.9,0.5,1.5437307501912683,0,1,0
2740,114.14,13,0.4,0.2,0.4917829810124058,1,1,0
2741,32.42,16,2.0,1.3,1.0591236459329683,1,0,0
2742,27.28,16,11.8,10.2,0.15562179773799334,0,1,0
2743,34.35,17,7.5,2.2,1.1589581940086897,1,1,0
2744,84.43,16,6.1,3.7,1.494125284676897,0,1,0
2745,265.13,10,12.1,0.6,1.2563488797696154,1,0,0
2746,102.31,17,5.4,2.8,0.6434864623647903,1,0,0
2747,76.13,16,1.8,2.9,1.2779096253422564,1,1,0
2748,107.18,8,6.1,0.3,0.6064750855113499,1,0,0
2749,29.04,11,2.5,6.4,1.0250758645401852,0,1,0
2750,91.3,13,3.8,0.5,0.8657242934002709,0,1,0
2751,145.38,11,4.9,0.6,1.191596617444627,0,0,0
2752,49.2,11,8.5,4.9,1.236063357196704,1,1,0
2753,78.65,15,6.8,1.2,1.5903294250140099,1,1,0
2754,16.58,12,2.7,4.9,0.7810624224870799,0,1,0
2755,47.05,10,5.7,4.7,1.2586265212848078,0,1,0
2756,55.3,9,7.2,0.4,0.6962317483266425,1,0,0
2757,97.24,5,1.4,0.1,0.5385683863840038,1,1,0
2758,77.72,8,3.0,5.1,1.325048366899321,0,1,0
2759,72.65,12,8.3,0.8,1.1422090287685533,0,1,0
2760,62.81,13,0.0,2.0,0.8387639913961542,0,1,0
2761,36.98,15,10.4,6.7,1.219709746347191,0,1,0
2762,113.03,13,2.2,0.6,1.0275236998006116,0,1,0
2763,27.13,22,0.4,0.1,1.2073827839693592,0,1,0
2764,34.51,14,2.8,2.5,0.8582057838853362,0,0,0
2765,17.13,17,7.7,22.6,1.0980157890529314,0,1,0
2766,58.08,11,23.8,6.0,0.6333465861424079,1,1,0
2767,51.79,6,2.3,2.0,0.9243738504579244,1,0,0
2768,82.47,11,10.4,4.7,0.7345544069903083,1,1,0
2769,167.13,11,4.2,7.1,0.7809191065695488,0,1,0
2770,109.63,11,1.6,5.8,1.0293132268053922,1,1,0
2771,39.26,13,0.0,6.6,0.5524691572653436,0,0,0
2772,14.79,15,12.6,1.2,1.3668378526906209,0,1,0
2773,20.54,9,3.0,2.6,0.9937526101643369,0,1,0
2774,116.52,12,0.2,1.5,0.8756508802760645,0,1,0
2775,40.5,10,6.2,0.6,0.7064187316994455,0,1,0
2776,135.2,15,5.7,2.8,0.16050086232596317,0,0,0
2777,57.1,15,0.7,18.2,1.351950834403104,1,1,0
2778,153.2,14,0.7,1.4,1.1075394729157533,0,1,0
2779,57.16,9,7.2,2.0,1.2925763723222687,0,1,0
2780,137.09,12,7.9,2.4,0.8900771800283005,0,0,0
2781,54.21,9,0.4,1.5,1.5992803574072827,1,1,0
2782,43.06,8,3.1,1.0,1.2216450636130487,1,0,0
2783,5.11,14,3.1,0.0,1.0729983200917386,1,0,0
2784,44.75,21,12.5,2.1,2.058498398503799,0,1,0
2785,87.74,17,3.3,2.2,0.9887174757703479,0,0,0
2786,152.8,15,0.6,1.0,1.4469483247148078,1,1,0
2787,83.88,9,5.0,0.5,0.8822810820751441,0,1,0
2788,37.81,12,2.5,1.1,0.6862600390905309,1,1,0
2789,56.91,21,1.3,0.6,0.8493369828481268,0,1,0
2790,75.85,15,0.2,3.0,0.8306561379512155,0,1,0
2791,26.17,11,8.1,3.6,0.5455150274242587,1,0,0
2792,135.07,22,5.0,6.0,1.0347270909707953,1,0,0
2793,5.74,11,27.5,3.1,1.5691224452161903,0,1,0
2794,39.67,16,3.2,3.9,1.6710474394391976,1,1,0
2795,64.6,13,5.2,1.7,1.1093116084039554,0,1,0
2796,135.06,2,13.4,47.8,4.756970424649686,1,0,1
2797,55.51,12,4.6,0.6,1.5323056316217634,0,1,0
2798,38.46,9,0.6,7.6,1.3812970056876654,1,1,0
2799,30.63,13,12.7,2.2,0.9689083569655553,0,1,0
2800,31.24,8,10.7,0.1,1.2715646898934194,0,1,0
2801,29.05,10,1.9,0.3,1.9583509080028034,0,1,0
2802,179.62,4,34.0,3.9,3.5563521883129448,1,0,1
2803,255.89,13,2.2,2.0,0.7715832981015464,1,1,0
2804,154.76,15,6.4,9.7,1.3097276457945013,1,1,0
2805,84.48,14,0.7,8.1,0.8703014189651181,0,1,0
2806,52.01,19,5.0,5.2,1.3717832322387487,0,0,0
2807,102.03,14,1.7,1.0,2.0640281123546513,0,1,0
2808,186.41,15,1.6,4.8,0.1,0,1,0
2809,213.62,11,3.9,4.0,1.1938679731532422,1,0,0
2810,77.86,10,8.6,1.1,0.6545522199376749,0,1,0
2811,29.3,13,5.6,1.6,1.2584470094171423,1,1,0
2812,532.47,12,22.5,12.9,7.648472295266489,1,0,1
2813,32.73,17,0.1,6.9,1.0126809704220552,0,1,0
2814,93.7,16,0.7,2.4,0.9018082112617074,0,1,0
2815,85.87,12,6.9,0.2,0.6015316340712089,0,1,0
2816,65.62,23,4.3,4.9,0.9585308376074971,1,1,0
2817,18.09,11,3.2,1.3,1.0765679493070914,0,1,0
2818,34.1,13,8.2,0.2,0.8610770460410074,0,1,0
2819,38.19,15,5.4,0.6,1.1411670799490536,0,1,0
2820,88.55,9,2.5,4.9,1.112382828444773,1,1,0
2821,77.25,18,0.6,3.9,1.324134833055509,1,0,0
2822,31.96,15,2.1,1.6,0.9349614728265594,0,1,0
2823,41.48,7,0.7,0.1,0.6879321083555223,1,1,0
2824,14.7,14,4.6,1.0,1.821345292027398,1,1,0
2825,17.26,1,2.0,4.6,0.9613184222014621,1,0,0
2826,57.2,9,10.5,6.7,0.9935877613737654,0,1,0
2827,71.18,13,0.5,2.0,0.8137812434756474,0,1,0
2828,73.45,12,3.0,2.8,1.8058203130458317,0,1,0
2829,81.31,15,9.0,2.5,0.5940341897427892,0,1,0
2830,250.49,13,28.2,2.8,4.905918683787858,1,0,1
2831,116.03,16,1.9,3.7,0.6577613625944003,0,1,0
2832,61.03,15,17.7,1.3,0.8407771585077918,0,1,0
2833,14.83,21,9.9,0.6,0.9452706527424803,1,1,0
2834,85.42,20,1.3,4.9,0.5852250916895705,0,1,0
2835,6.22,16,2.2,2.4,1.2101180760841623,0,1,0
2836,52.5,9,6.9,1.1,0.426998725586509,1,0,0
2837,59.4,19,0.5,1.2,1.3174151886070742,1,1,0
2838,25.35,12,1.2,2.2,0.9536525142126928,1,0,0
2839,63.88,23,0.7,1.0,0.9723247686898429,0,1,0
2840,43.12,16,1.9,0.7,0.5979555156868486,0,0,0
2841,142.63,16,22.4,0.7,1.723214091135258,1,0,0
2842,77.61,15,3.1,1.3,1.2635673290925076,1,1,0
2843,19.09,10,0.6,3.4,1.430147513835947,0,1,0
2844,24.62,14,0.7,1.1,0.7845091107018819,1,1,0
2845,45.57,5,1.3,1.1,0.3700468957910438,1,0,0
2846,18.56,13,33.9,0.5,0.4419067851102718,1,1,0
2847,118.27,21,6.8,5.6,0.9962949216246783,0,1,0
2848,104.6,10,11.4,3.9,0.813598929007684,0,1,0
2849,65.64,10,6.2,1.4,1.296645952200203,0,0,0
2850,66.57,7,6.4,1.1,1.3540452667169478,1,1,0
2851,78.09,13,3.9,8.5,0.8254266306832351,0,1,0
2852,21.22,21,4.4,1.0,1.1240269263107872,0,1,0
2853,83.12,7,4.5,2.4,0.46726564980629604,0,1,0
2854,60.06,15,14.2,0.4,0.9847560395736078,1,1,0
2855,43.93,11,0.9,1.2,1.1782975589641687,1,1,0
2856,26.48,18,1.0,0.7,0.9963053194210325,1,1,0
2857,331.89,19,91.4,122.7,4.413828956558753,1,0,1
2858,27.24,10,8.0,3.2,0.3442761395705597,0,1,0
2859,110.83,10,2.3,4.8,1.2847888393992555,1,1,0
2860,29.19,14,1.7,0.3,0.5001774704868431,0,1,0
2861,34.62,10,7.1,9.2,1.099213324138323,0,1,0
2862,85.94,12,11.3,0.5,1.062938196786917,1,1,0
2863,172.19,15,3.3,1.0,0.29893479459435945,1,0,0
2864,163.36,14,1.7,12.9,0.89639551446493,0,1,0
2865,72.9,10,4.3,0.7,1.3826081977607456,1,1,0
2866,131.77,10,4.2,3.8,0.4489690667293367,0,1,0
2867,38.22,8,3.1,2.0,0.6970881237787219,0,1,0
2868,104.81,16,1.6,1.2,1.3245467832699764,0,1,0
2869,48.73,13,3.8,10.3,1.2286848791916758,0,1,0
2870,34.53,11,0.2,10.0,0.6639247839566684,1,1,0
2871,144.26,11,1.7,3.0,0.3961261923250988,0,1,0
2872,139.07,13,11.0,2.0,0.888306781811266,0,1,0
2873,91.05,7,2.3,8.3,0.7403742924649801,0,1,0
2874,101.91,11,21.5,1.8,0.8254120277954425,1,1,0
2875,12.37,11,4.6,3.0,1.0910868466944557,0,1,0
2876,79.87,7,1.1,2.9,0.9634167569104289,0,1,0
2877,48.53,10,10.2,2.6,0.3473559170917585,0,1,0
2878,111.91,8,11.3,3.0,1.7073962083629945,0,1,0
2879,77.4,17,1.6,6.4,1.3420221477116263,1,1,0
2880,97.32,9,12.9,1.6,1.2213743914421813,0,0,0
2881,121.9,10,0.1,3.8,0.9532864879121773,1,0,0
2882,122.04,19,2.6,0.3,0.6695003148904386,1,0,0
2883,53.27,10,21.2,0.7,0.8738063607629651,0,1,0
2884,24.35,13,4.4,0.1,0.9464456148507981,1,0,0
2885,77.94,18,6.8,1.4,0.7044585511502319,1,1,0
2886,30.78,12,3.4,2.7,1.264964049195493,1,1,0
2887,38.2,12,1.6,0.9,1.1298642011045905,1,1,0
2888,84.01,15,0.0,1.7,1.5340160093148003,0,1,0
2889,129.46,13,14.1,1.4,1.1795723631675727,1,1,0
2890,14.98,16,1.1,2.0,1.5318155123745254,0,0,0
2891,36.02,13,0.5,4.0,0.8534846719909515,1,1,0
2892,428.73,10,56.8,32.0,2.774471257251422,1,1,1
2893,70.74,11,1.6,2.7,0.9359815626414044,1,0,0
2894,18.44,12,7.3,4.1,0.526695340441333,1,1,0
2895,263.89,9,1.4,1.8,0.5095842358557503,0,1,0
2896,68.72,21,0.1,0.6,1.039256762604442,0,1,0
2897,72.43,12,9.1,0.8,1.4170120942407558,0,1,0
2898,34.7,14,7.5,6.6,0.28219698612319855,1,1,0
2899,91.14,10,0.0,1.4,1.552016815225804,0,1,0
2900,163.44,11,12.1,1.3,0.928561761843717,0,1,0
2901,99.2,21,3.7,0.5,1.0041848603472368,0,1,0
2902,17.54,15,6.5,0.0,1.1810008565605161,0,0,0
2903,71.75,21,2.5,0.4,1.335304407256507,0,1,0
2904,146.92,20,1.3,6.8,1.0353588440783714,0,1,0
2905,35.92,19,1.4,3.8,1.3901180791964947,0,1,0
2906,116.02,16,4.7,3.3,0.6727152352142531,0,1,0
2907,95.9,15,3.1,0.9,0.89344791522591,0,1,0
2908,41.79,6,17.1,3.3,0.7784779323521799,0,1,0
2909,46.41,17,11.1,2.7,0.9648018810489661,1,1,0
2910,28.54,19,2.9,0.9,0.9935363209291197,0,1,0
2911,19.42,19,6.9,7.3,0.5050672262200755,0,1,0
2912,38.51,18,8.0,0.5,0.8212501659772039,0,0,0
2913,67.45,10,20.0,3.1,1.0417999640958477,0,1,0
2914,57.74,19,8.1,7.0,0.44866813009065354,1,1,0
2915,88.93,15,0.5,6.6,0.6178770304007373,0,0,0
2916,108.4,12,6.6,1.0,1.1744865190169824,0,1,0
2917,365.66,7,73.1,28.8,4.961374219184499,0,0,1
2918,34.54,21,1.0,1.3,1.5189706047333114,0,1,0
2919,79.14,13,5.1,7.9,1.1739848377300715,1,1,0
2920,62.73,12,9.0,2.5,0.40457759441984953,0,1,0
2921,197.26,13,0.7,2.7,0.8918711792662863,0,1,0
2922,67.55,18,4.2,0.5,0.9871970496686343,0,1,0
2923,71.34,12,7.7,0.8,1.3508117811109324,1,1,0
2924,11.79,8,8.6,8.7,1.4078012825065611,1,1,0
2925,47.29,17,12.1,1.1,0.7861727390192452,0,1,0
2926,56.92,16,2.6,6.4,0.891253402681578,1,0,0
2927,117.82,14,6.4,0.6,1.4722558972200241,0,0,0
2928,30.85,7,1.4,1.9,0.6683227575197377,0,1,0
2929,153.88,10,6.2,6.6,1.6439769747076172,0,0,0
2930,34.19,15,0.9,1.2,0.8468458154171349,0,1,0
2931,67.41,10,4.7,6.8,1.034832665495647,0,0,0
2932,71.97,14,12.1,0.3,0.8678929570178145,0,0,0
2933,32.98,9,3.5,0.0,0.21189617284045137,0,0,0
2934,26.87,6,2.6,5.3,0.7836364763416798,1,0,0
2935,114.43,9,5.7,2.3,1.0216102610677826,1,1,0
2936,50.0,8,3.5,0.3,1.2240626160840937,1,1,0
2937,103.74,5,2.7,0.7,0.8835996069567964,0,1,0
2938,133.0,13,6.1,9.2,0.9840772342930155,1,1,0
2939,50.61,12,0.3,0.6,0.6769003073878879,1,1,0
2940,74.87,9,5.9,0.2,0.4286898469279261,0,1,0
2941,72.62,18,0.0,4.1,0.42226362181040067,0,0,0
2942,86.24,11,9.0,6.7,1.8345119264999696,0,1,0
2943,51.7,14,3.3,4.8,1.142716549505792,0,0,0
2944,67.23,16,0.3,2.6,0.6416566990566125,1,0,0
2945,219.44,10,2.3,1.5,0.434536254437921,0,1,0
2946,74.65,14,0.0,4.2,0.9562640608219106,1,1,0
2947,59.46,3,9.4,1.5,0.7694463646823184,1,1,0
2948,151.91,13,0.0,2.5,0.8358471127978886,0,1,0
2949,60.84,6,0.4,0.8,0.7198273113836622,0,1,0
2950,34.2,18,1.9,2.7,0.7389303923437994,0,0,0
2951,77.02,7,5.9,0.8,1.0093448569241177,0,0,0
2952,168.98,12,3.1,2.4,0.8067043308906399,0,1,0
2953,91.98,9,4.2,3.7,0.7301724324809575,1,0,0
2954,60.92,15,5.5,4.9,0.25875033913217904,0,0,0
2955,80.93,10,4.6,1.2,1.3575485084195666,1,1,0
2956,73.42,13,5.4,0.7,0.8880673730744724,1,0,0
2957,41.52,13,2.7,11.6,0.7619463437091465,0,1,0
2958,47.95,16,0.5,0.8,1.0337807446668241,0,1,0
2959,23.42,10,1.0,2.8,1.707237553429385,0,1,0
2960,42.51,7,14.3,1.8,0.8256778412003924,0,1,0
2961,73.6,17,15.5,1.7,0.8319542266631669,0,1,0
2962,34.44,20,8.3,0.9,0.8930335898863369,0,1,0
2963,31.36,12,6.9,4.0,1.3401845286334229,0,1,0
2964,73.1,13,0.2,1.6,0.9714319285236106,1,1,0
2965,56.0,15,1.7,0.4,0.677713880623094,1,1,0
2966,84.08,12,0.8,6.3,0.42755565021585284,1,1,0
2967,83.99,11,0.9,3.0,1.0178237434854749,1,1,0
2968,3.61,10,2.4,8.4,1.1263703446625923,0,1,0
2969,211.76,11,4.5,0.2,0.1,1,1,0
2970,163.3,14,3.8,5.2,0.7965161277227109,1,1,0
2971,72.67,13,0.7,1.7,1.8377381902876913,1,1,0
2972,39.09,11,4.3,3.2,0.5105337713993177,1,0,0
2973,87.71,16,3.7,0.1,1.2377925513468673,0,1,0
2974,21.39,9,8.4,0.1,1.0819237796222583,0,1,0
2975,98.45,15,6.6,0.6,1.5256060731040608,0,1,0
2976,201.55,23,0.4,6.0,0.5420699014308441,0,0,0
2977,102.78,12,5.8,3.7,1.0564632664388542,0,1,0
2978,316.17,15,2.3,21.2,3.669909201603942,1,0,1
2979,195.56,14,3.5,7.6,1.0170533680793483,0,0,0
2980,16.28,12,10.9,0.9,1.5058823935421817,0,0,0
2981,310.78,10,38.4,7.1,4.422180736178584,1,0,1
2982,80.52,16,3.1,0.1,0.970877622905765,0,1,0
2983,62.8,10,0.4,0.1,0.6295743192190582,0,1,0
2984,39.6,14,3.2,6.2,0.7650534849707517,0,1,0
2985,30.51,20,3.7,2.2,0.915290694632645,0,1,0
2986,57.59,15,17.4,5.2,1.5775336787976983,0,1,0
2987,72.03,9,2.1,4.0,0.6080731935320605,0,1,0
2988,12.44,21,2.2,2.8,1.9147572680066705,0,0,0
2989,92.62,15,6.0,2.3,0.5279221935828495,0,1,0
2990,38.92,14,5.3,0.2,1.2475388132030913,1,1,0
2991,39.52,19,5.6,0.1,1.2401088759931786,0,1,0
2992,215.61,18,5.3,2.3,1.1702922384459902,1,0,0
2993,75.88,18,18.1,10.2,1.8725207547645764,0,1,0
2994,61.16,14,0.9,4.4,1.6323428567371936,0,1,0
2995,11.07,17,0.8,10.0,0.9236898061943444,0,1,0
2996,28.61,15,0.0,2.7,1.1189934930888372,0,1,0
2997,13.63,11,3.1,0.0,0.862461702712774,1,1,0
2998,74.73,19,11.2,8.5,1.4393048876722765,1,1,0
2999,488.3,11,6.0,27.0,7.992583739807209,1,0,1
3000,134.07,12,6.9,1.6,0.750882391228472,0,1,0
3001,108.64,18,2.5,0.0,1.6863234944389132,1,1,0
3002,77.76,5,0.9,2.1,0.6620009342989279,0,0,0
3003,56.46,17,5.7,6.6,1.014435356990745,0,1,0
3004,45.81,13,0.8,2.9,1.2171754739326621,0,1,0
3005,211.61,17,10.4,5.5,0.7537633803722257,0,1,0
3006,82.11,15,9.7,0.1,1.4687904492377526,0,1,0
3007,15.05,10,3.1,8.0,1.076240546191839,1,1,0
3008,14.79,18,1.0,2.2,0.6067567581368314,0,1,0
3009,33.62,12,3.2,3.3,1.0020588850031797,0,1,0
3010,91.69,9,1.7,11.9,1.1111090660014769,0,1,0
3011,160.59,15,5.5,5.8,0.30578874520080435,1,1,0
3012,52.39,14,0.4,1.1,0.7750174049856551,1,0,0
3013,117.24,10,3.3,8.6,1.5915362827412962,1,1,0
3014,177.34,12,1.8,1.1,1.0713224982503504,0,1,0
3015,100.83,11,10.4,2.8,1.2352970472562164,0,0,0
3016,47.61,15,0.9,6.3,0.31826042860119086,1,1,0
3017,134.21,11,3.9,2.8,0.6232830488349312,0,1,0
3018,93.05,15,3.3,2.0,0.953124271746932,0,1,0
3019,53.89,12,2.3,4.5,0.12525407838993574,1,1,0
3020,106.81,5,0.1,2.3,1.130634156361529,1,1,0
3021,71.49,20,0.3,0.3,1.7854763324973124,0,1,0
3022,24.8,11,1.2,9.1,0.8088560442608419,1,1,0
3023,127.74,15,3.2,7.7,0.9752248839198879,0,1,0
3024,75.37,7,1.9,7.6,1.0682967261175451,1,1,0
3025,406.76,1,41.1,110.2,5.166735246659337,1,1,1
3026,16.03,11,9.7,0.6,0.9853043105345226,0,1,0
3027,130.35,11,2.2,4.7,2.006749478211897,1,1,0
3028,79.51,12,3.3,2.5,0.6523085324220854,1,1,0
3029,122.88,17,7.6,4.1,1.0953882649883846,0,0,0
3030,104.44,15,14.2,0.4,0.6561452610931038,0,1,0
3031,58.93,17,1.0,1.1,1.470876000867006,0,1,0
3032,130.49,15,17.9,8.2,1.1475009045689597,1,1,0
3033,30.89,17,5.8,5.1,0.8683627208820612,1,1,0
3034,13.32,11,3.5,1.7,1.3545282245395336,0,1,0
3035,108.04,9,10.2,4.3,0.5852627739652512,0,1,0
3036,5.87,15,0.0,0.0,1.111316554664176,0,0,0
3037,190.8,9,1.6,2.2,1.121343468098712,0,1,0
3038,36.86,17,1.6,1.3,0.682331457297896,0,1,0
3039,61.22,16,11.9,3.4,1.2164828233845426,1,1,0
3040,73.97,13,4.1,3.2,0.7028914681066862,0,0,0
3041,23.81,11,3.7,0.9,0.8506477607588275,0,1,0
3042,59.41,11,7.9,4.8,0.8712349974691546,0,0,0
3043,8.05,7,15.7,0.3,1.4720368610240862,1,1,0
3044,82.46,18,3.6,1.7,1.3560185421456388,0,1,0
3045,65.7,16,9.4,2.6,1.5758678845416543,1,1,0
3046,128.68,10,11.6,1.8,1.1922376348137549,1,1,0
3047,46.99,5,0.8,0.4,0.6877449746585949,0,1,0
3048,131.58,11,0.8,3.2,0.44294261110908606,0,1,0
3049,86.87,12,1.1,0.2,0.888826153476329,0,0,0
3050,54.4,10,1.2,1.1,1.1450818571180759,0,1,0
3051,84.97,12,10.1,3.7,1.2163826343384612,0,0,0
3052,119.18,7,4.0,7.6,0.9286066948775544,0,1,0
3053,32.51,12,3.6,2.2,0.7957828872628131,0,1,0
3054,97.11,13,28.6,2.2,1.2122242464353117,1,1,0
3055,202.94,21,1.2,3.7,1.3735258420420209,1,1,0
3056,55.99,22,12.7,2.9,1.1951593032891747,0,1,0
3057,143.87,7,9.0,0.0,1.5923055895485132,1,0,0
3058,46.97,11,0.2,2.6,0.8597246619981143,0,0,0
3059,53.36,16,4.6,0.8,0.2558668233806993,1,1,0
3060,80.01,14,6.3,0.4,0.6544786760713099,0,1,0
3061,63.08,17,3.8,0.7,0.39421320813952165,1,1,0
3062,82.03,17,12.7,1.6,0.994572388484419,0,1,0
3063,69.73,9,1.8,3.6,0.7785085029942985,0,1,0
3064,47.14,18,7.8,8.1,0.2048608723048968,0,0,0
3065,70.33,16,32.9,6.6,1.130529479994613,1,0,0
3066,128.2,18,6.0,1.4,1.2290457643352037,0,1,0
3067,103.68,17,1.5,3.4,1.4924212012721862,0,1,0
3068,50.32,11,12.1,4.3,0.5451876890233034,0,1,0
3069,153.44,16,0.6,1.0,0.955221848544882,0,1,0
3070,22.03,17,2.3,1.0,1.4632287821133552,0,1,0
3071,21.24,13,3.2,0.3,0.8259198940791825,0,1,0
3072,294.39,1,11.1,16.0,3.5770210250524523,1,0,1
3073,33.42,15,5.8,7.4,1.1548296429687455,0,1,0
3074,35.39,9,2.4,2.3,1.3778819177766015,0,1,0
3075,40.52,13,11.2,9.3,1.402090741486764,0,1,0
3076,112.44,9,2.7,0.7,0.6821905602261344,1,0,0
3077,33.64,11,1.6,1.7,1.1075964585296256,0,1,0
3078,138.06,4,7.6,1.0,0.8391551165749287,1,1,0
3079,69.36,14,0.6,3.3,1.04681733171379,0,1,0
3080,119.24,10,3.2,2.6,1.2137763925693617,0,1,0
3081,41.74,15,1.7,0.5,0.1,0,1,0
3082,139.77,13,5.3,1.3,0.8048819216438448,1,1,0
3083,40.62,13,2.7,2.1,0.5848713034461918,0,1,0
3084,307.44,9,45.5,2.5,3.4896912173930827,0,0,1
3085,36.29,10,4.1,3.7,0.9381134559581512,1,1,0
3086,53.82,16,6.9,0.4,1.1327799930635833,0,1,0
3087,312.06,23,51.0,21.7,4.499185982080865,1,0,1
3088,59.7,13,0.1,7.1,0.9820919255193631,1,1,0
3089,39.49,16,7.2,13.1,0.31065721150971704,0,1,0
3090,90.51,14,5.3,0.4,0.21963863495638913,1,1,0
3091,58.42,15,12.9,0.4,1.0113738207059,1,1,0
3092,84.97,12,1.2,10.1,0.4699501158871061,1,1,0
3093,68.27,9,24.5,0.8,0.7368839698135472,0,1,0
3094,34.95,16,1.3,1.1,1.0152066291243418,1,1,0
3095,137.71,16,10.8,2.0,0.22073589980890296,1,0,0
3096,37.41,23,2.8,3.0,0.6919603815482049,0,1,0
3097,76.21,14,5.6,3.6,1.0327132826362346,0,1,0
3098,69.58,11,1.9,4.3,0.9804309091765693,0,0,0
3099,108.55,17,0.3,2.7,1.1850642391241506,0,1,0
3100,110.09,18,4.1,3.1,1.2311066997456104,0,1,0
3101,33.53,15,6.0,0.6,0.5787689271851486,1,1,0
3102,81.4,9,8.2,1.0,1.0734946989604497,1,1,0
3103,71.54,20,26.9,3.6,0.758570423274598,1,1,0
3104,38.09,14,7.5,3.4,1.3381789355613085,0,1,0
3105,11.87,10,3.7,1.0,1.0292150733734962,1,1,0
3106,0.88,14,0.2,7.5,1.1773664034962539,0,1,0
3107,54.25,15,6.5,3.9,0.8924561676690927,0,1,0
3108,112.5,14,0.7,1.3,0.6062036112885194,0,1,0
3109,94.76,15,3.0,0.8,1.0402417773633066,0,1,0
3110,74.61,12,11.8,3.8,1.4664255405407156,1,1,0
3111,52.21,16,2.9,5.1,0.6153900216261103,1,0,0
3112,88.63,22,1.3,1.7,0.32585617290699787,0,0,0
3113,78.05,12,3.7,1.9,1.3081161088419877,0,1,0
3114,61.3,13,2.9,2.8,0.7895153300242427,0,1,0
3115,110.32,10,0.1,4.9,1.1430327857252487,0,1,0
3116,44.03,14,4.9,11.2,1.0593708215973172,0,0,0
3117,77.79,12,3.9,0.5,1.060910570037932,0,0,0
3118,29.77,11,4.6,4.4,0.6851534122599969,0,1,0
3119,51.71,15,11.5,1.3,1.0099831971369566,1,1,0
3120,42.61,5,6.7,0.7,0.9676706526946407,0,1,0
3121,67.91,14,4.3,0.4,0.48688780151865363,0,1,0
3122,108.71,7,6.3,3.6,1.4901081231897764,1,1,0
3123,90.96,11,1.3,0.0,1.2574776046608305,0,1,0
3124,60.91,14,4.4,0.2,0.9312111931630079,0,0,0
3125,130.6,17,49.7,3.1,4.9971371696306,0,1,1
3126,58.42,14,20.7,3.9,1.3508726069428325,1,1,0
3127,45.2,15,9.9,0.2,1.2672149613960932,0,0,0
3128,24.39,17,8.2,0.2,1.6179474901740218,0,0,0
3129,3.03,18,0.6,5.1,1.0079578568874736,1,1,0
3130,47.57,14,3.5,1.4,0.7953831379888436,0,1,0
3131,112.1,13,0.8,1.9,1.3989112217092512,0,0,0
3132,18.3,15,2.7,2.9,1.8741922988013453,0,1,0
3133,88.32,8,3.0,2.9,0.9869293163364277,0,1,0
3134,25.68,13,14.1,0.5,0.2811340696614184,1,1,0
3135,56.65,16,2.9,5.2,1.009361003395771,0,1,0
3136,179.53,11,0.3,2.3,1.6287971130576282,0,1,0
3137,78.92,19,3.2,0.4,0.19126658159406018,1,1,0
3138,3.61,14,8.0,2.7,1.4717618427871983,0,1,0
3139,68.27,14,14.4,2.7,0.38613350145564274,1,1,0
3140,26.2,15,1.3,3.6,1.2526250745728271,1,1,0
3141,109.21,15,7.3,0.4,0.5158851779777425,0,1,0
3142,115.47,15,3.4,3.8,0.30328837166645684,0,0,0
3143,48.46,14,0.1,2.1,0.46361459936561245,1,1,0
3144,36.99,15,2.2,0.0,1.0287834589750258,0,0,0
3145,54.84,15,11.7,6.8,1.414330483761372,1,0,0
3146,53.7,12,17.2,0.6,0.7200282590812539,0,1,0
3147,38.63,21,3.3,2.2,1.2183630452572451,0,0,0
3148,9.07,11,10.0,4.6,0.804533447506257,1,1,0
3149,22.49,8,18.6,6.7,1.0951508670581356,0,0,0
3150,95.12,16,12.5,4.3,0.9398860841839293,0,0,0
3151,170.82,21,1.1,1.2,1.1000703009353703,0,1,0
3152,50.37,14,12.1,4.0,0.9448358572362301,0,1,0
3153,3.85,20,2.6,1.0,0.4351256203678331,1,0,0
3154,25.73,17,0.6,6.7,1.0467638204171252,0,1,0
3155,56.77,11,0.8,0.4,1.1748257458836684,1,1,0
3156,91.82,16,4.4,2.6,0.2224606311102335,0,1,0
3157,115.28,17,10.0,2.1,0.5107430141668392,1,1,0
3158,24.07,11,2.0,6.5,0.9320002279709447,0,1,0
3159,248.5,7,11.4,4.7,1.775599658060369,1,1,0
3160,24.45,8,2.4,1.4,0.981922957718686,0,1,0
3161,149.85,14,3.5,0.2,0.3918323572351542,0,0,0
3162,259.71,13,7.1,0.8,1.9045674522904368,0,1,0
3163,129.02,7,2.2,0.5,0.7949223066817871,0,0,0
3164,158.72,13,0.8,6.0,0.14789445838009363,1,1,0
3165,10.23,13,8.6,1.5,0.4580993970605194,1,0,0
3166,42.83,15,1.2,0.5,0.874489606299144,1,0,0
3167,15.35,11,0.4,3.9,1.1990918691832766,0,0,0
3168,43.33,17,3.7,5.5,0.9827092203256661,1,1,0
3169,67.73,14,3.1,2.3,0.7883876695205796,1,1,0
3170,13.09,18,2.4,6.4,1.5867311427562307,1,1,0
3171,22.24,10,19.1,4.2,0.9084573613122996,1,1,0
3172,214.8,19,5.3,4.1,0.668400333423316,0,0,0
3173,45.76,16,0.5,5.0,1.0490256070134147,0,0,0
3174,53.27,10,3.1,6.0,1.1851130399234011,0,0,0
3175,115.33,12,2.9,10.7,1.099476309399694,1,1,0
3176,37.26,15,4.0,0.6,1.1619253799869587,1,1,0
3177,118.21,11,0.5,4.6,1.1627645912844484,0,0,0
3178,84.78,15,17.4,3.4,1.3949948602208266,0,0,0
3179,105.06,14,9.9,1.5,0.5893466844649327,1,1,0
3180,109.24,9,0.6,4.4,1.81625478645885,0,1,0
3181,139.27,16,7.6,6.2,0.9172857208317906,0,0,0
3182,107.58,5,11.4,95.6,4.401542646862872,1,0,1
3183,70.04,21,11.9,1.9,1.3796526340259696,1,1,0
3184,133.91,14,9.7,5.6,0.20971331942547433,0,0,0
3185,28.87,13,2.7,0.7,0.7377985057455838,1,1,0
3186,49.98,11,5.4,0.0,1.6228747792454672,0,1,0
3187,169.39,15,1.8,5.7,1.2142871294465967,0,1,0
3188,35.54,15,0.6,3.0,0.5735146401451641,1,1,0
3189,216.41,12,8.0,11.6,0.7078164175286228,0,1,0
3190,75.67,10,7.9,19.1,1.1923293028862787,1,1,0
3191,87.31,14,21.8,4.7,1.4252306897037572,0,1,0
3192,27.68,7,2.7,0.0,0.20597408043872223,0,1,0
3193,9.3,13,5.7,0.4,1.6981011733955058,0,1,0
3194,109.96,11,0.5,2.7,0.9004424815328554,0,1,0
3195,82.32,12,12.5,6.6,0.7327403303082096,0,1,0
3196,88.56,18,0.9,1.5,1.6793401756420279,0,1,0
3197,38.21,7,3.6,1.7,0.7306441623557955,0,0,0
3198,56.37,21,1.4,0.6,0.614655788083284,1,1,0
3199,128.99,10,5.5,7.0,0.7958501224211177,1,1,0
3200,19.87,19,11.9,5.5,1.1199613745543688,0,1,0
3201,93.07,15,4.9,1.3,1.367402281647739,0,1,0
3202,78.38,11,4.2,0.6,1.6853926184344752,0,0,0
3203,60.39,17,1.4,0.1,0.6907122449722968,1,1,0
3204,62.01,14,1.6,1.7,1.4392356756096887,0,0,0
3205,28.61,9,0.8,2.3,0.7301713777350765,0,1,0
3206,60.19,18,3.1,1.4,0.7462701189672678,1,1,0
3207,88.55,11,0.7,0.5,1.2805636704496797,0,1,0
3208,79.79,21,0.9,6.4,1.4979606181299094,0,0,0
3209,28.64,11,11.7,8.6,1.3029039526165516,1,1,0
3210,38.73,9,2.7,1.6,1.2552328749997477,1,0,0
3211,179.24,23,3.4,0.1,0.6673164234988691,0,1,0
3212,83.76,23,0.7,1.5,1.516109734683507,0,1,0
3213,106.84,9,18.1,1.0,1.0281358446463964,1,1,0
3214,44.62,11,0.7,3.6,1.624898195958676,0,1,0
3215,20.78,6,4.6,0.9,0.4420517117756769,0,1,0
3216,227.46,12,0.2,7.8,1.3697367924382822,0,1,0
3217,16.9,7,6.8,0.1,1.2604737905168297,0,1,0
3218,152.55,22,0.0,5.3,0.49317575853917817,1,1,0
3219,95.79,9,3.5,6.0,0.6284745679740666,0,1,0
3220,66.17,8,9.2,2.2,1.5294890716000165,0,1,0
3221,10.29,16,5.3,4.6,0.6008164741735353,1,1,0
3222,187.94,23,4.1,0.2,0.9972121881183387,0,0,0
3223,73.12,7,2.1,3.6,1.1504011193125308,0,0,0
3224,71.56,15,5.4,1.1,1.0673755114330792,0,1,0
3225,29.55,16,1.7,1.2,1.4321713635179378,0,1,0
3226,38.12,16,9.9,1.6,2.0221716456000016,0,1,0
3227,33.27,16,1.6,2.9,0.7024302763748382,0,0,0
3228,119.17,9,1.2,0.9,0.8208104502008071,1,1,0
3229,153.97,15,7.2,3.2,1.1013845444551724,1,1,0
3230,44.98,10,0.0,1.5,0.5923101573133087,0,1,0
3231,56.74,14,2.9,10.2,0.6225892462108535,0,1,0
3232,100.45,16,3.1,1.1,1.8699161490476632,0,1,0
3233,67.08,10,1.3,1.8,0.8926025471634623,0,1,0
3234,115.13,10,1.5,0.3,0.9219732138678355,0,1,0
3235,124.16,13,3.2,9.5,0.8368244381563423,0,1,0
3236,188.78,11,5.6,1.6,1.7416014598690452,0,1,0
3237,56.37,15,9.4,1.8,1.262648706227738,0,1,0
3238,73.76,8,0.3,4.7,1.0971692802605342,0,1,0
3239,68.61,12,7.3,4.5,0.9721637199305715,1,1,0
3240,30.95,12,1.6,10.0,1.6184235229691548,0,0,0
3241,57.4,12,0.6,0.9,0.9321693394426678,0,1,0
3242,179.53,9,6.0,3.8,0.9093510650632491,0,1,0
3243,146.78,14,1.7,1.7,0.9670776396711458,0,1,0
3244,40.23,20,4.7,6.2,1.1892318718737076,0,1,0
3245,39.69,16,0.1,4.6,1.1339859082079264,0,1,0
3246,56.46,21,10.3,7.0,1.5401220589833247,1,1,0
3247,81.6,9,2.7,3.4,0.9693135628832608,1,1,0
3248,18.91,16,24.2,0.1,1.0446654528714259,0,1,0
3249,36.06,6,4.0,1.5,1.826079860426181,1,1,0
3250,137.54,18,4.9,2.3,1.4435949441337719,1,1,0
3251,92.9,7,5.2,4.1,1.2439042638009634,0,0,0
3252,13.1,16,5.7,1.9,0.7161981535244364,0,0,0
3253,70.12,18,11.0,1.7,0.6581606875429782,0,0,0
3254,155.93,16,2.2,2.4,0.9961739549802819,0,1,0
3255,46.16,15,12.1,1.4,1.1190872910894742,0,1,0
3256,104.8,10,4.6,2.7,1.6624506053885484,0,1,0
3257,157.65,13,0.7,0.1,0.8864604535136789,0,1,0
3258,58.88,13,9.5,2.4,1.5100076088140986,1,1,0
3259,54.03,8,5.7,7.0,1.2792427823576018,0,1,0
3260,32.21,12,5.4,5.0,1.4747092467802652,0,1,0
3261,130.77,17,1.5,0.9,0.9880563067024544,0,1,0
3262,57.28,13,1.2,3.3,0.3304547955977297,0,1,0
3263,71.91,11,1.7,4.2,1.1073292101044712,0,1,0
3264,75.02,13,1.9,10.7,0.4943070755293789,1,1,0
3265,108.23,19,0.1,1.2,0.6642213729162736,0,1,0
3266,153.27,16,14.7,0.5,1.5247039801586664,1,0,0
3267,58.03,12,2.3,0.6,0.8293291042193666,0,0,0
3268,43.97,16,4.2,2.7,1.0093911987627417,1,1,0
3269,168.27,16,9.3,1.2,0.7317959200698768,0,1,0
3270,72.68,16,6.1,5.3,0.3980025944183283,0,1,0
3271,81.77,20,15.7,2.1,0.943242307320318,1,1,0
3272,152.88,17,5.4,9.4,1.0701224383927372,1,1,0
3273,39.69,14,0.7,2.5,0.6783645091566235,0,1,0
3274,50.03,11,1.5,12.2,1.5035553162573736,1,0,0
3275,179.98,7,1.4,0.8,1.2395177667962358,0,1,0
3276,85.94,19,7.0,2.7,1.3831439201674285,0,1,0
3277,136.15,13,8.2,0.0,1.2974874177088331,1,1,0
3278,31.15,14,5.6,5.8,1.0285932419925294,0,1,0
3279,206.93,17,3.5,2.3,1.35967681730311,0,1,0
3280,137.77,13,1.8,3.5,0.8334235809332586,1,1,0
3281,72.45,12,1.8,0.3,0.8828487784578452,0,1,0
3282,58.18,19,5.6,5.1,1.4906627009599775,1,1,0
3283,33.6,14,4.7,9.4,1.4652776202787943,0,1,0
3284,98.98,18,4.0,4.3,0.6387861561901504,1,0,0
3285,24.67,15,2.7,1.5,1.087320637364445,0,1,0
3286,41.81,21,13.4,2.4,1.3611750342025057,0,1,0
3287,78.93,12,1.3,3.9,0.7189959444166099,0,1,0
3288,78.49,13,8.7,0.7,0.7625404396040182,0,0,0
3289,80.64,17,3.8,1.1,0.8896356919854491,0,1,0
3290,109.09,23,6.4,2.0,0.9722529506530977,0,1,0
3291,84.81,13,3.5,0.8,0.8030257474338924,1,1,0
3292,143.3,13,0.3,1.9,1.4591938806411568,0,1,0
3293,9.05,14,1.9,3.1,1.0859616582653648,1,1,0
3294,11.56,5,10.2,0.5,1.2094414666419289,0,1,0
3295,8.86,14,7.1,0.5,0.602805944972682,0,0,0
3296,46.0,14,9.5,2.6,0.31723083389493567,0,1,0
3297,8.76,9,2.4,2.1,1.642341689440656,1,1,0
3298,46.58,13,1.1,1.2,0.6994992061035774,1,1,0
3299,61.62,12,6.4,2.9,1.024554603679264,0,0,0
3300,129.83,11,11.3,2.1,0.635581069957227,0,0,0
3301,78.59,16,0.8,8.7,1.3836871435890774,1,1,0
3302,34.76,12,9.3,0.5,1.6307462177217418,0,1,0
3303,50.53,19,8.9,3.0,1.0380542121400922,0,1,0
3304,72.7,17,10.2,4.5,0.7463960363459561,1,1,0
3305,57.73,11,9.4,3.5,0.7204423157836656,0,1,0
3306,60.65,10,2.5,1.8,0.9604262987048747,0,1,0
3307,44.88,14,0.9,2.6,1.0540861938871036,0,1,0
3308,223.77,10,18.2,1.9,0.8398936136648636,1,1,0
3309,46.81,11,0.7,0.4,1.0389958695881099,1,1,0
3310,142.17,17,7.0,0.4,1.2564890772532633,1,1,0
3311,14.14,13,13.2,3.9,1.2651939052236476,0,1,0
3312,44.52,10,17.5,1.4,1.7867616125910764,0,1,0
3313,123.68,14,3.9,3.2,1.2782400816828494,1,1,0
3314,95.8,12,0.5,6.6,1.4789361579138123,1,1,0
3315,2.29,16,17.5,0.5,0.4736647578333091,0,1,0
3316,107.17,14,1.0,1.2,1.1065748434023066,0,0,0
3317,87.77,12,4.8,0.2,0.919133721340631,1,1,0
3318,341.65,13,1.2,0.7,1.1298895409690028,1,1,0
3319,35.17,17,3.2,3.7,0.1,0,1,0
3320,56.43,12,1.2,1.4,1.1263899483385913,0,1,0
3321,68.47,12,2.5,7.2,0.7989253073058217,0,1,0
3322,154.67,11,0.1,2.2,1.2499231950221308,0,1,0
3323,52.46,10,2.9,11.3,0.9033782868930489,1,1,0
3324,49.36,19,12.6,3.9,0.9135334698191357,1,1,0
3325,10.87,9,10.6,0.6,1.2526965200233073,0,1,0
3326,105.7,12,9.0,0.1,0.956226072988482,1,1,0
3327,40.8,14,1.5,22.1,0.3908056583318522,1,1,0
3328,130.65,2,1.9,3.4,0.9286912002444514,0,0,0
3329,87.81,15,11.0,1.3,1.2335141416095803,1,1,0
3330,60.65,11,5.7,2.6,1.545882934257894,1,1,0
3331,68.29,11,1.0,2.6,1.1823750883625592,1,0,0
3332,263.13,18,1.1,0.9,0.6959494885365183,0,1,0
3333,159.22,18,27.2,0.2,0.828973077793527,0,1,0
3334,65.73,14,2.1,2.4,1.0943696930626348,0,1,0
3335,68.16,11,0.5,2.0,1.218882061249795,0,1,0
3336,44.92,14,4.1,1.7,1.411807464988545,0,1,0
3337,44.46,14,3.8,3.0,1.4345796634866008,0,1,0
3338,188.17,10,3.4,1.8,1.4237473067337212,1,0,0
3339,18.96,13,7.1,4.8,0.3114537474782032,0,1,0
3340,47.53,15,3.6,6.5,1.2290571646060409,1,1,0
3341,96.51,15,8.4,4.0,1.4029029034412004,1,1,0
3342,74.04,11,3.9,2.6,0.9227252441388245,1,1,0
3343,29.78,4,4.6,1.2,0.8998053924547761,0,0,0
3344,11.74,13,5.8,4.0,0.8498903095356796,0,0,0
3345,37.43,16,0.6,4.1,1.3076690937937976,1,0,0
3346,153.73,12,1.7,0.9,1.103197061447381,0,1,0
3347,100.96,17,6.7,0.3,0.7182528793210741,0,1,0
3348,44.9,19,3.2,1.8,1.0555727911549893,0,1,0
3349,51.48,10,2.5,1.5,1.4105369959709375,0,0,0
3350,212.11,22,3.5,51.9,2.7087761304043734,1,0,1
3351,83.77,17,23.6,0.0,1.4851103742622953,1,1,0
3352,345.8,4,8.7,27.1,5.239862427753831,1,0,1
3353,31.9,12,5.5,0.9,0.5574219284928681,1,1,0
3354,73.53,18,5.4,0.2,1.1439559452910752,1,1,0
3355,108.99,11,1.3,2.4,1.1570086762547473,0,1,0
3356,85.75,8,5.3,4.8,0.3214423153573577,1,1,0
3357,93.29,13,7.6,12.3,0.8551590350578918,0,1,0
3358,63.0,12,1.4,4.1,0.2800512429088614,0,1,0
3359,43.73,16,4.2,1.3,1.2682094049714179,1,1,0
3360,76.31,14,1.2,5.1,1.5232995655072066,1,1,0
3361,18.49,12,17.9,4.6,0.5628698595389982,0,1,0
3362,176.6,5,5.7,0.2,1.6628636385479356,0,0,0
3363,87.41,13,3.6,5.1,1.7028035701140092,0,1,0
3364,46.65,10,0.2,5.1,0.517865792947563,0,1,0
3365,171.52,9,4.5,1.0,1.9622542332532051,0,0,0
3366,142.25,13,5.7,3.8,1.1289903276611937,1,1,0
3367,25.63,16,1.2,4.1,0.8709023788800121,0,1,0
3368,20.52,7,3.1,4.5,1.0270558135874632,0,1,0
3369,93.68,9,1.4,3.6,1.4421219172067703,1,1,0
3370,50.81,13,0.9,3.6,0.1,1,1,0
3371,14.16,19,6.2,3.2,1.3016269629295105,1,0,0
3372,49.79,11,5.7,5.4,0.8373206739911924,0,0,0
3373,59.75,6,1.2,6.7,0.923968713404745,0,1,0
3374,15.83,21,1.2,3.0,1.3336396668973955,1,1,0
3375,16.53,12,6.4,0.1,1.2285222681945442,0,1,0
3376,14.78,10,0.3,0.8,0.6638330769077392,0,0,0
3377,63.92,12,9.1,0.7,0.8319616618635928,0,1,0
3378,36.2,14,13.5,2.6,1.044430362610798,0,1,0
3379,11.44,18,5.8,0.2,0.2853120853052671,1,1,0
3380,64.95,17,22.7,3.5,1.6078247455947334,1,1,0
3381,38.13,11,9.6,5.6,0.2777644489586272,1,1,0
3382,93.66,12,3.5,0.2,1.5061935341232862,1,0,0
3383,71.17,15,2.6,0.1,0.599440961573362,0,1,0
3384,147.22,13,1.1,3.3,0.6699684561351895,1,0,0
3385,42.76,10,6.6,1.0,1.2233667108647575,0,1,0
3386,30.35,12,6.8,13.4,0.5588845083270252,0,1,0
3387,505.34,2,24.1,35.1,4.145291824342061,0,0,1
3388,93.3,17,4.4,5.8,0.7835816985018117,1,1,0
3389,87.58,13,11.1,1.3,0.7924921039428957,1,0,0
3390,74.8,11,8.0,0.4,1.572700182041208,0,1,0
3391,40.64,16,2.2,0.3,1.4219280825196259,0,0,0
3392,145.33,19,18.0,17.9,2.8649941659817175,1,0,1
3393,74.31,19,15.5,1.5,0.9986531590749838,0,1,0
3394,127.7,10,4.7,13.4,0.791127843193259,0,1,0
3395,24.53,9,4.2,9.3,0.7918471661729173,0,1,0
3396,52.5,13,1.9,2.4,1.4838624988839206,0,0,0
3397,48.53,16,1.7,1.7,1.5824878165426854,0,1,0
3398,32.5,16,2.3,1.2,0.7423723250546095,0,1,0
3399,136.59,10,12.4,1.1,1.2290902869621942,0,1,0
3400,247.14,9,0.7,2.0,1.9369619714963378,0,1,0
3401,156.42,19,2.8,3.0,1.2065757917271616,0,0,0
3402,54.3,16,12.7,0.6,1.292150265528181,0,1,0
3403,62.67,11,1.9,2.4,1.6075089044071964,0,0,0
3404,100.94,13,7.7,3.6,1.6270569703092628,0,1,0
3405,30.25,10,22.5,6.5,0.8395927414243852,0,1,0
3406,85.46,12,7.8,5.8,0.8903658813255786,0,1,0
3407,46.43,14,0.8,12.3,0.6655784910007656,0,1,0
3408,68.65,15,2.1,0.1,1.2640793776260615,0,1,0
3409,43.21,7,1.3,3.7,1.0531708508113713,0,1,0
3410,198.79,9,6.4,0.2,1.7491536287177654,1,0,0
3411,47.32,15,1.5,15.0,0.9359596897841327,0,0,0
3412,76.01,17,9.8,1.1,1.0067242965087566,0,0,0
3413,72.23,17,4.3,1.6,1.0624255911337253,0,1,0
3414,159.55,9,5.5,0.1,0.6984649709390087,0,1,0
3415,20.01,9,13.6,1.3,0.46342434558334156,1,1,0
3416,146.41,14,7.6,5.0,0.7365800319713101,0,1,0
3417,211.05,15,1.5,3.2,0.7764970092764135,0,1,0
3418,15.92,6,6.8,2.1,1.1274597978871819,0,1,0
3419,25.17,17,1.7,5.8,1.1400885036486768,0,0,0
3420,194.51,11,13.0,2.8,0.9511352053439378,0,1,0
3421,134.41,15,7.5,2.1,0.1,1,1,0
3422,26.32,15,3.3,3.3,1.3648483311996582,1,1,0
3423,24.73,13,4.7,4.7,0.7831076035695572,0,1,0
3424,93.9,19,4.3,0.3,0.890794472163323,0,1,0
3425,17.09,18,2.9,9.8,1.1651010441921466,0,1,0
3426,199.52,10,4.6,17.6,1.1659126748425268,0,0,0
3427,204.82,12,14.9,1.3,0.6364358471559435,1,1,0
3428,185.77,5,0.6,1.8,1.3190667805336211,0,1,0
3429,46.06,16,1.0,4.5,0.9429654725762295,0,1,0
3430,46.15,8,1.1,3.2,1.0445777402949394,0,1,0
3431,23.01,16,8.0,9.7,1.5526160626983345,1,1,0
3432,30.23,12,13.8,2.4,1.1319861298732663,0,1,0
3433,21.67,19,0.1,1.6,1.6306672192328278,1,1,0
3434,43.81,14,1.5,6.2,0.4814269888273246,0,1,0
3435,128.98,15,5.3,1.3,1.078953165050988,0,1,0
3436,99.03,16,0.2,1.2,0.458848232074912,0,0,0
3437,123.44,10,5.3,3.5,1.230208101595014,0,1,0
3438,58.39,19,4.5,1.8,1.1364571792701996,0,1,0
3439,172.23,14,4.6,0.7,1.5676620596130313,1,1,0
3440,517.99,18,28.6,15.4,3.2138036376224175,1,0,1
3441,71.94,16,3.9,2.5,2.015706474982048,0,1,0
3442,112.36,7,4.7,2.5,1.1066865906255245,0,0,0
3443,38.26,15,22.5,6.2,1.3257031584568508,0,1,0
3444,94.08,13,1.4,4.0,0.49212187595687085,1,1,0
3445,48.19,16,11.7,11.1,0.5016679486686159,0,1,0
3446,74.69,15,0.3,3.3,1.0699660658540036,1,0,0
3447,22.19,12,1.1,0.8,0.71864651266092,1,0,0
3448,227.92,9,0.7,1.5,0.3964971014169656,0,0,0
3449,201.03,10,5.3,9.6,1.240455028552904,0,1,0
3450,40.62,14,14.3,14.3,0.7439949958896858,0,1,0
3451,141.61,5,59.8,0.7,5.786805498666267,1,0,1
3452,189.68,12,3.0,3.1,1.056003234973865,1,1,0
3453,77.82,18,10.0,7.6,1.4704093625733172,1,1,0
3454,150.73,13,6.4,25.7,1.041383141121214,1,1,0
3455,55.22,10,4.1,6.2,0.8568995441901268,0,1,0
3456,142.6,14,2.3,3.2,1.0016685310365954,1,1,0
3457,49.11,13,0.1,1.7,0.8991257559772794,1,1,0
3458,23.82,14,1.3,2.2,1.11234181044989,0,1,0
3459,14.1,10,1.7,3.0,0.9138418957484582,0,1,0
3460,117.88,14,3.9,0.7,1.4022989014703946,1,1,0
3461,189.85,10,1.6,0.4,1.2130837098682887,0,1,0
3462,91.32,20,1.1,1.7,1.3916547513733653,0,0,0
3463,48.17,14,0.5,3.0,0.8558235846473711,0,1,0
3464,44.57,13,1.5,5.0,1.7080160527281865,0,1,0
3465,35.5,16,1.1,0.3,1.1380284556572189,1,1,0
3466,42.77,14,1.5,7.1,1.1389813297214468,1,1,0
3467,89.63,11,16.5,0.9,1.248835242011185,0,0,0
3468,18.9,15,4.9,5.6,1.3637811862727731,0,0,0
3469,23.8,8,0.7,3.7,1.2899826744807044,1,1,0
3470,496.02,9,84.1,13.9,2.154387600143557,1,0,1
3471,147.93,15,2.7,3.2,0.9909143394699087,0,0,0
3472,19.71,10,6.9,10.3,2.1730372210659485,0,0,0
3473,114.51,16,13.4,3.2,1.0895283702931282,0,1,0
3474,39.93,18,0.2,6.3,0.9433677024431195,1,1,0
3475,42.99,10,1.8,4.9,0.9469664807247382,1,0,0
3476,85.16,11,2.1,4.4,1.0985435835593926,0,1,0
3477,58.3,8,1.5,5.4,0.4805255791893065,0,1,0
3478,179.4,18,3.0,1.8,1.0216531569983587,1,0,0
3479,102.3,9,0.3,2.5,0.2941067181217606,1,0,0
3480,249.78,9,3.3,3.5,0.9911075987201382,0,1,0
3481,8.47,14,5.9,5.5,0.6367603092036183,0,1,0
3482,198.84,19,1.0,11.2,1.015898370320493,0,1,0
3483,89.2,9,1.1,0.7,0.8661652472644967,0,1,0
3484,146.88,14,5.0,3.3,1.0395458651238298,0,1,0
3485,21.33,9,1.8,3.6,0.9940754081995498,1,0,0
3486,24.81,13,0.7,0.2,0.3567559780540279,0,0,0
3487,114.49,11,6.1,5.7,1.1928329148788452,0,1,0
3488,68.67,14,10.3,3.2,0.868528221905779,1,1,0
3489,68.33,21,10.2,0.3,0.9949188823156782,1,1,0
3490,37.28,5,5.3,7.1,1.055056126186345,1,0,0
3491,57.03,12,2.8,3.1,1.0876554277493558,1,1,0
3492,47.43,10,2.1,3.2,1.2702337324138924,0,0,0
3493,93.52,9,16.7,1.9,1.7926485631433513,1,1,0
3494,7.99,15,4.7,4.1,1.4318366463686707,0,1,0
3495,93.0,10,7.4,3.6,0.5976583688034045,1,1,0
3496,83.54,15,17.3,2.8,0.9789723271740522,0,0,0
3497,260.68,7,4.9,1.3,2.6204838811112126,1,0,1
3498,128.85,16,0.1,4.8,1.2437923414664362,0,1,0
3499,55.62,22,2.0,1.9,0.6538379297850894,0,1,0
3500,184.52,15,0.2,11.7,0.8640578954029411,0,1,0
3501,64.66,16,8.4,0.0,0.8887412656090579,0,1,0
3502,194.84,8,2.7,3.0,1.0328117891351452,0,1,0
3503,81.61,9,0.4,3.7,0.4646180905776546,0,1,0
3504,83.48,19,5.6,2.7,0.7121525526743087,1,1,0
3505,84.78,8,1.9,2.5,0.7931863348137256,0,1,0
3506,27.01,5,4.2,3.7,0.9377116477201555,0,1,0
3507,30.81,6,9.1,0.6,1.074415178799753,1,0,0
3508,179.55,10,8.6,6.5,0.6641047546519223,1,1,0
3509,55.29,9,1.4,3.3,1.2281155918574391,0,1,0
3510,77.85,6,9.2,6.3,1.397708822324026,1,1,0
3511,84.79,13,5.3,10.1,1.4223627235765641,0,1,0
3512,6.6,6,2.3,3.2,0.30277889310457584,0,1,0
3513,44.86,14,17.9,0.4,1.7341392293200113,0,1,0
3514,41.52,10,4.5,3.0,1.349335515704958,0,1,0
3515,87.5,10,12.1,0.9,0.49241518181385235,0,1,0
3516,106.59,5,10.8,0.2,1.010621071199549,0,1,0
3517,24.1,11,4.9,2.0,1.153801504443423,0,1,0
3518,98.37,15,2.5,0.3,0.8087287354237466,0,0,0
3519,56.82,19,7.7,3.9,1.351226331260388,1,1,0
3520,101.2,9,1.2,0.4,1.2831896187771425,1,1,0
3521,62.59,10,0.0,1.8,0.9706830219336832,0,1,0
3522,138.85,15,13.9,0.9,0.7369141823118784,0,1,0
3523,45.0,9,8.4,5.0,1.524996936443876,0,1,0
3524,257.42,16,3.1,0.1,0.7027442205301033,0,1,0
3525,27.57,10,20.8,1.4,1.1731769603328013,0,1,0
3526,237.6,8,7.1,1.1,1.4680922831675034,0,1,0
3527,40.91,21,0.4,2.2,0.8715584231948816,0,1,0
3528,190.16,18,2.8,0.6,1.6762226694027287,1,1,0
3529,55.73,13,0.0,2.6,1.342293606707633,1,1,0
3530,115.81,20,0.5,8.5,1.0114932237389098,1,1,0
3531,152.36,14,20.2,0.9,1.0028576131395748,0,1,0
3532,32.67,17,2.3,12.2,0.8860165228426544,0,1,0
3533,161.94,22,0.6,0.4,0.8734508939566554,1,1,0
3534,27.92,13,5.5,0.3,1.7402926057889858,0,1,0
3535,32.37,10,8.4,2.7,0.3399656210378289,0,1,0
3536,192.14,15,3.1,0.8,1.2512264934126796,1,1,0
3537,80.88,9,3.1,6.5,1.1186246067678907,0,1,0
3538,52.88,11,2.7,6.8,1.004017262040148,0,0,0
3539,22.56,16,3.0,1.2,0.9939114126035871,1,1,0
3540,102.01,17,3.0,1.5,0.8965412805418498,1,1,0
3541,28.93,14,16.8,1.0,1.6425224655021018,1,0,0
3542,38.63,23,4.8,0.5,1.0076287739656031,0,1,0
3543,64.06,16,2.6,0.1,1.1097059367568913,0,0,0
3544,160.14,16,0.9,3.3,1.2909042100770338,1,1,0
3545,72.29,22,1.1,4.6,1.370496621378992,1,1,0
3546,12.44,13,5.2,3.0,1.2602998630234707,0,1,0
3547,76.27,17,8.9,1.5,0.769747012435256,0,0,0
3548,131.73,13,5.0,3.7,0.8628843555261001,0,0,0
3549,54.26,3,6.9,8.6,0.33597613563941486,0,1,0
3550,38.28,11,4.8,10.5,1.216477682833192,0,1,0
3551,7.4,18,2.7,1.2,0.5983555521355084,1,1,0
3552,71.76,12,2.8,5.5,0.9902620971531962,1,1,0
3553,102.18,13,5.4,0.0,1.4749779478341623,0,1,0
3554,133.82,9,4.4,1.3,1.0552299602450472,0,1,0
3555,121.15,19,1.2,0.8,1.324723103160951,0,1,0
3556,97.87,13,2.4,4.0,1.4609655496257488,1,1,0
3557,104.38,15,2.6,2.4,1.4593715354550318,1,1,0
3558,97.87,21,5.6,9.6,1.199716216921313,0,0,0
3559,10.38,12,25.5,4.2,0.949125557562747,1,1,0
3560,37.85,20,5.6,2.9,0.6801403714538206,1,1,0
3561,6.86,17,1.7,2.8,0.7727611899686269,1,1,0
3562,38.86,10,18.5,2.6,0.24606945318936635,0,1,0
3563,30.52,11,3.6,0.2,0.8483674155128651,1,1,0
3564,42.97,17,4.7,2.9,0.985238930229598,0,1,0
3565,24.22,15,5.5,5.9,1.071543968219357,0,1,0
3566,96.5,15,1.0,1.8,1.1834178293396744,0,0,0
3567,1.97,23,5.4,0.5,1.2604109225052391,1,1,0
3568,101.61,15,19.1,0.8,0.6749875949565641,0,1,0
3569,80.17,15,5.2,4.5,0.64920334588216,1,1,0
3570,76.34,14,9.8,5.5,0.9553291731024618,1,1,0
3571,533.19,21,83.4,8.8,6.003222216143416,1,0,1
3572,38.44,18,2.2,0.3,1.1938334207590906,0,1,0
3573,174.65,14,8.7,6.9,0.8514478320012395,0,1,0
3574,130.67,12,3.6,2.5,0.1,0,1,0
3575,31.23,10,1.9,0.0,0.6043799918485837,0,1,0
3576,28.02,13,1.1,0.7,1.7240893465821336,0,0,0
3577,90.55,20,0.3,1.2,1.065071168657299,0,1,0
3578,5.85,21,1.7,2.4,0.9921154531921366,1,1,0
3579,109.46,14,3.1,0.3,1.2290189915902556,0,1,0
3580,252.28,7,14.6,0.9,0.8281446450916352,0,1,0
3581,115.05,13,6.5,5.0,0.12481075201880332,0,1,0
3582,162.85,14,14.2,10.9,0.8972355166150037,0,1,0
3583,54.55,6,5.0,6.1,1.1738408807470075,0,1,0
3584,73.55,14,7.2,3.3,0.7453170847085848,0,1,0
3585,5.42,14,5.4,3.0,1.2509673471951923,1,1,0
3586,54.77,16,5.3,12.9,0.49160993482569915,1,1,0
3587,83.42,13,9.9,1.7,1.948688848365983,1,1,0
3588,251.85,10,28.3,9.2,4.657982422948552,0,0,1
3589,305.05,10,11.2,26.0,6.793991326147013,1,0,1
3590,100.17,10,1.6,1.3,0.9073130086381771,1,1,0
3591,26.08,8,0.1,5.7,0.9702436654209007,0,1,0
3592,278.52,19,3.3,50.5,5.628986550496824,0,0,1
3593,35.86,20,0.2,1.8,0.8438651658420908,0,1,0
3594,47.4,12,3.4,1.6,1.1868993223561608,0,1,0
3595,9.99,15,8.9,3.1,0.9307344335220354,0,1,0
3596,21.62,9,0.7,1.1,1.206610849202706,0,1,0
3597,42.0,21,1.8,2.5,0.9574846987792388,0,1,0
3598,127.16,20,2.8,2.3,0.9868601810013051,1,1,0
3599,88.31,10,6.8,1.4,1.182153710560723,0,1,0
3600,64.33,18,2.5,9.5,1.609973538092424,1,1,0
3601,61.53,17,14.4,1.7,1.1248285374874178,0,1,0
3602,148.33,14,0.1,1.3,1.049413443414298,1,1,0
3603,124.85,14,0.5,0.9,0.8141407806612239,1,1,0
3604,29.3,14,2.3,3.5,0.7283832284675907,1,1,0
3605,38.65,17,6.9,2.7,0.4429780866373364,1,1,0
3606,151.62,18,6.6,0.5,1.2077218018470577,1,1,0
3607,124.11,13,1.8,3.3,1.1907254718761044,0,1,0
3608,127.2,14,1.9,1.7,0.5502184981574223,0,1,0
3609,147.71,6,7.8,0.9,1.1652555556104305,0,0,0
3610,84.15,17,7.8,4.2,1.2154380265037996,0,0,0
3611,199.09,17,3.1,0.1,0.788761677162067,1,0,0
3612,128.33,10,5.8,1.9,1.4671882652172996,1,0,0
3613,20.13,15,1.2,2.9,1.138074923619077,0,1,0
3614,69.51,1,5.0,2.2,2.104352251159283,0,0,0
3615,35.92,19,4.2,1.3,0.7923341711326269,1,0,0
3616,105.98,14,1.0,2.6,0.7971337451040573,0,1,0
3617,13.26,11,0.5,0.1,1.5022252953232913,0,1,0
3618,32.33,7,2.3,1.1,1.5871313500921476,1,1,0
3619,89.39,11,8.3,5.7,0.5012381815048201,1,1,0
3620,102.56,10,18.1,2.3,0.5897716279563617,1,1,0
3621,121.99,14,2.2,1.3,1.2404912949121176,0,1,0
3622,23.49,7,5.1,2.3,1.2527744644098786,1,1,0
3623,91.98,13,2.8,1.4,0.9541884427487769,0,1,0
3624,29.78,15,3.9,3.1,0.589549998822688,0,0,0
3625,25.07,7,1.3,4.2,1.5068344511942353,0,1,0
3626,148.33,10,1.0,2.3,0.7838747160314076,0,1,0
3627,93.67,17,3.1,2.7,1.2522579749235168,0,1,0
3628,112.5,7,6.6,66.4,4.2218952246894474,1,0,1
3629,63.32,12,1.5,2.2,0.6661049331328961,1,1,0
3630,185.89,19,2.7,0.4,0.8210993817701862,0,1,0
3631,88.92,15,5.9,2.3,0.8819538259704588,0,1,0
3632,85.22,11,1.9,10.4,1.0620027376615209,0,1,0
3633,22.1,10,5.0,2.6,0.977148306113469,0,1,0
3634,103.02,11,3.6,2.7,0.8750071526849061,0,0,0
3635,42.31,23,5.1,4.3,1.03493316767153,0,1,0
3636,56.55,17,7.1,2.5,1.0139264272273165,1,0,0
3637,177.91,12,3.9,1.1,0.5939336809687652,0,1,0
3638,501.59,11,4.6,39.0,2.076344374254832,1,0,1
3639,71.71,9,5.0,0.7,1.1061740221972822,0,0,0
3640,238.56,19,35.9,1.5,2.4659146688034372,0,0,1
3641,89.18,10,1.1,3.8,1.6203020813371996,0,1,0
3642,112.83,8,3.8,0.2,1.2389351009168572,1,1,0
3643,48.92,5,0.2,2.6,1.8986275832814423,1,0,0
3644,53.23,10,4.3,0.3,1.7052968811694198,1,1,0
3645,55.85,10,6.8,1.6,0.9922312787326047,1,1,0
3646,54.78,8,0.5,3.9,0.5984472603812936,0,1,0
3647,27.18,14,1.7,0.8,0.5506549240437366,0,1,0
3648,96.87,17,0.6,1.7,1.0602688608706312,0,1,0
3649,28.34,13,0.1,0.1,0.8608918168225874,0,1,0
3650,45.06,11,2.5,0.8,1.1087076632169424,0,0,0
3651,98.16,4,6.7,0.8,0.5787841206820468,0,1,0
3652,167.73,14,7.3,2.9,0.7823970078150058,0,1,0
3653,128.18,13,6.0,1.8,0.9239567299519312,0,1,0
3654,37.44,10,0.8,5.3,1.0204341498732077,0,1,0
3655,26.85,13,0.9,6.3,0.8043536718393609,0,1,0
3656,129.3,15,8.4,4.0,1.2433808772636745,1,1,0
3657,152.94,20,1.7,1.9,1.1415217810875018,1,1,0
3658,63.27,18,3.1,1.1,0.9143359442955121,0,1,0
3659,70.64,18,3.5,0.7,0.8106654944054488,0,1,0
3660,44.42,17,17.0,0.0,0.7139228794578614,0,1,0
3661,390.98,15,42.3,26.2,6.626711836090113,1,1,1
3662,23.94,21,7.5,10.9,1.3455687270275045,0,1,0
3663,9.02,17,2.6,1.5,0.523185056123834,0,1,0
3664,115.09,12,19.0,2.2,0.7341573982392534,0,1,0
3665,99.98,17,6.1,1.8,0.7115276400315282,0,1,0
3666,114.61,6,24.4,34.8,5.386862225084656,1,0,1
3667,68.22,18,2.2,5.0,0.7652418036221524,0,1,0
3668,66.32,12,4.9,1.2,0.7472918208468315,0,0,0
3669,35.2,14,12.5,4.4,0.5269155064983155,0,0,0
3670,51.4,14,2.0,3.3,1.1533980949737153,0,1,0
3671,103.08,9,0.3,5.2,1.1942089260805888,0,1,0
3672,247.63,7,1.7,0.5,0.9426724561213168,1,1,0
3673,40.71,13,8.0,0.7,0.4006129375817947,0,0,0
3674,212.55,15,5.9,3.6,0.5606177425267983,0,1,0
3675,70.15,15,7.2,3.6,0.7049195922133098,0,1,0
3676,36.28,11,0.6,2.1,1.4305217764977312,0,0,0
3677,27.01,14,0.8,4.1,0.9932586920204832,1,1,0
3678,75.6,11,8.4,0.4,0.9245067799753443,1,1,0
3679,14.6,10,2.7,1.1,1.221058530460743,0,1,0
3680,27.9,4,3.3,0.9,1.0228279384516554,0,1,0
3681,73.17,15,6.7,2.6,0.20000223885275714,1,0,0
3682,132.27,13,4.0,1.5,1.5675726612833722,0,1,0
3683,71.51,19,0.5,2.7,1.2095628017804667,0,0,0
3684,104.81,6,13.2,1.0,0.9659524578179892,1,1,0
3685,36.01,19,3.0,0.2,0.7547887909686417,1,1,0
3686,30.28,13,2.3,0.3,0.6969249774095083,0,1,0
3687,10.85,16,20.2,0.0,1.5151696747284613,1,0,0
3688,139.7,12,1.8,4.2,0.7539989617013241,1,1,0
3689,105.47,17,5.8,4.6,0.9567838886678646,0,0,0
3690,23.7,15,15.3,3.4,2.1147787270037757,0,1,0
3691,130.68,17,2.1,1.0,0.9474660897609442,0,0,0
3692,86.04,20,8.5,7.7,1.1243331907075396,0,1,0
3693,70.37,17,2.1,2.0,0.2687703870462843,0,1,0
3694,139.13,10,5.4,3.0,1.086486744890276,1,1,0
3695,145.29,13,4.9,2.2,1.2538398949082603,0,1,0
3696,173.8,15,5.4,6.6,1.4862923884244394,0,1,0
3697,40.54,10,29.0,1.2,0.8841958637757868,1,1,0
3698,165.04,10,2.9,0.3,1.5745015254619437,1,1,0
3699,67.03,14,4.1,0.2,1.0926620553954633,1,1,0
3700,99.54,11,6.8,6.2,1.343669049202529,0,1,0
3701,73.78,17,27.2,2.7,1.1910248710892775,1,1,0
3702,82.93,7,4.6,3.0,0.2602238986018499,1,1,0
3703,70.74,15,1.1,0.4,1.2351165173507999,0,1,0
3704,86.35,13,0.1,7.4,1.230388901576065,0,1,0
3705,79.4,12,4.3,12.7,0.8220623269130227,1,1,0
3706,20.4,15,2.3,7.6,1.0483013382311,0,1,0
3707,85.23,17,7.7,1.7,0.7483075494809954,0,1,0
3708,120.36,13,16.7,6.1,0.5444539113098992,1,1,0
3709,17.22,17,2.9,1.8,1.2970937099487148,0,1,0
3710,42.95,15,0.3,5.0,0.20683381437111714,1,0,0
3711,64.48,7,0.0,4.4,1.4224264677670042,0,1,0
3712,201.14,16,1.9,0.1,1.6773858148501932,0,0,0
3713,36.46,8,0.6,4.5,1.4038777040680859,0,0,0
3714,41.74,9,1.7,0.1,1.1173839826349556,0,1,0
3715,91.3,18,4.0,7.6,1.408083136829823,0,1,0
3716,115.94,20,7.2,54.4,4.231339997091952,0,0,1
3717,10.46,15,1.7,12.7,0.5623785914090829,0,1,0
3718,224.1,19,48.0,28.5,2.8976055693494853,1,0,1
3719,59.05,17,9.5,1.4,0.33639034643380716,0,1,0
3720,105.94,15,7.2,0.5,0.2277698764514383,0,1,0
3721,68.16,14,10.3,0.4,0.20703222458150272,0,1,0
3722,51.15,15,9.3,0.2,0.18872638365111827,0,1,0
3723,43.82,12,11.7,0.9,0.1,1,1,0
3724,38.72,13,2.1,0.8,0.7929080716514914,0,1,0
3725,97.97,11,3.6,2.1,0.7766799036742091,1,1,0
3726,251.51,17,5.7,1.9,0.43776899620734266,1,0,0
3727,105.39,19,0.7,0.4,1.4803569365124505,0,1,0
3728,80.41,11,1.3,6.7,0.9969037819127936,0,1,0
3729,161.86,14,10.9,3.5,1.1586368253504256,0,1,0
3730,4.21,7,4.0,2.4,1.060059752184776,0,1,0
3731,17.52,9,4.1,3.1,1.1568581112011205,0,1,0
3732,132.5,17,0.6,1.6,0.9192940695402895,1,1,0
3733,6.31,13,2.3,2.4,0.6222392644581661,0,1,0
3734,189.85,10,6.8,0.6,0.3609597498922472,0,1,0
3735,42.66,9,8.9,0.9,1.2922956125225151,0,1,0
3736,20.83,13,9.4,0.1,0.5262996654411425,1,1,0
3737,157.69,22,0.0,5.4,0.5784265034773813,0,1,0
3738,5.63,19,9.0,2.6,0.71589957683177,0,1,0
3739,129.06,16,6.6,6.4,0.13491331644535276,1,1,0
3740,63.81,3,11.1,3.8,1.0358865872342198,0,1,0
3741,152.37,12,3.9,4.8,1.6417662038920167,1,1,0
3742,52.17,13,4.0,0.4,1.3305417942533553,0,0,0
3743,77.32,13,7.0,2.2,0.24112768548687136,0,1,0
3744,57.88,16,17.9,1.1,0.3766196392874145,0,0,0
3745,141.89,9,3.2,0.7,0.3301668303111778,0,1,0
3746,30.85,15,8.5,0.6,1.7434169274340765,0,0,0
3747,98.12,12,3.1,3.0,0.8899898105240343,0,1,0
3748,115.62,13,1.8,0.1,1.1370345892324603,1,1,0
3749,52.53,8,2.5,7.6,0.8367623467153704,0,0,0
3750,78.85,6,2.9,0.8,1.6887558803030154,0,1,0
3751,11.51,9,3.7,0.1,0.932093723440782,0,0,0
3752,34.08,16,19.3,0.9,1.1666407064171809,1,1,0
3753,51.94,9,3.4,1.0,1.0061265739297378,0,1,0
3754,37.17,12,4.2,0.0,1.0146112754701162,1,1,0
3755,167.59,14,1.6,3.0,0.7202439391506383,1,1,0
3756,183.29,20,14.4,0.2,0.667343771952039,0,1,0
3757,30.5,3,0.9,1.5,0.9908463411757688,0,1,0
3758,22.88,13,4.7,0.3,1.3300831308032637,0,1,0
3759,308.75,17,4.0,2.4,0.1,0,0,0
3760,160.68,11,1.2,18.6,0.7712342611212428,0,0,0
3761,476.63,14,28.8,59.4,7.142834627394556,0,0,1
3762,6.49,15,3.3,2.7,0.535863039759201,0,1,0
3763,51.51,18,7.7,3.7,0.8617617502559131,0,1,0
3764,134.12,13,4.9,3.2,0.9784786785673731,0,1,0
3765,13.28,14,0.7,0.8,0.7965572813050077,1,1,0
3766,102.8,9,4.3,0.2,0.8292361133432096,0,1,0
3767,180.81,15,1.1,2.4,1.0726090168303333,1,1,0
3768,1.07,17,17.6,4.4,0.8131317417287157,1,1,0
3769,548.53,4,24.3,1.9,1.8671981264671325,1,0,1
3770,155.63,13,14.1,1.4,1.0560768517209362,0,1,0
3771,27.49,8,6.1,3.8,0.6754300800369165,0,1,0
3772,86.19,10,0.6,6.9,1.056244855890429,0,0,0
3773,49.82,14,31.6,0.0,0.8981601460658295,0,1,0
3774,231.87,14,5.3,2.9,0.47842842497911353,0,1,0
3775,31.77,11,4.3,4.0,0.3669266121303377,0,0,0
3776,93.18,4,7.3,3.8,0.6449740515025624,1,1,0
3777,22.68,5,5.9,1.6,0.9357863452045491,0,0,0
3778,90.4,14,4.1,3.8,1.7179422363045265,1,1,0
3779,71.59,11,4.9,0.9,1.2778768025919587,1,0,0
3780,98.47,16,5.2,3.6,1.2062198532286796,0,1,0
3781,425.72,7,37.5,56.6,4.376701244700084,0,0,1
3782,116.98,6,0.3,2.9,1.2895675258616581,1,1,0
3783,25.18,17,5.0,3.0,1.2197837241605725,1,0,0
3784,31.36,17,0.8,0.2,0.43613583589854366,1,1,0
3785,80.55,15,19.7,5.4,0.6168822401799874,0,1,0
3786,40.82,13,1.2,0.9,0.9593963259983811,0,1,0
3787,62.25,18,24.1,5.3,0.8103095511223538,1,1,0
3788,6.76,15,2.9,0.5,1.2332308426276748,0,1,0
3789,59.83,5,0.7,0.1,1.0926100221477488,0,0,0
3790,121.08,14,4.0,2.9,1.0141260916913781,1,1,0
3791,40.02,16,17.9,10.4,1.462286531880683,1,0,0
3792,53.03,19,3.9,0.5,1.1817569378648884,1,1,0
3793,38.24,18,0.3,0.6,1.0102542187789942,0,1,0
3794,68.62,15,4.0,6.9,0.7072911978992236,0,0,0
3795,21.81,9,4.2,2.7,0.8228108808020512,1,1,0
3796,66.41,10,1.5,11.9,1.0062505634824404,0,0,0
3797,40.46,7,4.9,1.1,0.5047300968480486,1,1,0
3798,77.27,9,5.6,7.5,1.7400479002411873,0,1,0
3799,29.47,18,1.5,0.6,0.8846648247001365,0,1,0
3800,49.49,18,1.5,1.2,0.9947152028759983,0,0,0
3801,118.85,15,1.8,1.4,0.991313635561711,1,1,0
3802,37.63,15,6.6,4.3,1.1922619495037363,0,1,0
3803,103.46,8,6.5,4.4,2.0441817481884073,0,1,0
3804,5.02,11,1.1,3.1,1.3918137691288672,1,1,0
3805,34.93,10,5.2,7.1,0.8212218830690667,0,1,0
3806,155.82,10,0.0,5.1,1.2183568019237276,0,1,0
3807,34.95,16,5.0,1.0,1.3714580305328115,0,1,0
3808,68.42,20,2.4,0.8,1.2265829309337213,0,1,0
3809,83.51,14,0.6,1.4,1.4946699334774882,1,1,0
3810,32.46,14,5.1,1.4,0.3714608929892844,1,1,0
3811,24.95,12,43.2,5.2,0.7022995242096368,1,1,0
3812,67.26,17,1.7,2.4,1.4240243451409909,0,1,0
3813,166.15,13,0.1,1.2,0.9553022623615486,0,1,0
3814,46.4,8,6.7,0.5,1.5991938245584312,0,1,0
3815,105.47,13,5.2,0.3,0.7032507440015425,1,1,0
3816,115.2,3,1.3,17.7,0.8709655874700334,0,1,0
3817,162.71,11,1.6,6.9,1.0577889682639596,1,1,0
3818,62.69,9,0.6,4.4,0.881159783833794,0,1,0
3819,91.91,13,6.0,2.7,1.750033018791307,1,1,0
3820,49.07,15,6.8,0.8,1.478948004464984,0,1,0
3821,44.57,13,2.1,2.6,1.0051098878617057,0,1,0
3822,183.13,11,5.2,2.6,0.4426863091707056,0,1,0
3823,157.71,14,2.1,0.1,0.6605015856880936,0,0,0
3824,112.29,9,2.3,0.9,1.319510365491851,0,1,0
3825,75.18,16,1.4,7.9,1.1159509416461117,0,0,0
3826,35.39,20,0.9,2.2,1.221866423241201,0,1,0
3827,96.12,13,3.9,10.9,1.0075047947598017,0,1,0
3828,45.61,16,5.0,1.4,1.6083315232396649,0,1,0
3829,103.18,16,4.9,6.8,1.4653498150008382,0,1,0
3830,60.09,17,1.1,3.5,1.0285082605138895,1,0,0
3831,196.48,18,2.6,2.8,1.4217680401833828,0,1,0
3832,75.94,15,11.3,10.5,1.2522262618213342,1,1,0
3833,104.73,20,1.6,1.7,0.1732591645631828,0,1,0
3834,38.98,11,1.2,0.4,1.5274809533846438,0,1,0
3835,74.55,13,0.3,0.9,1.0751300253024645,1,1,0
3836,25.23,14,0.3,2.1,0.9945194045242979,1,0,0
3837,759.1,16,32.2,0.7,5.305108158837416,1,0,1
3838,101.31,14,3.0,0.9,0.5045040406544795,1,1,0
3839,118.91,14,3.3,7.9,0.6184316799216358,0,1,0
3840,12.15,4,2.9,0.9,0.8601492827764451,1,1,0
3841,419.47,17,7.3,25.5,4.846922164704715,1,0,1
3842,30.09,17,1.6,0.8,1.215510828913892,1,1,0
3843,16.86,6,7.5,1.1,0.5852703276237275,0,1,0
3844,57.5,12,8.9,2.2,2.0157714289806403,0,1,0
3845,150.1,13,3.9,0.3,1.3455954487614012,0,1,0
3846,75.1,12,6.1,7.7,0.6643459028120202,0,1,0
3847,125.36,1,40.7,8.6,8.92851894620906,1,0,1
3848,30.57,11,0.5,0.2,0.8993200802547643,0,1,0
3849,518.12,8,1.2,17.8,1.5,1,0,1
3850,85.91,21,8.7,1.8,0.3380789360233716,1,0,0
3851,44.0,16,0.5,1.3,0.7539442121287682,0,1,0
3852,3.1,18,2.4,4.8,1.3638485847572055,1,1,0
3853,60.73,6,3.9,1.1,0.6982815292285331,1,1,0
3854,70.64,18,6.4,1.0,0.790419820304219,0,1,0
3855,72.24,14,7.7,0.9,1.5216940454064392,0,0,0
3856,380.15,22,0.5,20.5,1.5,1,1,1
3857,65.69,12,17.3,3.3,0.36141134499213345,1,1,0
3858,70.16,7,3.6,3.4,0.6871548208257282,1,1,0
3859,21.03,16,6.2,2.5,1.3722412402869528,0,1,0
3860,75.53,13,0.8,1.5,0.660219326932135,1,1,0
3861,281.52,6,10.4,1.5,2.141021246781848,0,0,1
3862,109.42,11,1.1,10.9,0.7490760105438552,1,1,0
3863,83.45,18,2.1,3.8,1.6316673242801634,0,1,0
3864,22.36,19,1.8,4.5,0.9756853914523597,0,1,0
3865,18.21,13,0.2,0.1,1.5364116467781197,0,1,0
3866,77.8,15,0.1,3.0,0.7911373310627592,1,1,0
3867,46.78,9,1.8,1.3,1.2113666697002172,0,0,0
3868,120.44,7,1.8,1.3,0.6152765241737544,0,0,0
3869,21.38,11,9.4,4.0,0.35257937161670905,1,1,0
3870,186.15,23,3.9,2.2,0.9086190297829375,0,1,0
3871,45.5,16,1.3,0.1,0.8932038465384299,0,1,0
3872,110.86,13,21.4,3.7,0.9933901273150963,0,1,0
3873,82.17,10,13.0,8.8,1.0970682989531606,1,1,0
3874,50.48,22,9.6,3.2,0.6973618496797807,0,1,0
3875,91.03,15,18.7,5.7,0.9050324332634629,0,0,0
3876,26.39,10,1.3,1.6,0.6176895901730037,0,1,0
3877,86.44,2,45.4,8.2,8.412688530882463,1,0,1
3878,34.03,18,5.3,3.4,1.299200442533162,0,1,0
3879,23.18,12,1.7,3.3,0.6354808348830762,0,0,0
3880,124.75,14,18.7,4.6,1.0738307918138221,0,0,0
3881,51.03,13,4.7,8.9,0.607774463161705,1,0,0
3882,215.47,20,5.6,2.5,1.6222435967569004,0,1,0
3883,14.84,12,0.3,2.8,0.7406921983653814,0,0,0
3884,83.56,11,2.7,4.1,1.1485567246793038,1,0,0
3885,147.86,14,0.5,1.5,0.8747836899553474,1,1,0
3886,54.06,12,4.3,1.3,1.0297222101782062,0,1,0
3887,181.75,13,12.0,1.4,1.065662666650804,0,1,0
3888,92.3,13,4.6,4.4,1.1274388945806704,0,1,0
3889,182.81,9,11.8,3.5,0.8672147546793577,1,0,0
3890,61.28,13,4.2,0.4,0.532146063966242,1,1,0
3891,93.47,10,10.8,3.7,0.8044273569786948,0,1,0
3892,19.25,14,11.9,0.7,0.9533721532801597,0,1,0
3893,70.02,11,10.0,3.3,1.2931443538855891,1,1,0
3894,163.75,13,8.1,5.1,1.7466255752152227,1,1,0
3895,102.24,22,4.3,2.2,1.144105915768893,0,1,0
3896,68.44,18,3.7,0.2,0.38245267861788723,0,1,0
3897,39.0,18,1.2,1.7,0.40664248400457204,0,1,0
3898,103.14,16,1.0,0.5,0.9507875088664373,0,1,0
3899,71.92,15,35.1,1.3,0.6302286694050133,0,1,0
3900,121.09,10,18.8,1.2,0.8244206602789196,0,1,0
3901,178.24,8,2.2,3.2,0.994208199629411,0,1,0
3902,254.88,16,2.8,0.9,1.0944539356331129,0,0,0
3903,21.25,12,15.1,2.5,1.0107172934505675,0,1,0
3904,17.35,15,14.1,2.5,0.8535308092306693,0,0,0
3905,55.22,13,7.2,1.5,1.1197780237547472,0,1,0
3906,120.08,15,2.9,12.3,0.7161941110636763,0,1,0
3907,186.24,7,8.6,1.9,1.5506860837043908,0,0,0
3908,61.94,11,9.1,5.3,1.0732401598282806,0,0,0
3909,104.62,11,2.9,0.2,1.564051319160411,0,1,0
3910,94.07,16,1.2,0.5,0.8769857876629905,1,1,0
3911,296.46,14,2.6,13.8,0.36274977868300273,0,1,0
3912,68.61,15,0.6,4.7,1.1162571653086704,0,1,0
3913,115.87,10,1.2,13.9,0.3338935965048664,0,1,0
3914,16.38,9,7.6,2.0,0.569774251804825,0,1,0
3915,70.38,15,16.8,3.8,1.9194582801506397,0,0,0
3916,205.07,16,0.7,1.5,0.9396882297310938,0,1,0
3917,57.67,10,9.5,0.7,1.1952692887411671,0,1,0
3918,52.09,13,1.7,9.6,0.8883307909688803,0,1,0
3919,57.43,14,2.7,3.1,1.2611776846491667,0,1,0
3920,88.9,13,5.5,0.5,0.48420612510927286,0,0,0
3921,33.73,16,0.6,0.7,0.4207614176720461,0,1,0
3922,122.96,21,6.8,4.7,1.051278812035263,0,0,0
3923,166.17,18,0.3,1.1,0.9339805185918837,0,1,0
3924,9.57,12,11.5,2.2,0.7795124097212928,0,1,0
3925,30.49,13,2.5,5.9,1.3422286326243316,0,0,0
3926,60.44,12,4.0,2.2,0.926015630952547,0,0,0
3927,77.2,13,0.8,17.1,1.2449009514253795,0,1,0
3928,57.37,11,3.2,1.8,0.8651644886490667,1,1,0
3929,90.56,9,1.2,2.6,0.558692275876493,0,1,0
3930,88.89,11,6.6,0.7,1.0213355051758721,0,0,0
3931,65.63,7,1.9,0.5,0.8996210238312897,1,1,0
3932,59.65,18,3.5,0.9,0.660406748904162,0,1,0
3933,200.0,16,2.3,0.4,0.5824301173735527,0,1,0
3934,40.84,13,0.2,5.6,0.9740464168584336,0,1,0
3935,29.57,8,1.4,7.5,1.24505760287878,0,1,0
3936,139.56,10,6.6,0.6,1.3632903235006286,0,1,0
3937,20.41,12,2.6,7.6,1.4399012660990427,0,1,0
3938,216.49,11,5.7,7.8,1.5313572022490791,0,1,0
3939,105.26,22,6.0,0.6,1.3459986522373428,1,1,0
3940,9.0,12,5.6,1.0,1.5964917578971214,0,1,0
3941,80.35,20,1.2,0.3,0.5363121378472804,1,1,0
3942,66.73,16,7.2,2.9,0.8739672627427457,0,1,0
3943,121.02,16,5.4,3.9,1.1782604401417127,1,1,0
3944,18.6,9,5.1,1.2,0.537837206678369,1,1,0
3945,31.59,19,3.7,6.6,1.284658879467857,0,0,0
3946,56.71,8,0.3,5.9,0.941500920250404,0,1,0
3947,56.57,17,1.8,2.5,0.9640138421730179,0,1,0
3948,37.79,16,1.6,6.5,0.9576488358164639,0,1,0
3949,107.37,14,11.1,1.9,1.4083296639365377,1,0,0
3950,35.94,12,2.1,1.3,0.7834083450573048,0,0,0
3951,94.24,9,1.4,2.9,1.2731440762764086,1,1,0
3952,111.73,16,0.7,3.1,1.7179179314232593,0,1,0
3953,73.89,16,0.2,0.7,0.8678729150365266,1,1,0
3954,11.69,14,0.5,1.8,0.6354894793454433,0,1,0
3955,57.97,11,6.6,4.3,1.0988288179029682,0,0,0
3956,21.58,11,3.6,3.6,1.194276491733058,1,1,0
3957,158.75,18,1.6,1.0,1.0394756654052795,0,1,0
3958,185.11,13,7.3,0.7,1.4360468326929265,1,1,0
3959,158.17,13,1.4,1.2,1.031829421140579,0,1,0
3960,53.08,12,8.3,0.7,1.3144952648827024,0,1,0
3961,104.61,10,0.2,4.1,1.5704821343720325,0,1,0
3962,69.45,16,4.4,1.4,1.0501560403693797,1,1,0
3963,63.38,4,3.3,1.9,1.0685726313468147,0,1,0
3964,66.94,8,0.2,3.7,1.0842214266464598,0,1,0
3965,38.02,12,8.9,5.0,0.7311776508941947,0,1,0
3966,29.1,8,4.5,6.2,1.1550448293122673,1,1,0
3967,98.07,15,7.8,4.9,1.107051021214543,0,1,0
3968,59.04,15,4.0,0.4,1.5105562174603837,1,1,0
3969,17.95,14,6.1,4.8,1.0868882536672646,0,1,0
3970,64.31,13,4.4,0.6,0.124681193664119,1,1,0
3971,34.93,16,0.4,6.9,1.7018274745487338,0,0,0
3972,106.01,13,22.9,1.7,1.671555413799588,0,1,0
3973,69.11,20,0.5,2.5,0.7511950191446205,1,1,0
3974,69.31,18,12.9,1.3,0.18156555592182588,1,1,0
3975,64.26,8,11.4,1.2,1.3801676134287488,1,1,0
3976,65.28,13,5.1,0.4,0.6776117943856822,0,0,0
3977,63.38,6,0.0,4.0,1.036571453429684,0,0,0
3978,54.22,12,0.6,13.6,1.1828732239442026,1,1,0
3979,56.21,7,5.1,0.4,1.137266090308182,1,0,0
3980,82.05,19,0.4,0.1,1.8552492893112236,0,1,0
3981,5.17,16,8.1,2.3,1.7969338419942988,0,1,0
3982,14.77,14,12.9,1.3,0.9024320230632241,1,1,0
3983,77.14,16,0.8,0.8,0.5953963069043158,0,1,0
3984,60.43,16,11.7,2.7,1.0497562086365524,0,1,0
3985,143.84,11,10.0,0.6,1.2039765540580776,1,1,0
3986,16.44,8,5.2,0.5,0.6734008335214929,0,1,0
3987,24.84,9,9.7,11.9,1.2963603877772472,0,1,0
3988,39.4,17,1.4,6.4,1.0300526490049722,0,1,0
3989,82.67,13,6.2,0.9,1.142258334311274,1,0,0
3990,214.95,14,19.8,3.3,0.92061907803914,0,1,0
3991,116.54,6,0.9,2.3,0.5864940966467909,0,1,0
3992,83.1,9,2.0,1.0,0.4315829937150263,0,1,0
3993,40.36,14,2.1,4.0,0.9443732500316759,1,1,0
3994,494.38,20,15.3,97.2,7.1508703294357865,1,0,1
3995,91.73,18,6.7,3.1,1.0144900613097656,0,1,0
3996,27.79,10,5.0,4.9,1.214484870137548,0,0,0
3997,8.44,17,12.4,2.7,1.2878437814006594,0,1,0
3998,83.54,17,1.6,3.0,1.010293602713518,0,1,0
3999,16.64,13,0.0,4.7,1.4682084489902558,0,1,0
4000,29.16,10,4.1,6.0,1.260234254804292,0,0,0
4001,143.07,5,10.9,1.0,0.7182990868791386,1,1,0
4002,93.4,10,1.9,1.1,0.17525615429139785,0,1,0
4003,125.04,23,5.4,7.0,0.8235822138389705,1,1,0
4004,51.06,14,3.1,1.4,1.4844349641078094,1,1,0
4005,70.67,14,4.3,5.2,1.1290471740968926,0,1,0
4006,78.89,18,7.9,3.1,1.0812091876439542,0,1,0
4007,132.29,12,12.3,0.8,1.3242013676345006,0,1,0
4008,32.03,20,5.9,9.6,0.895933431802099,0,1,0
4009,83.9,10,2.3,9.6,1.2084776813659222,0,0,0
4010,71.31,6,2.6,1.3,1.1666809320811544,0,0,0
4011,89.19,12,3.6,0.7,1.5212015882496064,0,1,0
4012,91.77,18,2.3,0.5,1.7136674736810211,0,1,0
4013,25.11,12,0.5,2.3,1.061856179556334,1,1,0
4014,41.37,8,5.2,7.0,0.4405760867611801,1,1,0
4015,157.68,12,4.6,5.6,1.1904365274809097,1,1,0
4016,53.1,18,5.1,5.2,0.736631881254435,0,1,0
4017,22.24,14,3.5,5.7,0.7843520118116394,0,1,0
4018,53.38,6,2.3,3.8,0.9639827960971674,1,1,0
4019,61.19,4,2.4,3.8,0.6342365832003813,1,0,0
4020,31.58,13,1.6,5.1,1.141730693613884,0,0,0
4021,83.07,14,6.8,5.9,1.1938652113329253,0,1,0
4022,218.71,23,1.9,1.0,0.9825706943193332,1,1,0
4023,63.06,16,2.9,1.1,0.6923456963848291,1,0,0
4024,55.54,14,0.1,2.3,0.9383760736400727,0,1,0
4025,90.72,10,0.9,0.7,0.8177539523858932,0,1,0
4026,91.35,14,5.2,10.1,1.1823968595065613,0,1,0
4027,26.12,14,1.9,6.9,1.7405239779849888,0,0,0
4028,59.98,19,11.5,4.2,0.2966011801414725,0,1,0
4029,26.78,14,2.5,1.5,1.270696553066511,0,1,0
4030,86.7,17,6.2,2.4,1.483949060168508,1,1,0
4031,335.88,12,3.9,5.1,1.2425402810075634,0,1,0
4032,50.72,15,5.2,3.6,0.3354352944696021,1,1,0
4033,24.86,12,4.2,2.2,1.3861307769798532,0,1,0
4034,55.26,15,0.4,2.0,0.8457281629454114,0,0,0
4035,28.98,19,14.4,1.2,1.4391396522981548,1,1,0
4036,5.04,15,19.6,5.5,1.6013272146669593,0,1,0
4037,132.2,7,2.2,1.1,1.1380740285274151,0,1,0
4038,78.39,10,0.7,9.6,0.940160059420709,0,0,0
4039,39.01,10,1.0,0.1,1.0705138637218705,1,1,0
4040,262.16,22,0.7,0.1,0.9439524572763235,0,0,0
4041,160.73,17,11.8,0.4,1.1497473737216333,0,1,0
4042,44.55,15,4.3,1.3,1.0739382899160144,1,1,0
4043,106.01,18,0.8,5.1,0.9189412687208629,1,1,0
4044,127.26,18,3.1,4.1,1.062138722356886,1,1,0
4045,19.68,15,1.9,1.0,1.0988129122312784,0,0,0
4046,260.38,13,1.1,2.4,0.8210983876551354,0,1,0
4047,29.01,15,0.6,1.1,1.506032481204055,0,0,0
4048,82.96,23,2.4,0.4,1.6130801029998767,0,1,0
4049,48.73,15,0.6,0.7,1.1554759694630405,0,1,0
4050,128.81,12,1.5,0.0,2.01133882202142,1,1,0
4051,38.01,20,1.7,8.4,1.3215282279816158,0,1,0
4052,89.1,13,13.1,1.1,1.0777370745711499,1,1,0
4053,155.67,13,0.8,1.6,0.7416042083628129,1,1,0
4054,108.42,11,0.6,1.2,0.7149435788971991,0,1,0
4055,66.43,11,4.4,2.2,0.9376182029524049,0,1,0
4056,74.74,13,5.9,0.8,1.5060732151888927,1,1,0
4057,66.0,15,14.0,0.9,1.0612242587482719,1,1,0
4058,86.83,7,0.3,1.8,0.5895152266762238,0,1,0
4059,30.12,15,8.5,2.5,0.907501917139645,0,1,0
4060,113.29,9,2.9,0.3,0.9677195418177481,0,1,0
4061,39.56,11,7.4,2.4,1.5156450498212095,1,1,0
4062,35.73,12,7.7,1.5,0.43203836869064516,1,1,0
4063,39.1,16,2.9,0.3,1.9112522603872386,0,1,0
4064,181.75,19,0.2,1.0,1.2223844530966905,0,1,0
4065,36.75,12,0.2,3.0,0.8381653429476185,1,1,0
4066,69.76,16,5.0,0.7,0.6680710203211122,0,1,0
4067,59.06,17,2.5,5.4,1.4567726375016155,0,1,0
4068,41.31,16,0.9,8.3,1.2109145713762695,1,1,0
4069,172.06,21,64.9,5.8,3.8492611525789298,1,0,1
4070,86.8,11,17.7,1.2,1.705693764489403,0,1,0
4071,92.8,8,14.3,10.2,0.4642799463891538,0,0,0
4072,46.5,9,8.8,8.2,1.076151680721106,0,0,0
4073,46.01,19,9.6,1.8,0.8508450779761528,1,1,0
4074,26.06,15,8.8,2.2,0.6866285149723168,1,0,0
4075,160.4,20,4.9,1.7,0.36610941627983884,1,1,0
4076,29.18,12,11.0,0.9,0.9809979154608105,1,1,0
4077,10.28,11,17.7,1.3,1.2354939646480725,0,1,0
4078,61.7,15,1.1,0.6,0.8458493742793693,0,1,0
4079,136.83,10,6.9,1.2,1.2508350918829596,0,1,0
4080,71.94,13,4.6,1.5,1.1275835673018368,0,1,0
4081,23.42,9,9.7,0.3,1.6622526223668666,0,1,0
4082,182.66,10,1.2,0.7,1.1390780314456,1,1,0
4083,124.37,12,5.1,13.5,0.8169862739174307,1,1,0
4084,48.16,8,3.1,0.4,1.3786847648233254,0,1,0
4085,54.02,18,2.4,1.1,1.0627953781056645,1,1,0
4086,133.67,12,2.7,6.1,1.073303282171139,0,1,0
4087,26.43,14,15.9,3.7,1.4892697680145621,0,1,0
4088,127.68,16,5.5,2.0,1.38837917844669,1,0,0
4089,155.25,14,4.9,11.3,0.8085813504470857,1,0,0
4090,132.08,10,7.6,0.4,0.5850209558500752,1,1,0
4091,71.05,16,19.2,0.7,1.7548574447620922,0,0,0
4092,63.37,16,9.9,0.6,0.7667394313449154,0,1,0
4093,70.6,11,3.2,1.9,0.7831877032360199,0,1,0
4094,110.38,15,4.6,5.9,1.0237342461998853,1,1,0
4095,107.8,17,1.8,2.2,1.0419866265621878,1,1,0
4096,15.98,17,2.3,2.8,0.3832272488916516,0,1,0
4097,44.13,16,9.3,0.5,1.140031201907009,1,1,0
4098,37.8,16,12.9,2.8,0.6005786915871236,0,1,0
4099,36.9,15,6.8,3.1,1.1848146312183712,0,0,0
4100,169.89,14,1.4,2.7,1.315302136516551,1,0,0
4101,18.56,15,9.2,1.7,1.3659802204981486,1,1,0
4102,41.53,15,3.6,0.5,1.0939810631386955,1,1,0
4103,10.4,13,1.6,0.8,0.8572120225775518,0,1,0
4104,7.34,17,13.0,0.8,0.9238723539652618,0,1,0
4105,172.89,9,0.9,0.6,1.2668696933402617,0,1,0
4106,64.32,9,0.0,2.3,0.7463060498207271,1,1,0
4107,41.42,16,5.7,4.5,1.07148588061189,0,1,0
4108,300.21,14,3.1,2.4,1.157633921734245,1,1,0
4109,44.69,13,7.1,0.7,1.1399967163006053,0,1,0
4110,193.68,16,4.1,0.4,0.9761779573662807,0,1,0
4111,78.59,11,2.3,0.5,1.011062186360269,1,1,0
4112,75.59,11,4.3,0.5,1.0201576930010021,1,1,0
4113,23.88,8,4.7,0.7,1.1197775520669309,0,1,0
4114,49.12,13,0.6,0.2,1.7034522100098828,1,1,0
4115,36.24,12,2.7,1.2,1.3470061214541678,1,1,0
4116,17.09,10,0.9,2.0,0.8305479099368186,0,1,0
4117,56.97,6,6.5,0.7,1.595140358756145,0,1,0
4118,21.36,14,2.7,1.8,1.4645728976863457,1,0,0
4119,14.05,13,8.3,0.4,1.296474417915109,0,1,0
4120,44.72,17,4.8,4.3,1.523050409821603,1,1,0
4121,65.15,17,1.1,0.2,1.1246610067593061,1,1,0
4122,179.19,19,85.4,4.9,3.637854888244962,1,0,1
4123,349.73,12,5.0,0.9,1.5629000433937255,0,0,0
4124,20.42,17,7.2,7.1,0.8109553425983924,0,1,0
4125,24.32,13,2.3,2.2,1.2417960059289987,1,1,0
4126,65.98,9,10.0,1.1,0.9338795587616222,0,1,0
4127,125.43,8,0.8,6.2,1.0729057061264153,0,1,0
4128,133.33,12,5.6,13.0,2.1806699750790433,0,1,0
4129,199.41,6,0.5,10.1,1.1314740998157111,0,1,0
4130,100.29,18,0.6,0.8,1.2529995270848044,0,1,0
4131,199.99,7,5.7,2.9,1.1483564553805403,0,1,0
4132,98.51,12,7.9,0.7,0.6319183855878681,1,0,0
4133,84.54,11,5.8,2.8,1.2534303166712903,0,0,0
4134,42.21,12,0.8,6.1,0.8574557876604044,0,1,0
4135,90.91,8,2.5,5.7,0.6849624288249073,0,1,0
4136,171.42,9,1.3,1.5,1.502302208563751,0,1,0
4137,132.13,17,4.3,2.9,1.4705549894427759,1,1,0
4138,27.39,12,4.9,6.8,0.8012976221002635,0,1,0
4139,52.18,6,3.2,0.5,0.7291333932703683,1,1,0
4140,94.81,9,0.4,3.0,0.6149103599677458,1,1,0
4141,405.65,21,79.7,31.3,3.3510836409655353,1,1,1
4142,29.69,10,0.0,11.7,0.7328560230333829,0,1,0
4143,604.23,17,1.0,3.8,0.7347712049811133,0,0,0
4144,85.82,15,4.0,0.8,0.9895499372589428,0,1,0
4145,30.06,8,1.9,1.0,1.9325649398439912,1,1,0
4146,59.82,8,5.9,3.9,0.7818607413043734,1,0,0
4147,68.84,20,1.7,0.0,1.1667476259777072,0,1,0
4148,181.67,13,2.6,5.3,0.8222979466143784,0,0,0
4149,49.67,18,6.2,8.0,0.659208858003409,0,0,0
4150,45.69,16,2.5,0.7,0.3287176739612896,1,1,0
4151,119.44,14,0.2,1.2,0.8452576167366836,0,1,0
4152,46.41,11,2.6,0.1,1.1010458180571727,0,1,0
4153,82.38,12,8.9,7.6,1.288439647747025,0,1,0
4154,35.31,11,3.9,11.7,0.7305681128202854,1,1,0
4155,19.36,18,0.1,5.0,1.0801334493198707,1,1,0
4156,18.79,10,0.5,3.5,0.35622319013774695,0,1,0
4157,96.33,9,6.2,1.4,0.9794688159527039,0,0,0
4158,72.61,17,8.0,1.6,1.2923661240949023,0,1,0
4159,177.03,20,2.3,2.7,1.685561914970206,0,1,0
4160,124.09,18,2.4,3.3,0.563096665968414,1,1,0
4161,230.63,10,10.2,1.8,1.6176510710687966,0,1,0
4162,107.36,11,2.2,0.3,0.9528672875031671,1,1,0
4163,55.25,19,7.2,0.3,1.1884942680177997,1,1,0
4164,29.54,8,4.9,0.8,0.8881383056586484,0,1,0
4165,120.97,14,5.0,0.3,0.44389555617486165,0,1,0
4166,41.04,7,2.2,9.9,1.4814442050370848,0,1,0
4167,51.73,12,1.1,2.3,1.3649531383910327,1,1,0
4168,19.92,11,11.5,5.6,1.462462223287567,0,1,0
4169,39.37,11,13.3,0.5,1.5484913653995973,0,1,0
4170,12.61,14,3.6,4.7,0.7269967508201549,0,1,0
4171,74.57,16,0.2,0.4,1.6606414738661344,0,1,0
4172,28.19,8,2.0,4.0,1.1729104869308686,0,1,0
4173,30.45,10,13.8,0.2,0.5054852813457673,0,1,0
4174,74.17,13,4.3,3.1,0.3837755239377283,0,1,0
4175,123.38,20,8.0,0.2,1.3450454155029783,0,1,0
4176,116.3,16,11.5,5.3,0.3096948203540427,0,1,0
4177,132.53,14,18.7,13.3,1.1457741752835735,1,1,0
4178,122.7,14,1.9,3.3,1.0201538343316656,0,0,0
4179,49.3,19,1.2,12.7,1.53438841810308,1,1,0
4180,50.82,9,1.9,4.5,1.2953332143194838,1,1,0
4181,69.61,14,0.2,8.9,1.0311123140880543,1,1,0
4182,309.92,10,1.8,2.1,0.98714194194043,0,1,0
4183,110.13,12,4.5,6.5,0.43257178820568654,0,1,0
4184,47.53,17,1.8,0.5,1.2360074055474413,0,0,0
4185,60.68,13,10.0,1.6,1.0201996093579095,1,1,0
4186,13.79,11,6.0,1.1,1.086911903074583,0,0,0
4187,0.46,8,8.9,0.4,1.1832168884970096,1,1,0
4188,102.98,19,12.4,5.4,0.42287572178761124,0,1,0
4189,22.24,13,7.2,0.9,1.4959336016616174,0,1,0
4190,30.51,23,16.0,4.6,1.056996437557549,0,1,0
4191,6.56,11,2.2,4.4,0.6755267911243379,0,1,0
4192,144.0,13,6.4,20.4,0.9499994355473519,1,0,0
4193,64.82,15,6.0,0.4,0.2842712019407311,1,1,0
4194,205.19,23,2.7,7.7,0.8773503041606563,0,1,0
4195,143.59,13,12.3,3.7,1.0714045751069152,0,1,0
4196,226.6,12,8.1,0.9,0.6072104341564042,0,1,0
4197,103.45,16,0.8,0.1,1.0410433466119635,0,1,0
4198,112.83,12,5.2,1.8,0.974996406933565,0,1,0
4199,32.98,16,6.1,5.4,1.0442724969027615,0,1,0
4200,101.74,10,2.2,0.9,1.4146605628976134,1,1,0
4201,37.77,17,1.5,1.2,0.8442626102134144,1,1,0
4202,20.71,13,1.7,4.7,1.1172718408272677,1,1,0
4203,19.49,10,3.5,4.6,1.6062042933670555,0,1,0
4204,36.8,13,0.5,1.4,1.292230385281992,0,1,0
4205,0.48,10,0.2,5.1,0.9125770114975913,0,0,0
4206,84.64,4,4.7,0.9,0.4746433413509522,1,0,0
4207,20.26,12,9.5,7.5,1.1413224711510592,0,1,0
4208,200.12,8,0.8,3.0,1.0632236225566007,0,1,0
4209,68.05,14,2.0,5.3,1.0269464715094891,1,1,0
4210,131.12,15,6.5,4.3,0.22900391086541427,0,0,0
4211,90.29,15,4.8,0.2,0.8710069012190149,0,1,0
4212,74.14,14,10.8,1.5,1.4043903021260615,0,1,0
4213,144.07,19,2.3,0.2,0.9818550484761343,0,1,0
4214,12.7,8,1.8,0.5,1.0666444885598523,1,1,0
4215,122.99,16,4.6,7.0,0.8034555070844482,0,1,0
4216,130.73,18,0.1,0.6,1.3716143230823006,0,1,0
4217,70.72,14,6.0,3.0,1.2313321640828645,1,1,0
4218,123.77,10,1.9,3.8,1.0755885024713585,0,1,0
4219,156.33,14,20.0,1.4,0.690780419010407,0,1,0
4220,49.2,17,11.0,1.6,1.1820830188874967,1,1,0
4221,343.58,14,4.9,7.3,4.092544774454824,0,0,1
4222,66.28,11,0.4,6.4,1.2656060756686145,0,1,0
4223,309.8,16,6.4,1.5,0.5793385865073462,0,1,0
4224,86.81,14,15.0,1.3,0.8264154620806974,1,1,0
4225,42.13,18,0.4,0.2,0.9870219191405106,0,0,0
4226,86.3,14,4.8,0.4,0.9308941844342559,0,1,0
4227,38.66,4,0.3,2.6,0.9870530390242793,0,1,0
4228,53.81,18,1.4,4.0,0.5458815868366051,0,0,0
4229,97.07,13,9.8,1.6,1.4465288055533538,0,1,0
4230,47.28,14,10.9,1.0,1.46233050632911,1,1,0
4231,12.92,10,3.3,0.6,0.7800854381939549,1,1,0
4232,81.85,11,2.1,1.1,0.23376777420513994,1,0,0
4233,25.06,15,2.1,1.1,1.1591133667735185,0,1,0
4234,141.47,12,1.5,0.5,0.5334937432847238,0,1,0
4235,99.0,13,5.9,4.9,1.056536018329443,0,0,0
4236,120.38,19,30.6,16.6,5.274323367582909,1,0,1
4237,11.54,16,6.1,1.4,1.0146297854441828,0,1,0
4238,52.86,12,0.9,3.1,1.658479921667904,1,1,0
4239,33.0,13,0.1,0.1,1.6564969111003942,0,1,0
4240,55.38,15,5.4,0.2,0.873300904372634,0,1,0
4241,30.22,9,13.2,2.6,0.35606431081233403,0,1,0
4242,236.36,22,41.4,40.7,1.6811355352430004,1,0,1
4243,46.31,9,8.7,4.1,0.9285057407127433,0,1,0
4244,119.95,12,0.5,1.1,1.2483074812596575,1,0,0
4245,41.79,14,20.7,1.8,0.9393383233141467,0,1,0
4246,33.81,10,9.5,1.9,1.1124698639816128,0,1,0
4247,47.71,10,4.9,0.4,0.6574597703757592,1,0,0
4248,54.56,18,2.0,1.8,1.1031802880519819,0,1,0
4249,35.52,16,9.5,1.0,0.9039297301821849,1,1,0
4250,67.21,18,0.1,1.8,0.800149450248207,1,0,0
4251,36.46,16,3.4,5.9,1.042974945080878,0,0,0
4252,120.08,12,1.0,1.4,0.5048343599583116,1,1,0
4253,345.46,1,150.3,47.8,4.285730375584696,1,0,1
4254,87.5,10,13.9,1.0,1.092602023573993,0,1,0
4255,195.19,18,3.8,1.1,1.0183095002038045,1,1,0
4256,83.54,18,9.7,7.5,1.6775378889471302,0,1,0
4257,18.91,17,10.7,0.5,0.8933192795606921,0,1,0
4258,99.99,14,8.6,4.6,0.6879810556448309,0,1,0
4259,78.3,11,5.3,1.5,1.0606041298852578,0,1,0
4260,26.16,18,2.4,1.3,1.370770622687271,1,1,0
4261,108.2,16,0.6,2.7,1.147210184828994,1,1,0
4262,85.54,15,5.3,3.1,1.7466208775473553,0,1,0
4263,139.1,14,0.9,7.8,0.26692827370369043,1,1,0
4264,52.81,10,2.5,5.4,2.291311580252632,0,1,0
4265,81.68,14,2.8,1.9,0.8827431887660497,1,1,0
4266,17.6,8,18.8,1.1,0.6268228640090718,1,1,0
4267,63.24,14,0.2,7.3,0.47138993416602504,0,1,0
4268,323.79,16,4.8,0.4,0.1,1,1,0
4269,63.95,16,0.5,0.2,1.3301964442323624,0,1,0
4270,54.1,12,7.1,2.9,0.6002399338491757,1,1,0
4271,44.02,20,0.0,5.1,0.46271843155988157,0,1,0
4272,170.85,21,3.0,0.3,1.076114053760021,1,1,0
4273,35.34,11,1.5,3.0,1.1842360553301856,1,1,0
4274,75.02,11,9.2,1.2,1.9518855183440096,0,1,0
4275,92.12,19,0.9,5.6,0.876769601801479,0,0,0
4276,27.43,15,0.7,3.7,0.29972095978064817,0,0,0
4277,78.5,10,3.0,0.8,1.3230360468149525,0,1,0
4278,117.03,20,8.2,4.5,0.48281507809217017,0,0,0
4279,124.45,9,1.5,2.0,0.6439533442053906,1,1,0
4280,31.21,17,1.5,5.1,1.0161623844005279,1,1,0
4281,76.25,20,12.0,3.5,1.21721869256579,0,0,0
4282,94.51,15,2.6,1.4,0.6175626543375687,1,1,0
4283,42.48,14,2.1,3.1,0.4838897801528812,0,0,0
4284,161.31,0,108.5,32.9,7.293659697910976,0,0,1
4285,85.36,12,4.1,3.3,1.006684370227496,0,0,0
4286,40.61,13,2.2,5.2,0.1628720306930448,0,1,0
4287,106.87,11,2.3,0.9,0.4951217408351881,0,1,0
4288,62.12,14,5.8,1.8,0.6067559565331262,0,0,0
4289,20.2,15,5.7,0.8,0.9642335704780598,0,0,0
4290,77.01,16,0.4,0.8,0.859305304059266,1,1,0
4291,22.75,17,5.2,0.9,1.1492359902388705,0,1,0
4292,122.08,8,2.1,1.2,1.1798367441190662,0,1,0
4293,89.54,13,2.6,15.2,1.059787816698593,1,1,0
4294,123.32,11,6.2,3.0,0.41705063447350055,0,0,0
4295,233.68,12,3.2,2.0,1.0378122005845423,0,0,0
4296,42.39,16,3.7,0.4,0.9858103048175646,0,0,0
4297,65.85,17,0.3,4.9,0.5583122635779829,0,1,0
4298,140.34,19,3.9,2.9,0.7383291628281119,1,1,0
4299,30.31,12,0.1,2.1,0.5020085167952847,0,1,0
4300,65.47,12,1.0,6.4,1.2663107979589534,0,1,0
4301,97.37,19,4.7,2.2,0.7624307115113729,1,1,0
4302,41.35,22,4.0,5.2,0.7648286629836387,0,1,0
4303,15.83,14,6.2,1.5,1.334350286362647,0,1,0
4304,82.43,9,0.6,0.2,0.8939494937464089,1,1,0
4305,64.27,15,4.1,8.4,1.3059940353809119,0,1,0
4306,44.33,13,0.4,0.3,0.7150687181604716,1,1,0
4307,45.73,11,4.0,0.9,0.13282149096551643,1,1,0
4308,276.86,16,10.4,10.1,3.049990886151976,1,0,1
4309,105.26,16,4.0,1.9,1.1956486432981228,0,1,0
4310,57.92,12,5.2,7.0,1.2858885895694372,0,1,0
4311,14.67,12,4.3,2.1,1.1454118021949706,0,1,0
4312,93.6,14,2.5,2.0,0.9011817315228754,0,1,0
4313,59.4,16,3.4,3.9,1.3088711414280083,0,1,0
4314,70.45,17,2.5,6.5,1.0511552108977005,0,1,0
4315,66.7,16,5.4,3.7,0.7389030008469284,0,1,0
4316,117.14,16,14.4,0.5,1.3667107773669112,0,1,0
4317,31.09,15,12.4,7.2,0.9212303329086372,1,0,0
4318,132.88,2,7.7,15.4,4.533945429766647,0,0,1
4319,107.69,7,1.8,0.0,1.66281330517493,1,1,0
4320,10.85,12,4.5,5.8,0.6712527268002201,1,1,0
4321,58.39,3,2.6,1.5,1.1383565396801065,0,1,0
4322,35.48,9,12.0,1.3,0.9511116420567044,0,0,0
4323,33.27,7,1.5,1.7,0.1,0,1,0
4324,54.36,11,4.4,2.1,1.538171002228202,0,1,0
4325,187.0,13,0.5,1.2,1.1997460499584072,0,1,0
4326,72.54,14,0.1,1.2,0.8293233843358623,0,1,0
4327,40.07,9,1.0,6.2,1.2804676778953457,0,1,0
4328,57.23,15,3.3,2.1,1.1332903285226426,1,1,0
4329,62.27,16,0.0,0.8,0.8471670613079609,0,1,0
4330,83.19,16,1.7,9.5,0.8060545630977114,1,1,0
4331,30.0,15,2.6,0.5,0.9178743292760018,1,1,0
4332,47.96,10,3.1,9.8,0.7451853412076787,0,1,0
4333,168.24,0,4.7,44.7,3.5532730210611194,1,0,1
4334,151.12,14,7.4,3.1,1.16004240264719,0,0,0
4335,42.76,22,3.7,3.2,0.513374586095787,1,0,0
4336,51.19,16,5.0,0.4,1.096379721884537,0,1,0
4337,20.7,14,5.2,3.7,0.9442886001125396,0,1,0
4338,29.78,14,21.0,1.5,1.1164685560938041,1,1,0
4339,147.36,11,3.1,3.6,0.4276151057487182,0,1,0
4340,48.12,12,15.6,4.6,0.6217756331309419,0,1,0
4341,49.8,14,1.1,0.2,0.8616615682485935,0,1,0
4342,53.55,11,6.5,0.5,1.2624049428494724,0,1,0
4343,126.61,12,12.8,4.0,1.1773789311464151,0,0,0
4344,43.22,8,0.4,0.7,0.1,0,1,0
4345,251.54,0,4.7,31.1,1.9059365522458465,1,0,1
4346,55.47,13,1.1,1.0,1.0057399713609347,1,1,0
4347,27.03,5,2.2,0.6,0.7931907299725455,0,1,0
4348,27.93,16,2.7,10.1,0.7670861715619995,0,1,0
4349,69.54,17,0.5,4.3,1.2451620043501221,0,1,0
4350,302.62,23,10.3,16.9,1.5,1,0,1
4351,96.07,12,14.5,0.7,1.2234141870974877,0,1,0
4352,61.47,12,4.7,0.4,1.0506825642470885,0,1,0
4353,66.56,18,8.0,2.1,1.1190726465381877,0,1,0
4354,297.27,17,0.8,5.3,0.5929320314864447,1,1,0
4355,59.66,16,1.9,2.2,1.235500310342815,0,0,0
4356,29.48,14,0.9,0.2,0.8185086115869116,0,0,0
4357,154.8,12,4.1,2.5,1.1874633898437585,0,1,0
4358,64.76,10,2.0,1.0,0.9902783351553233,1,1,0
4359,57.26,16,6.9,1.7,1.5037255381737835,1,1,0
4360,30.2,4,4.0,8.6,1.00834852017689,1,0,0
4361,38.51,14,2.1,7.8,0.6658923648973756,0,1,0
4362,99.72,15,7.0,6.8,0.6335869775718341,0,0,0
4363,31.2,12,15.5,0.9,0.7061522881756803,1,1,0
4364,160.98,17,0.4,0.8,0.8819118514319139,1,0,0
4365,36.13,15,2.5,2.4,0.8922889943149942,1,1,0
4366,6.85,12,5.8,0.7,1.043773142592519,0,0,0
4367,156.52,16,2.3,1.0,1.5101094760534757,0,1,0
4368,81.02,19,0.8,1.4,0.7101011418717325,1,1,0
4369,46.5,13,6.9,5.2,0.30954610601096466,1,1,0
4370,124.74,15,1.9,1.6,0.1,1,1,0
4371,128.75,8,8.0,0.6,1.7313738717850304,0,1,0
4372,97.19,16,0.4,7.4,1.2578348786341864,1,0,0
4373,48.02,21,4.6,0.7,0.516379420670255,0,0,0
4374,69.27,7,2.7,3.4,1.5497544765895896,1,1,0
4375,274.05,14,14.0,0.5,1.4758784103021463,0,1,0
4376,36.94,11,1.5,16.6,1.1786857896640555,0,1,0
4377,101.49,16,7.6,1.3,1.4076996058528355,1,1,0
4378,101.48,11,5.2,0.4,1.161881855294109,0,1,0
4379,7.1,12,7.6,9.9,0.5698808798683859,1,1,0
4380,33.83,15,4.2,0.6,1.4145086024370292,0,0,0
4381,234.43,12,7.7,7.7,1.0555703052175556,0,1,0
4382,90.02,19,10.0,3.1,1.125142844332471,0,1,0
4383,60.34,15,2.1,3.1,1.3679654166726523,0,0,0
4384,43.72,13,0.5,17.4,1.3848300129026583,1,1,0
4385,78.69,10,0.8,0.7,0.9044218122485809,1,1,0
4386,97.84,18,5.8,4.2,0.4632893271432308,0,1,0
4387,31.74,17,7.6,1.3,0.1730953430512261,0,1,0
4388,46.63,11,1.9,3.7,0.36704119140151403,0,1,0
4389,38.51,15,3.4,1.0,1.4294924548994978,0,1,0
4390,49.5,23,0.3,0.9,1.519036912976418,1,1,0
4391,102.69,7,5.7,5.2,1.20158386371179,1,1,0
4392,133.69,13,0.3,5.3,0.5756937374823985,0,0,0
4393,41.46,21,9.6,3.0,1.7400022536282174,1,1,0
4394,79.4,10,2.7,4.3,0.5719050878154184,1,1,0
4395,142.0,15,17.1,0.4,1.2098327669636006,0,1,0
4396,101.79,15,13.8,4.9,1.084435794129795,0,1,0
4397,63.4,16,0.9,2.5,1.1207675796980483,1,1,0
4398,46.51,13,1.9,4.0,0.8980745680871853,1,1,0
4399,140.35,9,9.5,4.1,0.3397000295742215,1,0,0
4400,55.28,18,9.9,0.0,0.6402219135578677,0,0,0
4401,59.19,15,0.8,0.1,0.9069529671931393,0,0,0
4402,149.58,13,1.8,0.3,0.8183331816685346,0,1,0
4403,110.69,15,7.6,2.8,1.2656862810390601,1,0,0
4404,38.93,7,1.1,3.5,1.2389807507738833,1,1,0
4405,26.06,18,1.9,0.5,1.1970209695563923,0,0,0
4406,25.72,8,3.2,5.3,0.8105195771048985,0,1,0
4407,42.15,12,1.2,0.4,0.7130006497164364,0,1,0
4408,24.7,11,2.9,2.5,0.9282706332295858,1,1,0
4409,14.18,18,5.4,1.6,1.8320979094671284,0,1,0
4410,71.32,12,4.2,0.0,0.7222031830668874,1,1,0
4411,89.81,11,4.2,1.0,0.8090277453477261,1,1,0
4412,105.26,12,5.2,4.3,1.8260115224134723,1,1,0
4413,94.48,14,3.2,1.7,1.0692192158739844,1,1,0
4414,40.84,2,1.0,2.5,1.4595275023748957,1,1,0
4415,102.94,16,7.8,1.1,1.1706361373527487,0,1,0
4416,351.36,2,15.3,30.1,3.0079650807968927,1,0,1
4417,6.03,9,15.7,6.0,1.1105309830776817,0,1,0
4418,96.73,15,12.0,4.7,1.072446040142003,0,1,0
4419,81.45,11,1.1,1.4,1.1075413288407283,1,1,0
4420,168.25,16,4.3,1.5,0.48606158082160533,0,1,0
4421,122.4,11,1.8,3.5,1.2421569264803742,0,0,0
4422,96.24,14,1.3,3.7,1.1179985885644546,1,0,0
4423,39.48,11,0.2,2.0,0.15323524032647573,0,1,0
4424,101.42,14,4.2,3.7,1.1568440165931773,0,1,0
4425,34.95,9,0.7,0.5,0.8004943629588179,0,0,0
4426,290.85,10,100.2,44.5,3.1111644963158636,1,1,1
4427,7.5,14,1.0,2.2,1.4688204242843041,0,1,0
4428,81.31,14,4.5,1.8,1.188378380891062,0,0,0
4429,24.9,17,2.4,7.0,1.1443863391259042,0,1,0
4430,172.77,16,1.0,8.5,0.42633928469320714,0,1,0
4431,71.38,18,24.2,3.6,1.080494259290154,0,1,0
4432,20.03,12,4.8,1.0,1.314503657880707,0,0,0
4433,31.13,12,3.6,1.9,1.0540163575893098,0,1,0
4434,7.08,20,0.8,7.1,1.1035018930508096,0,0,0
4435,67.42,14,1.3,2.1,0.3732976754649471,1,1,0
4436,52.28,13,9.4,1.1,1.8124237030740828,1,0,0
4437,7.19,17,6.5,2.1,0.9833997233896953,0,1,0
4438,78.43,11,5.0,1.6,0.6240976644426033,0,1,0
4439,51.46,10,0.4,0.2,1.5183037791754859,0,1,0
4440,124.34,17,0.4,0.8,1.0566673512181146,0,0,0
4441,223.01,16,5.1,10.2,1.4755741664178583,1,1,0
4442,19.55,15,2.8,0.9,0.796765002671501,0,1,0
4443,54.28,10,4.0,0.7,0.8460663125840099,0,1,0
4444,28.0,15,0.7,6.1,0.5520577454642841,1,1,0
4445,15.3,14,0.9,9.3,0.1671410076874268,1,1,0
4446,63.37,12,4.4,2.5,0.9152562016788347,0,1,0
4447,30.95,12,5.1,0.6,0.5792407863233964,1,1,0
4448,105.13,15,0.6,2.3,0.8183589230591762,1,1,0
4449,87.24,21,4.5,3.9,0.9111127271243931,1,0,0
4450,54.01,13,1.0,0.7,1.831666574715618,0,1,0
4451,177.46,16,3.6,2.4,1.686140570978275,1,1,0
4452,64.43,23,2.9,0.0,1.2122740120549151,1,0,0
4453,56.64,20,5.9,0.6,0.3639880193086614,0,1,0
4454,73.55,10,1.2,3.9,0.9131042649260046,0,0,0
4455,21.96,17,1.0,6.0,1.222607826437907,1,1,0
4456,198.16,17,2.8,4.0,1.0687067550720744,1,1,0
4457,54.4,12,0.2,2.9,0.4319721381793311,1,1,0
4458,28.35,11,3.8,3.1,0.8513711970908835,0,1,0
4459,0.95,18,2.0,1.5,0.7641806029239341,0,1,0
4460,96.87,7,0.8,0.9,1.4003135140600733,0,0,0
4461,43.23,9,1.3,7.8,0.1,0,0,0
4462,129.49,12,5.8,6.9,0.7280722680215026,1,1,0
4463,104.29,20,1.1,0.8,0.47894461030401025,1,1,0
4464,56.85,13,6.1,5.5,0.44794107317112897,0,1,0
4465,36.44,16,1.2,4.4,0.662512328700946,0,1,0
4466,214.62,12,7.7,7.2,1.7110286187548511,0,1,0
4467,47.86,15,11.4,0.4,0.1,0,1,0
4468,133.32,23,7.9,7.1,5.806699844034174,1,0,1
4469,24.11,15,12.1,0.1,0.9167051248295014,1,1,0
4470,18.47,18,7.6,8.5,1.1443818395959808,0,1,0
4471,53.8,9,7.0,8.3,0.28911468009418395,0,0,0
4472,103.24,13,6.6,1.5,0.12324118390951189,0,1,0
4473,110.63,16,5.8,1.1,0.906964637405448,1,0,0
4474,96.62,18,13.5,0.4,0.28994197278990086,1,1,0
4475,172.94,8,3.4,0.1,0.7778654534544116,0,0,0
4476,93.49,6,4.8,1.6,1.6004689425534284,0,1,0
4477,122.06,14,9.0,0.5,1.339300509538964,1,1,0
4478,73.66,8,2.7,0.7,1.080932117028938,0,1,0
4479,34.96,8,0.0,1.4,1.5752186964143853,1,1,0
4480,168.48,14,7.3,1.1,1.3976293528413637,0,1,0
4481,63.8,11,1.2,0.2,1.436709549929506,0,0,0
4482,40.51,10,1.5,9.2,0.9272503837229288,0,1,0
4483,22.65,16,5.5,1.8,0.9395020164575992,0,0,0
4484,39.33,18,4.9,6.4,1.1719874594944586,0,1,0
4485,15.61,13,4.0,16.4,1.3337206430607305,0,1,0
4486,60.3,13,3.0,0.7,1.2829186198367932,1,1,0
4487,96.02,15,5.8,1.0,1.0275017712350782,0,1,0
4488,180.99,10,5.3,0.4,1.2889274681063858,0,1,0
4489,98.98,14,1.7,1.4,1.5894297651381648,1,1,0
4490,113.72,15,3.8,0.8,1.0469279539410576,1,1,0
4491,44.64,18,2.1,2.1,1.217357762270443,0,0,0
4492,54.58,20,0.5,2.2,1.2380779998514848,0,1,0
4493,12.5,11,9.9,1.2,0.6885033961175975,1,1,0
4494,82.53,8,2.8,4.8,0.44167109862161713,0,1,0
4495,56.72,12,6.2,0.5,1.7330700038689,0,1,0
4496,138.95,6,0.1,1.6,0.6589554350658386,0,0,0
4497,86.39,8,6.9,2.6,1.3748275769166252,0,1,0
4498,51.98,11,0.4,2.0,0.99756367748134,1,1,0
4499,24.74,15,0.5,1.6,0.9194621458945568,0,1,0
4500,68.84,13,2.1,1.6,1.8966840138539087,0,0,0
4501,59.84,17,1.2,0.4,1.328594201496328,0,0,0
4502,134.05,12,2.6,1.1,0.12971855532774157,0,1,0
4503,78.14,18,0.4,3.5,0.9136456234196234,1,1,0
4504,169.99,18,4.1,3.2,1.2394970019462295,1,1,0
4505,428.27,4,1.2,2.4,3.7260614847856646,1,0,1
4506,104.4,15,3.0,5.0,1.2795938080498748,0,1,0
4507,40.97,10,2.5,3.2,1.3615179698457744,0,1,0
4508,38.81,20,3.3,1.8,0.43375892429902607,1,0,0
4509,4.65,20,5.1,4.5,0.9439563609407106,0,1,0
4510,36.74,20,7.2,2.8,0.5275961156147406,1,0,0
4511,114.34,10,1.2,3.9,1.136078820691636,0,1,0
4512,109.85,19,7.6,1.7,1.3287955502460826,0,1,0
4513,40.5,16,2.7,3.1,0.6974370665088713,0,0,0
4514,55.25,9,0.4,3.8,1.130331365074079,1,0,0
4515,52.23,7,11.0,1.6,0.9324558195621638,0,1,0
4516,22.05,12,5.4,0.6,0.7823927872208707,1,1,0
4517,124.77,20,0.2,0.3,1.9829190946553603,0,1,0
4518,73.3,18,8.4,0.2,1.0699229274647464,0,1,0
4519,58.6,17,1.5,1.6,1.4595355937090466,0,1,0
4520,44.36,22,2.0,1.3,1.3077519576799468,1,1,0
4521,141.16,11,1.9,0.5,0.673973534201753,1,1,0
4522,62.29,15,1.0,1.3,0.859377648405574,1,1,0
4523,32.13,18,7.3,1.9,1.393187765576982,0,1,0
4524,43.44,13,1.9,0.2,1.7162780873020775,0,1,0
4525,114.53,10,17.2,0.2,1.5480772492722465,1,0,0
4526,167.32,14,3.0,1.8,1.0758212407269838,0,1,0
4527,47.59,14,3.9,4.2,1.00932625604655,1,1,0
4528,96.16,20,2.3,1.4,0.7639747481043566,1,1,0
4529,19.31,11,10.8,1.0,1.5388636063559753,1,1,0
4530,92.71,13,1.4,2.8,0.8446744938238355,0,1,0
4531,51.28,16,0.6,3.3,0.7426701467983854,1,1,0
4532,65.68,14,0.3,0.4,0.8781575790941922,1,1,0
4533,144.84,18,7.0,2.6,0.8010058709844254,1,1,0
4534,67.47,18,2.2,0.8,1.1894926961980854,0,1,0
4535,160.15,16,3.5,0.2,1.234941400182417,1,1,0
4536,136.85,15,8.3,2.2,0.3826532284390731,0,1,0
4537,44.75,11,2.6,0.1,1.1433363647272787,0,1,0
4538,49.28,13,0.1,0.4,1.3649760051477497,0,1,0
4539,67.82,15,1.8,15.0,1.3196749375399888,0,1,0
4540,90.43,9,14.6,5.2,1.1801728758645587,0,1,0
4541,5.47,22,3.5,1.5,0.8597327721113366,0,0,0
4542,97.73,12,4.9,4.6,1.0263944944794008,1,1,0
4543,41.67,12,8.3,9.5,0.4226253397987796,0,1,0
4544,94.79,14,0.9,3.1,1.2148309197163498,1,1,0
4545,33.47,10,4.9,0.7,0.1340199258757543,0,1,0
4546,42.95,15,3.8,3.3,0.1,1,0,0
4547,54.71,15,2.2,2.9,1.3151998274521577,0,1,0
4548,24.47,9,2.1,1.0,1.391420428903761,1,1,0
4549,16.88,20,5.1,2.1,0.717684777799801,1,1,0
4550,36.54,12,2.5,0.0,1.1432607979748666,0,1,0
4551,23.57,17,1.3,4.6,1.2409177810584286,0,1,0
4552,36.89,14,4.1,2.3,0.9880835767260662,0,1,0
4553,21.16,13,7.2,0.2,1.5996165932942268,0,0,0
4554,43.32,12,9.3,2.7,0.5956667806675018,0,0,0
4555,47.2,12,1.2,1.6,1.3834063868678395,1,0,0
4556,45.12,17,4.5,0.1,1.411001446694257,0,1,0
4557,11.68,15,6.9,6.2,1.878438413824638,0,1,0
4558,84.86,19,5.6,2.2,1.3037715772163683,0,1,0
4559,82.19,13,3.2,1.8,0.9109098487844289,1,1,0
4560,89.86,20,13.6,3.3,0.9405793890516322,1,1,0
4561,335.07,15,137.4,14.0,5.339252652914543,0,0,1
4562,32.56,4,11.0,0.0,1.4191489883582085,0,1,0
4563,73.38,12,0.2,0.8,1.303973112626511,0,1,0
4564,23.6,8,3.9,1.7,1.5607714218787518,1,0,0
4565,103.42,16,0.1,1.4,0.4591838889114038,0,1,0
4566,10.51,10,1.3,7.1,0.8307387209656034,1,1,0
4567,53.94,12,4.8,0.1,0.6330713260141735,0,1,0
4568,41.67,9,16.1,0.7,0.9318783764430831,1,1,0
4569,99.93,18,3.1,2.1,1.1933370471860536,1,1,0
4570,226.81,16,3.5,0.5,0.47746998828900766,0,1,0
4571,22.15,15,5.2,9.0,0.9913822245221452,0,1,0
4572,132.34,12,1.5,1.9,0.6157411134084285,0,1,0
4573,54.83,7,3.6,13.3,0.347046997841151,0,1,0
4574,17.73,15,14.7,0.5,0.8293875834551079,0,1,0
4575,61.25,19,1.5,11.4,1.3684408293515065,0,1,0
4576,32.1,16,0.3,4.1,0.7149485924298695,0,1,0
4577,16.35,8,2.1,5.0,1.5332312274896487,1,1,0
4578,44.49,11,4.0,4.3,1.4917008910883767,0,1,0
4579,82.76,9,9.5,6.3,1.4148434754098238,0,0,0
4580,76.73,11,10.4,3.2,0.8977373398858025,0,1,0
4581,100.8,7,5.9,4.0,0.8509862027572986,1,1,0
4582,235.69,13,10.3,0.8,0.9193729210509669,0,1,0
4583,76.44,10,0.1,0.6,1.866241191755491,1,1,0
4584,39.27,16,6.1,0.3,0.9687568008527743,0,1,0
4585,39.68,7,0.6,12.1,1.2595209168380839,0,1,0
4586,82.14,16,4.5,2.2,0.6181165722335424,0,1,0
4587,25.24,15,5.9,16.0,0.8692666120182186,1,0,0
4588,11.23,14,12.6,3.3,1.3386315579601973,0,0,0
4589,273.44,15,155.3,11.5,5.34759837217914,1,0,1
4590,3.98,5,7.3,1.2,1.0401045628311416,0,1,0
4591,113.45,9,0.4,1.3,1.8583640266611756,1,1,0
4592,60.73,12,2.2,0.7,0.5025778322597598,0,1,0
4593,33.32,13,0.9,0.4,0.7002156823041222,0,1,0
4594,72.0,12,0.3,4.3,0.6923137027092322,0,1,0
4595,16.56,12,4.8,1.6,1.6453003046299894,0,0,0
4596,23.42,20,4.5,1.4,1.8783632602707003,0,1,0
4597,107.54,14,9.9,8.0,0.9267713215608511,0,1,0
4598,101.46,14,3.6,12.1,0.7105470068636863,0,1,0
4599,50.43,10,5.0,0.1,0.5315942911746738,1,0,0
4600,121.84,10,2.2,1.2,1.179034625490814,1,1,0
4601,49.22,15,1.3,4.3,0.2916398409994465,0,1,0
4602,108.61,4,2.3,1.2,0.3893118983851065,0,1,0
4603,18.31,8,3.6,1.2,1.147749538943529,0,1,0
4604,120.1,14,0.6,2.5,0.3640228290066845,0,0,0
4605,29.65,11,2.8,1.4,1.504146142453707,1,1,0
4606,85.65,15,4.2,2.0,0.2078401288785252,0,1,0
4607,54.3,14,2.2,3.1,0.1,1,1,0
4608,60.22,18,6.3,0.6,1.1043152837381158,0,0,0
4609,109.15,21,1.4,1.4,1.2889728098280315,0,1,0
4610,47.89,14,7.1,4.8,1.7712309797513544,0,1,0
4611,68.78,11,14.5,3.1,0.37132934172566723,0,0,0
4612,80.96,15,2.8,3.0,0.943474979574453,1,1,0
4613,106.18,7,1.2,5.9,0.9018045314483725,0,1,0
4614,46.04,16,2.4,1.0,1.1515242834683679,0,1,0
4615,41.22,14,0.7,0.3,0.9269232397261373,1,0,0
4616,51.2,16,7.9,10.5,1.5421174121673271,1,1,0
4617,110.33,13,0.2,2.2,1.356322148922924,0,1,0
4618,16.14,12,8.2,5.8,0.7547675298808669,0,1,0
4619,52.98,3,0.2,2.3,1.1266081760736857,1,0,0
4620,24.56,22,0.0,10.6,0.9557800225097555,0,1,0
4621,29.93,20,3.9,2.2,0.7264494035634059,0,1,0
4622,30.64,19,4.0,1.7,0.6624163837304533,0,1,0
4623,6.64,12,0.4,0.6,0.8915880202926426,1,1,0
4624,10.96,17,4.8,0.2,0.7456801866937289,0,0,0
4625,65.85,10,10.5,0.1,0.807117780994142,1,1,0
4626,176.78,22,3.4,1.3,1.6947719409478523,0,1,0
4627,58.64,14,5.8,1.5,0.4769908970625425,0,1,0
4628,119.07,16,6.7,1.6,0.6760317452614788,0,1,0
4629,72.62,18,5.9,0.1,0.600899990034803,0,1,0
4630,83.59,8,0.1,0.4,0.5420621502388089,1,0,0
4631,31.0,15,11.7,1.4,0.6282089003093114,1,0,0
4632,74.65,2,15.9,4.2,1.2439030745753246,0,1,0
4633,36.86,14,2.1,0.1,1.4897563304425243,0,1,0
4634,309.59,17,2.3,1.6,1.6798489079180825,1,1,0
4635,37.53,10,10.5,0.3,0.9535505928203268,0,1,0
4636,43.11,5,6.2,2.6,1.0079938433333544,0,1,0
4637,22.65,13,8.6,2.2,1.0408438078239153,0,0,0
4638,140.55,11,0.1,0.1,1.2253096383480373,1,1,0
4639,30.63,12,0.7,2.3,1.077837613791557,0,1,0
4640,23.17,14,2.0,2.6,0.4182474392950307,1,0,0
4641,15.29,15,2.7,0.6,2.151792208712094,0,0,0
4642,92.94,16,5.6,0.4,0.9140907487535612,1,1,0
4643,140.66,19,0.0,1.8,1.2476095692139015,0,1,0
4644,37.59,13,0.4,1.0,0.9050087446575213,1,1,0
4645,56.5,10,0.7,7.4,0.5610402419780622,0,1,0
4646,142.67,12,1.0,4.1,1.0969745779200704,0,0,0
4647,249.11,22,10.9,1.5,1.0978109253518562,0,1,0
4648,128.41,18,3.2,4.2,1.521056053581203,0,1,0
4649,454.77,16,29.6,10.3,5.73581625803502,1,0,1
4650,213.69,2,51.0,35.5,6.22076853985927,1,0,1
4651,72.09,12,6.2,3.0,0.7289548653397276,0,1,0
4652,111.63,5,1.8,3.9,1.482131729396483,0,1,0
4653,37.77,11,4.7,1.4,0.4755369500249501,1,0,0
4654,315.84,15,11.7,18.6,3.7026910198426175,1,0,1
4655,74.17,19,7.3,0.3,1.034184159789349,0,0,0
4656,50.84,17,7.5,3.6,0.4875038404161679,1,1,0
4657,69.89,12,4.2,0.4,1.1162514730003295,1,1,0
4658,81.79,12,5.2,3.7,0.3751084305490249,1,1,0
4659,124.06,14,3.8,3.7,1.3315965085625467,1,0,0
4660,110.1,12,5.2,1.9,0.3438210467321823,0,1,0
4661,168.02,16,8.8,3.6,0.9119497728434026,0,1,0
4662,45.37,17,4.6,0.9,1.2041671511582666,0,1,0
4663,100.24,16,4.8,3.3,0.8646912209473931,1,1,0
4664,78.34,14,3.8,3.1,1.4745670909538235,1,1,0
4665,6.93,20,18.7,6.4,1.1945598585904649,0,1,0
4666,66.68,13,11.9,3.6,1.3728277949091479,0,1,0
4667,51.44,15,3.8,1.5,0.8780760759351326,1,1,0
4668,51.55,19,19.0,0.9,1.180002708270692,0,1,0
4669,48.37,10,2.7,1.5,1.3158617989050865,0,1,0
4670,53.85,16,4.4,9.9,1.3126305649817103,0,1,0
4671,57.86,19,0.1,1.6,0.9955753731086956,1,1,0
4672,149.7,11,3.3,3.6,0.48799933001088036,1,1,0
4673,113.93,17,8.7,4.4,0.766351627120757,0,1,0
4674,142.29,15,20.7,1.3,0.8771027067509956,0,1,0
4675,8.29,6,0.0,1.6,0.6314870127206269,1,1,0
4676,44.46,15,1.2,6.5,0.6325361058711105,0,0,0
4677,20.31,13,12.6,0.7,0.6799575846421413,0,1,0
4678,142.8,15,0.4,1.5,1.4332259630278448,0,1,0
4679,92.29,15,0.3,4.8,0.9469566933013083,0,1,0
4680,89.4,20,2.4,0.1,1.024841635181858,0,1,0
4681,23.12,9,1.8,2.5,0.9559975843770424,1,1,0
4682,118.25,14,16.6,4.2,0.34197704972984855,0,1,0
4683,144.31,23,0.8,4.1,1.5161017766313156,1,0,0
4684,74.97,15,10.2,2.3,1.0420880125534986,0,0,0
4685,30.95,20,4.3,1.6,1.6100220395144826,0,0,0
4686,236.58,11,1.5,5.5,1.3062093675666755,1,1,0
4687,102.54,6,5.1,0.0,0.8000502250040465,0,1,0
4688,91.16,11,1.1,0.3,0.2452907255563458,0,0,0
4689,135.75,9,5.6,0.2,1.29826220950836,1,1,0
4690,265.5,13,2.4,3.4,0.9619738625846802,1,1,0
4691,24.67,9,2.4,1.6,1.0590698074075686,0,1,0
4692,234.29,21,5.4,27.6,6.0691501888305055,1,0,1
4693,41.63,11,2.4,4.1,0.8926314971820641,0,0,0
4694,95.83,12,2.9,6.8,1.0077224429271379,0,0,0
4695,101.68,9,0.9,0.1,1.57078190871067,1,0,0
4696,27.93,20,5.1,5.3,1.151853526226815,0,1,0
4697,76.18,14,10.4,4.0,0.4077575302213857,0,1,0
4698,63.35,5,3.7,8.1,1.0116007382578114,1,1,0
4699,114.79,14,1.5,0.4,1.1509849859849064,1,1,0
4700,19.92,8,9.0,0.0,0.7567459359160545,0,1,0
4701,41.02,18,7.3,0.5,0.5048608462408366,1,0,0
4702,64.17,17,2.1,2.0,0.8233182451627622,1,0,0
4703,62.52,22,1.3,0.4,1.5444163576742351,1,1,0
4704,11.25,11,2.1,0.4,0.7584447883586953,0,0,0
4705,21.64,15,0.4,3.0,1.850033044079841,0,1,0
4706,53.12,16,7.3,7.5,1.1793307048992427,1,1,0
4707,54.7,22,9.9,0.1,1.5529689085662692,1,0,0
4708,95.18,15,0.2,0.6,1.4501473145767925,1,0,0
4709,173.09,6,0.7,6.3,1.9015381634619575,1,0,0
4710,54.13,17,3.0,1.5,0.5398790657377419,1,1,0
4711,163.48,13,6.2,0.5,0.7122304939546724,0,0,0
4712,11.13,8,6.7,6.6,0.8338185992378879,0,1,0
4713,35.83,11,2.9,2.0,0.9213232977061021,0,0,0
4714,111.43,7,12.4,0.8,1.3254126844258762,0,1,0
4715,89.81,5,1.5,0.6,1.1652565568907045,1,1,0
4716,18.79,11,6.9,1.6,1.133864358214985,0,1,0
4717,90.91,16,8.1,0.4,1.331015348663213,1,1,0
4718,78.4,12,12.1,8.6,1.4965343670043199,0,1,0
4719,35.14,15,0.0,4.6,1.3215941951762442,1,1,0
4720,69.28,14,4.3,3.2,0.3827389569096943,1,1,0
4721,328.87,23,16.8,8.4,3.4054268962906025,0,0,1
4722,63.77,10,2.1,3.6,0.7715833563110025,0,1,0
4723,56.89,5,1.0,2.1,0.886176821258429,0,1,0
4724,370.79,13,9.1,11.2,0.7184806754734312,1,1,0
4725,84.97,16,0.1,0.6,1.3614468768856216,0,1,0
4726,46.17,11,11.8,0.0,0.7964057232177462,0,0,0
4727,91.27,8,8.9,1.9,1.072420345170688,0,0,0
4728,67.62,14,1.0,0.3,0.757598968012324,0,0,0
4729,73.5,16,3.4,5.1,1.896699819144922,1,1,0
4730,34.41,11,1.6,11.9,0.7306541856244527,1,0,0
4731,61.29,11,11.2,1.2,1.077918260101932,1,0,0
4732,136.49,8,5.9,0.4,0.9887469331815611,0,1,0
4733,73.35,11,1.4,2.8,1.2738161052995283,0,1,0
4734,20.84,16,0.4,0.9,0.9201973310344085,1,1,0
4735,67.09,18,0.1,0.7,0.6708998553155157,1,1,0
4736,10.72,10,4.3,3.9,0.5264586201127565,0,1,0
4737,281.32,3,75.9,51.3,4.7352551910962815,1,0,1
4738,48.53,11,4.5,1.9,0.9290160573592817,0,1,0
4739,13.2,14,9.2,3.2,0.5212957643184986,0,1,0
4740,78.93,15,8.2,3.3,0.5380362520953405,0,1,0
4741,64.26,17,4.5,8.6,0.845897492193125,0,1,0
4742,83.27,10,2.3,4.8,1.2646661896208826,0,1,0
4743,79.44,8,3.1,11.0,0.39040936582895325,0,1,0
4744,147.93,8,2.1,4.1,1.2893866479603941,0,1,0
4745,96.34,16,3.6,4.3,0.6692371907009038,0,0,0
4746,166.18,16,65.4,19.3,5.087866333539385,1,0,1
4747,94.06,17,9.5,3.5,0.5832764674494026,0,1,0
4748,59.43,18,15.5,10.7,1.2106894400690966,1,1,0
4749,10.3,16,1.8,2.4,0.5444916674515512,1,0,0
4750,77.31,14,6.1,0.0,1.4956134363690825,1,1,0
4751,35.05,17,13.8,5.2,0.717794067734314,1,1,0
4752,16.86,18,5.4,0.1,0.9966002709549335,0,1,0
4753,14.99,19,4.8,1.4,1.1174861811317331,0,1,0
4754,24.5,14,1.1,3.0,1.025474855661658,0,1,0
4755,57.7,17,3.4,0.2,0.1,0,1,0
4756,18.32,9,18.2,3.7,0.35324722426147404,0,1,0
4757,27.57,15,0.5,6.1,1.1889732953824623,0,1,0
4758,195.95,14,6.2,9.8,1.4825679889060401,0,1,0
4759,156.92,9,0.8,0.2,1.0070442721404471,0,1,0
4760,57.24,7,3.2,1.3,0.570266817685013,1,1,0
4761,31.85,10,4.7,1.4,0.8269837608830432,1,1,0
4762,44.29,11,5.0,2.5,1.9574232325093432,1,1,0
4763,53.16,15,4.0,12.3,0.47970611093063886,0,0,0
4764,146.69,17,3.2,4.2,0.5735651884542434,1,1,0
4765,71.68,7,3.0,1.5,1.3792026878022798,0,0,0
4766,19.16,9,1.8,3.8,1.214734592387446,0,1,0
4767,56.95,18,0.3,4.6,1.0753860605630319,0,0,0
4768,31.6,21,2.6,9.9,0.848751422337225,0,1,0
4769,4.31,16,3.8,4.2,1.4355230345319143,0,1,0
4770,92.54,4,4.3,10.9,1.8937177705930277,1,1,0
4771,145.9,14,1.6,5.0,1.1059328535462285,1,1,0
4772,45.72,15,3.8,3.0,1.3476666256572818,0,0,0
4773,306.96,5,50.5,2.8,6.783155444629182,1,0,1
4774,44.12,10,1.3,2.0,1.3638712568171585,0,1,0
4775,116.84,15,3.5,1.0,1.0717531025048668,0,1,0
4776,6.91,19,9.7,0.2,1.517187425648864,0,1,0
4777,61.62,20,11.1,9.4,1.0820703104327911,1,0,0
4778,89.53,8,0.5,0.1,0.5498193802292763,1,1,0
4779,83.51,8,1.3,5.1,1.3172690005176175,0,1,0
4780,30.64,11,0.2,6.1,1.1699493673632202,1,1,0
4781,29.66,17,1.6,2.1,1.0524247826591069,0,1,0
4782,179.84,20,4.4,1.8,0.555036927619699,1,1,0
4783,50.55,9,10.7,2.6,1.820153298420479,1,0,0
4784,150.45,7,3.8,3.0,1.1862567300815319,0,0,0
4785,76.73,16,8.3,2.6,0.8425481380250885,1,1,0
4786,282.48,16,123.7,5.5,2.7332392630081244,1,0,1
4787,35.59,16,2.2,8.5,0.9062444225458324,0,1,0
4788,26.18,11,7.2,1.1,1.030860594990053,0,1,0
4789,123.75,17,2.6,2.5,1.185053871678582,0,1,0
4790,80.03,13,6.3,5.8,0.7976665443705412,0,1,0
4791,4.11,14,0.6,3.0,0.6947320957790477,0,1,0
4792,47.62,4,4.6,1.1,1.1158933000086955,0,0,0
4793,60.29,21,0.7,12.6,0.7075696985896038,1,1,0
4794,348.22,21,36.3,4.0,2.465189119269124,0,0,1
4795,78.06,12,9.6,1.3,1.3119642644170786,0,0,0
4796,49.27,13,5.7,2.0,1.0347729966984305,1,1,0
4797,29.19,9,2.2,1.7,0.1,0,0,0
4798,23.09,11,2.3,0.4,1.4503579874803951,1,0,0
4799,77.86,15,1.8,3.3,0.3969405259425305,0,1,0
4800,33.2,13,2.3,3.5,0.17952201638002263,1,1,0
4801,129.62,18,0.2,2.0,1.0251637297206575,0,1,0
4802,85.61,9,8.2,0.8,0.7636639293417783,1,1,0
4803,44.73,18,15.0,2.5,1.0094018516307488,0,1,0
4804,86.12,16,2.1,0.8,1.638508593004262,1,1,0
4805,88.94,17,3.6,5.5,2.105216920849207,0,1,0
4806,40.69,18,5.4,4.8,0.7874317365475666,0,1,0
4807,24.29,10,1.6,1.9,0.759160756659901,0,1,0
4808,36.91,11,12.1,1.5,1.1689029642751265,0,1,0
4809,142.62,23,1.9,10.2,1.1051175394675075,1,1,0
4810,51.46,8,16.0,2.5,0.48701818925360396,0,1,0
4811,34.92,19,3.5,5.0,1.2445044765627227,0,1,0
4812,166.54,15,0.2,0.9,1.3107013734549138,1,1,0
4813,81.81,9,1.6,4.4,0.8763964828596313,0,0,0
4814,124.86,22,0.0,2.0,0.7354542402467839,0,1,0
4815,58.59,9,4.8,3.1,1.2548149791443468,1,0,0
4816,113.75,14,2.5,1.7,1.1046104464538165,0,1,0
4817,170.08,13,15.4,2.4,0.6246909039561165,0,1,0
4818,427.05,4,26.1,11.5,2.2057395262663326,1,1,1
4819,149.0,13,2.3,5.9,0.796605652169728,0,1,0
4820,120.8,15,6.8,3.8,0.8142652734027178,0,0,0
4821,34.7,11,2.2,2.8,1.0897045267687222,0,1,0
4822,32.66,17,3.0,0.9,1.2368138188471836,0,1,0
4823,13.49,12,1.8,0.4,1.325696880194555,1,1,0
4824,300.58,4,2.8,26.3,2.849917303322708,0,1,1
4825,94.5,12,13.6,0.2,1.215288742043147,0,1,0
4826,59.88,15,0.7,2.2,0.9395099800717758,0,1,0
4827,62.03,8,3.7,1.0,0.5731673809500326,0,1,0
4828,80.68,12,6.1,4.3,1.1717576178431368,1,1,0
4829,54.52,17,11.5,4.5,1.3957591429630893,0,0,0
4830,136.63,18,3.2,6.3,1.1880646002114437,0,1,0
4831,63.99,19,6.7,3.8,1.5993606752568605,0,1,0
4832,102.51,14,1.3,0.7,0.7967010823339602,0,1,0
4833,24.72,10,8.1,8.0,1.5196881681555998,0,1,0
4834,30.42,21,2.1,4.1,0.1,0,1,0
4835,132.25,9,8.7,5.2,0.94253826470642,1,1,0
4836,132.19,14,3.7,1.2,1.7145084925741747,0,1,0
4837,42.92,14,4.5,0.5,2.1166025338358603,1,0,0
4838,130.53,11,2.4,0.1,1.2738300991587803,0,1,0
4839,216.93,21,29.3,19.0,3.9324466697045395,1,1,1
4840,53.76,14,3.6,12.1,1.0115102798614524,0,0,0
4841,158.21,19,0.0,0.3,1.6181338144253679,1,1,0
4842,107.54,17,13.9,6.6,1.5475981008990967,0,0,0
4843,37.58,13,5.6,1.4,1.3867269663478203,1,1,0
4844,32.74,11,3.2,3.4,0.5289442715211028,1,1,0
4845,116.05,20,13.6,3.5,0.8926358413093077,0,1,0
4846,100.32,16,2.1,5.4,1.0219612012447468,0,1,0
4847,22.19,15,0.2,2.5,0.7272015620454864,0,0,0
4848,65.44,13,2.3,1.1,0.35421538617357773,0,1,0
4849,20.53,11,12.9,3.9,0.8307350650848476,0,1,0
4850,77.44,20,13.3,0.4,0.37606704335545305,1,1,0
4851,45.62,16,1.4,2.4,2.1618936769269084,0,1,0
4852,25.31,14,1.8,3.2,0.7667651199693599,0,1,0
4853,68.1,14,0.0,0.9,0.9185930108641254,0,1,0
4854,197.92,18,5.5,1.7,0.5388167549831897,1,1,0
4855,103.01,11,4.6,2.0,0.8173652480391181,0,1,0
4856,72.27,17,0.4,0.9,1.1047441558433932,0,1,0
4857,35.71,20,13.8,2.8,1.1269706723084574,1,1,0
4858,44.3,20,0.8,6.9,0.6867344433336222,0,1,0
4859,119.21,7,0.3,0.4,1.1598569697817378,0,0,0
4860,39.67,20,2.6,0.3,1.2093943919943155,0,1,0
4861,35.47,23,2.1,0.5,0.8022170568092628,1,0,0
4862,66.44,15,1.6,0.4,0.8510816815026263,1,1,0
4863,15.81,17,1.6,3.0,0.8987480241180107,0,1,0
4864,34.13,13,6.1,0.2,1.319767268194856,0,1,0
4865,117.13,22,0.9,3.5,1.2778177506285437,0,1,0
4866,5.46,13,0.7,3.7,1.1496374297302703,0,1,0
4867,27.54,8,0.9,2.7,0.8253633528328628,1,1,0
4868,91.75,10,1.1,1.9,1.4263276263363873,0,1,0
4869,36.7,23,1.9,2.3,1.1168943519637626,0,1,0
4870,154.41,14,0.2,0.7,1.3191504606713043,1,1,0
4871,5.14,7,5.0,1.0,0.6346030619040506,0,1,0
4872,76.83,10,3.3,4.4,1.5150231169191457,1,1,0
4873,41.66,12,5.2,3.8,1.0456433222363448,0,1,0
4874,36.19,7,4.7,11.5,1.774723775329217,0,1,0
4875,124.89,19,21.2,3.1,0.9021196427001191,0,1,0
4876,15.23,10,6.0,8.9,1.5644982842280242,1,1,0
4877,88.57,17,0.2,2.6,0.8003665368172015,0,1,0
4878,71.77,14,10.6,3.2,0.6710618164967749,1,1,0
4879,87.03,9,1.2,0.7,1.1631261776697834,0,1,0
4880,53.6,8,6.2,1.8,1.431840054564818,1,1,0
4881,5.44,15,11.9,0.4,0.7119604314667791,0,0,0
4882,118.93,11,4.6,1.6,1.0012299600639762,0,1,0
4883,77.6,9,9.9,4.0,1.3511480713923183,0,1,0
4884,22.58,16,0.5,4.8,1.4188339297054715,1,1,0
4885,469.72,16,15.7,21.4,4.1249267791244595,1,0,1
4886,78.5,9,0.8,0.3,1.234768307421925,1,1,0
4887,58.81,4,6.9,0.6,1.0541275203005864,0,1,0
4888,106.26,11,0.7,9.7,1.1925991025892788,0,1,0
4889,76.47,11,7.1,0.1,0.9090427135917489,0,1,0
4890,52.95,16,3.3,6.5,0.6584781420913284,1,1,0
4891,82.14,15,54.1,30.8,5.399600109288905,1,0,1
4892,89.76,13,0.0,7.6,1.3983025869119714,0,1,0
4893,168.1,12,5.3,3.7,0.7885703467013279,0,1,0
4894,98.78,16,2.9,7.3,1.5310619300558297,1,1,0
4895,44.23,19,5.5,1.2,0.7455743367323104,0,1,0
4896,62.52,11,4.3,1.3,0.7268965410936162,0,0,0
4897,32.69,10,2.1,0.2,1.2759515872158436,0,1,0
4898,60.31,13,6.9,2.9,0.8140864041984222,0,1,0
4899,119.29,17,3.2,1.0,0.7941043841872287,1,1,0
4900,160.48,17,4.9,1.0,1.2920881423795612,0,0,0
4901,68.25,11,6.5,2.0,1.2215145121336526,0,1,0
4902,108.87,15,8.7,0.4,1.0360991898403764,0,1,0
4903,66.07,16,3.9,1.2,1.0015381568505457,1,1,0
4904,37.58,8,4.7,0.6,1.3226550998538262,0,1,0
4905,172.32,12,2.4,4.9,0.9416004627187519,0,1,0
4906,209.21,14,5.4,3.8,0.40969681495733057,0,1,0
4907,88.27,9,2.7,3.9,1.3140225959538014,0,1,0
4908,22.82,15,7.1,3.5,1.1350186580535337,0,1,0
4909,42.96,14,3.8,0.7,0.8967012229413795,1,1,0
4910,260.45,2,14.5,17.6,1.5,1,0,1
4911,43.78,16,4.3,1.5,1.7274625413717244,1,1,0
4912,41.21,17,3.2,0.1,1.1761283861454712,0,1,0
4913,37.35,16,1.7,0.6,0.9899684076074935,1,1,0
4914,79.08,18,7.2,4.5,1.1094373638504553,0,1,0
4915,129.95,14,6.3,1.4,0.930054674615434,0,1,0
4916,50.28,10,6.0,1.9,1.2761956241616776,0,0,0
4917,104.87,14,8.1,20.7,1.8798336469970318,0,1,0
4918,22.64,12,5.5,1.5,1.0865926142669717,0,1,0
4919,30.64,13,3.6,3.3,0.8643474592259968,0,1,0
4920,26.68,18,1.3,5.5,1.1148641875644598,0,0,0
4921,19.58,15,5.2,6.8,0.8023043306848396,1,1,0
4922,82.15,10,1.4,5.1,1.1389874741519748,0,1,0
4923,81.73,16,6.9,0.0,0.7489744407409524,0,1,0
4924,130.18,12,5.6,1.1,0.6490844166890806,0,0,0
4925,111.1,15,1.9,4.0,0.4165608825808662,0,1,0
4926,29.89,13,2.6,4.8,1.0598109109596265,1,1,0
4927,97.22,18,5.4,0.5,1.0839385698699862,0,1,0
4928,131.81,19,16.8,24.3,2.785536283505926,0,0,1
4929,92.63,11,1.4,2.7,1.194845134529214,0,1,0
4930,12.07,14,1.3,0.2,1.3417504354044891,0,1,0
4931,104.58,6,7.3,1.0,1.321010884648342,0,1,0
4932,98.33,14,3.1,5.1,0.9017877633716704,1,1,0
4933,163.97,15,0.8,0.1,1.6212545121216464,0,1,0
4934,57.41,11,0.1,1.3,1.2869919313498643,1,0,0
4935,95.52,17,10.3,3.7,1.102181771446164,0,1,0
4936,135.61,17,2.8,5.1,1.1022494533209226,1,1,0
4937,22.22,16,6.8,1.1,0.989939319493266,0,1,0
4938,266.59,11,6.2,1.1,0.1,0,1,0
4939,399.94,21,16.8,2.5,6.735076725074533,1,0,1
4940,46.26,15,0.4,3.4,0.7789845790501875,0,1,0
4941,40.01,14,1.2,5.1,1.0202863572903695,0,1,0
4942,35.21,13,2.1,5.5,1.07056424395834,0,1,0
4943,26.09,14,3.4,1.1,1.1271543063873932,0,1,0
4944,126.09,13,0.7,0.1,1.3202891897331053,0,1,0
4945,127.18,20,5.4,5.8,1.1242854474950423,1,1,0
4946,158.83,22,3.2,2.2,0.7018492990405505,1,0,0
4947,87.21,18,2.2,7.1,1.7642538562637842,1,1,0
4948,49.49,13,13.4,0.1,1.086970352768957,0,0,0
4949,191.61,10,3.2,2.0,1.057640870838593,1,1,0
4950,108.87,11,10.3,1.3,0.7824180281598614,0,0,0
4951,45.82,16,0.2,8.0,1.3507274255150643,0,1,0
4952,11.99,15,8.3,2.4,1.2567292415134355,0,1,0
4953,165.23,14,4.4,6.0,0.16591946434460436,1,1,0
4954,155.64,16,1.4,0.2,1.0783918008340208,0,1,0
4955,33.99,14,0.3,5.0,1.0751436301139627,1,0,0
4956,68.07,13,6.1,4.3,1.0644546131195773,1,1,0
4957,10.6,15,18.3,6.5,1.5732619424635703,1,1,0
4958,4.82,14,3.9,0.1,1.020924417764848,0,1,0
4959,86.39,19,38.0,1.2,3.1500255443169918,1,0,1
4960,249.84,18,5.7,1.8,0.2914393156341948,1,1,0
4961,26.35,18,8.4,4.0,0.6171097741818122,1,0,0
4962,54.41,12,0.6,1.1,0.6017967125058458,0,0,0
4963,48.51,19,4.1,1.9,1.1401736206761237,1,0,0
4964,143.68,15,15.7,2.1,0.9192675998143319,0,0,0
4965,105.95,13,2.0,2.4,1.0242563306199466,0,1,0
4966,100.64,12,2.9,0.0,0.7091371626065457,0,1,0
4967,72.42,14,7.9,1.5,1.4502213789541567,0,0,0
4968,40.07,11,0.7,6.1,0.8469550613504683,0,1,0
4969,14.59,8,7.0,0.7,0.9509687605782471,1,1,0
4970,6.72,14,5.3,0.1,1.2355762479109438,0,1,0
4971,12.34,11,1.0,0.3,1.3820361429641908,0,1,0
4972,46.66,15,5.9,4.3,1.0501932097181794,0,1,0
4973,14.65,11,4.4,0.3,0.9945407730375827,1,1,0
4974,101.14,15,11.0,0.1,0.8359316168325084,1,0,0
4975,84.49,17,0.6,3.0,0.7783806998775024,1,1,0
4976,24.12,16,0.5,4.8,1.4713385209693104,0,1,0
4977,323.15,14,2.5,2.0,1.5595662734684086,0,1,0
4978,217.4,9,5.0,2.7,0.40234978164891055,0,1,0
4979,174.51,15,0.1,3.5,0.8416054641130236,0,1,0
4980,18.98,16,0.1,0.6,0.9960978414731797,0,1,0
4981,25.72,14,7.7,0.2,1.0330969353775965,0,1,0
4982,205.22,1,16.1,11.5,2.1954816962008885,0,0,1
4983,118.8,13,8.0,1.0,1.2946278885760802,1,1,0
4984,139.63,6,2.8,0.1,0.9068152405473663,1,0,0
4985,45.4,10,12.0,1.9,1.4275088755654253,1,1,0
4986,192.95,12,11.9,0.9,1.0849933559397922,0,1,0
4987,113.6,6,1.6,7.6,1.1261279769834889,0,1,0
4988,164.54,14,1.7,3.0,1.4495261062964808,1,0,0
4989,47.92,10,1.4,1.6,0.683453611900797,1,1,0
4990,61.69,9,11.2,4.0,0.7230800463682929,1,1,0
4991,50.93,16,1.7,1.6,0.5234829692867521,0,1,0
4992,94.76,15,14.0,6.6,1.2577287773288426,1,1,0
4993,136.43,16,0.1,4.8,0.8254274628130907,0,1,0
4994,104.03,15,3.1,0.8,0.8651120132140324,1,1,0
4995,86.31,7,4.6,5.7,0.8975628745368872,0,1,0
4996,43.63,16,0.2,2.5,1.0940789938601785,1,1,0
4997,109.5,8,1.6,0.3,1.2582780613279756,0,0,0
4998,58.32,15,2.8,0.8,1.017265097180654,0,1,0
4999,53.64,12,2.1,1.1,0.8351916165165649,0,1,0
5000,32.66,17,4.6,1.0,1.2824911206868528,0,1,0
5001,56.49,18,12.2,0.7,1.2963861371360434,1,1,0
5002,55.52,8,5.9,0.2,1.1553789037599105,0,0,0
5003,27.77,8,6.9,0.3,1.1986850910464448,0,1,0
5004,129.59,13,4.8,4.9,1.0602703756581888,1,1,0
5005,50.65,17,7.6,5.5,0.9468393911340912,1,1,0
5006,137.45,8,0.8,1.3,0.9574645740091897,0,1,0
5007,33.97,12,6.1,4.5,1.3728210053347012,0,1,0
5008,75.21,10,9.6,5.3,1.2321659268901188,0,1,0
5009,153.77,12,20.1,2.5,0.619266172401137,1,1,0
5010,74.15,13,4.3,0.2,1.1878118293702842,0,0,0
5011,427.86,22,32.1,24.4,1.9865168230493282,1,0,1
5012,33.2,13,5.6,3.3,0.8637935685395438,1,1,0
5013,53.12,8,5.4,0.2,0.6823356610951581,0,1,0
5014,422.64,1,75.6,1.9,2.6055076480208363,1,0,1
5015,27.55,10,17.1,2.2,0.7505518565847447,1,1,0
5016,14.97,10,6.0,2.9,0.7725399828428927,1,0,0
5017,56.35,22,1.0,2.2,0.9563179895762869,1,0,0
5018,166.75,16,1.3,8.3,1.251210961715699,0,0,0
5019,45.12,17,5.6,0.8,0.8597450124896526,0,0,0
5020,163.0,12,1.7,3.6,1.1357267215945024,0,1,0
5021,308.67,18,17.9,1.2,3.245757239224162,1,0,1
5022,8.86,17,15.9,2.6,1.1091539704059934,1,0,0
5023,35.98,13,2.2,1.3,0.6659703555527345,0,1,0
5024,42.09,15,8.7,2.8,0.9929354436145014,1,1,0
5025,87.21,20,3.8,6.4,1.2830686604669945,0,1,0
5026,48.58,5,1.1,9.6,0.6677445842303241,0,0,0
5027,170.63,17,1.4,3.4,1.3309139818502973,0,1,0
5028,70.84,12,5.7,0.4,0.9435775842080678,1,1,0
5029,79.11,14,1.3,2.6,1.3083314726724267,1,1,0
5030,114.68,13,4.4,3.5,1.1352885074384682,0,1,0
5031,29.73,12,4.0,3.3,1.5906766123244653,0,0,0
5032,35.66,15,0.6,1.4,1.2104939579664058,1,1,0
5033,123.28,17,3.8,6.3,1.5442755725016974,0,1,0
5034,90.3,8,4.1,1.1,0.9825487367478002,1,1,0
5035,23.96,13,0.3,2.7,0.977752020329398,0,0,0
5036,51.24,17,4.2,0.4,0.4876111955237744,0,1,0
5037,52.18,18,2.2,5.8,0.38467379731342377,0,1,0
5038,60.54,13,4.8,1.4,1.1207696129285154,1,1,0
5039,155.16,19,4.3,0.8,0.26584595755488005,1,1,0
5040,23.13,18,0.1,1.3,1.1282277077682006,1,1,0
5041,98.44,10,0.6,2.2,1.145728845819543,1,1,0
5042,22.56,19,4.6,5.3,1.4748414284405011,0,1,0
5043,124.73,6,5.6,0.9,1.3356202970670255,0,1,0
5044,101.19,19,1.5,0.7,1.0680199219437916,1,1,0
5045,401.99,17,44.2,40.1,3.839114318720565,0,0,1
5046,73.77,13,4.4,6.1,1.187229768817145,1,1,0
5047,39.45,7,9.5,5.8,0.7367886027922612,0,0,0
5048,233.39,21,65.3,5.2,3.4830282189844657,0,0,1
5049,137.92,18,0.8,0.2,0.6204635748007005,0,1,0
5050,92.25,17,0.2,1.9,0.8146525127513273,1,0,0
5051,45.4,14,9.9,2.6,1.0147756456465513,1,1,0
5052,114.93,23,6.8,1.6,0.4638234453306116,0,1,0
5053,174.17,11,2.0,1.2,0.2944718579336333,0,1,0
5054,3.81,18,4.1,5.6,1.2851991864287138,0,0,0
5055,43.23,6,3.9,1.3,1.4451020641642878,1,1,0
5056,82.46,12,10.5,1.8,0.7925676808712538,0,0,0
5057,119.9,16,3.0,1.6,1.6347578637790185,0,1,0
5058,44.2,16,1.7,0.7,1.0556469448960888,1,1,0
5059,25.0,8,13.1,9.5,0.1,1,1,0
5060,85.75,20,0.0,4.5,1.5681953493119627,1,1,0
5061,20.17,10,3.4,3.0,1.2174023868645785,0,1,0
5062,49.82,11,18.0,1.0,0.9494013573843435,0,1,0
5063,82.59,19,6.7,1.3,0.25362324066415143,0,1,0
5064,56.88,7,5.8,12.6,0.645229482462155,0,1,0
5065,124.67,21,9.7,5.4,1.3013555673479138,1,1,0
5066,151.74,15,3.1,0.3,1.0318718087948673,0,1,0
5067,17.05,14,4.5,11.2,0.48757805476467386,0,1,0
5068,8.63,6,5.3,0.4,1.1216549347022922,1,1,0
5069,11.63,12,6.1,1.9,1.528300098982105,0,0,0
5070,18.73,11,3.8,1.4,1.3211578485606512,0,0,0
5071,93.23,15,3.3,4.9,1.6270790172573977,0,0,0
5072,21.64,8,6.0,0.3,0.1,0,1,0
5073,81.46,15,2.1,3.3,1.624139037408884,1,1,0
5074,44.5,17,5.7,1.6,1.3250159735088163,0,1,0
5075,45.44,13,5.7,1.0,0.769489291884395,0,1,0
5076,38.98,12,9.3,0.8,0.7283218125643349,0,1,0
5077,72.88,13,4.0,2.3,0.7525087201574141,1,1,0
5078,78.91,10,2.9,8.6,1.1060960897839536,0,1,0
5079,64.34,11,3.4,1.0,1.837240458114071,0,1,0
5080,40.86,21,2.4,10.7,0.792172048180512,1,0,0
5081,119.8,20,1.1,2.8,1.5928179792677595,1,1,0
5082,27.66,12,3.9,2.2,0.605936597149806,1,0,0
5083,9.61,8,4.3,7.7,1.0262413860185235,0,1,0
5084,42.08,16,7.7,2.4,0.7820192393738801,0,1,0
5085,48.66,19,3.9,7.3,0.9125317119266251,0,1,0
5086,57.48,16,13.5,3.3,1.203648550766445,0,1,0
5087,25.45,22,3.8,0.0,1.196241420294764,0,1,0
5088,70.76,15,16.4,1.5,0.7376445585572535,0,1,0
5089,61.13,12,2.7,0.6,0.850881902676776,0,0,0
5090,65.68,16,6.4,5.6,0.944288997050914,0,1,0
5091,72.0,13,11.7,1.3,0.6889698996007063,1,0,0
5092,480.57,14,34.4,36.8,1.5,1,0,1
5093,82.75,12,1.6,4.9,1.0943891614459493,1,1,0
5094,439.21,4,5.5,63.1,3.1007187197734285,1,0,1
5095,62.9,21,15.3,5.5,1.5980356284428168,0,1,0
5096,43.47,19,7.6,0.6,1.5064085067419795,0,1,0
5097,125.9,13,0.5,0.2,1.2636790010984198,0,1,0
5098,85.44,22,1.6,1.5,0.7359479410326764,0,0,0
5099,7.62,9,15.4,0.3,0.8275628411679998,1,1,0
5100,86.35,9,3.0,5.1,0.7612426501014133,1,1,0
5101,105.77,13,0.8,5.1,1.2065963361671295,0,1,0
5102,159.54,18,10.2,7.0,1.015099749802218,0,1,0
5103,71.2,16,1.4,9.8,0.8574836091707134,0,1,0
5104,98.38,23,9.6,2.9,0.7743661565004385,1,1,0
5105,44.22,17,9.1,6.7,0.5239787738742341,0,1,0
5106,44.79,11,2.4,4.7,1.4331903551226977,0,0,0
5107,192.8,16,1.6,10.4,0.5755592259536301,1,1,0
5108,11.72,20,7.1,5.0,1.2524460587007178,0,0,0
5109,59.17,11,2.3,1.9,1.4492088373010938,1,0,0
5110,125.93,11,8.7,8.7,0.22233768204799131,0,1,0
5111,87.75,18,6.0,1.5,0.5721172685056823,0,0,0
5112,78.83,11,5.1,1.2,0.9867592023396772,1,1,0
5113,117.67,15,10.0,1.1,1.1950382988904398,0,0,0
5114,61.83,11,17.5,3.3,0.7669861068756593,0,1,0
5115,57.95,16,5.1,6.8,1.0242934246448088,1,0,0
5116,22.24,23,13.0,1.3,0.7517433417224086,0,1,0
5117,92.42,20,6.7,3.7,0.2417146175446876,1,1,0
5118,128.51,11,10.2,0.3,1.7074626425089838,0,1,0
5119,79.76,14,0.0,2.0,1.213051106079727,0,1,0
5120,72.05,9,13.8,0.0,1.2604088754602636,0,0,0
5121,49.79,8,0.6,1.0,0.7797120302226632,0,1,0
5122,97.11,23,10.5,1.1,0.8489404385447943,1,1,0
5123,116.8,13,3.0,13.7,1.2886335499494848,0,1,0
5124,57.0,17,5.0,5.3,0.904105890065757,0,1,0
5125,93.41,11,21.7,3.4,0.22108655006227984,1,0,0
5126,235.51,12,5.9,1.3,0.6470427328195032,0,1,0
5127,30.97,9,6.2,3.4,1.3312008052662259,0,1,0
5128,113.34,12,2.2,0.3,0.8847576264845204,1,0,0
5129,83.36,17,2.8,1.7,1.0508514528476658,1,1,0
5130,123.69,15,2.0,3.6,0.944157649546492,0,1,0
5131,78.96,12,3.5,2.7,0.8535156152747438,0,1,0
5132,99.34,15,2.2,4.9,1.3104681164505294,1,1,0
5133,19.21,12,7.9,0.2,0.6237344726938572,0,1,0
5134,87.84,11,1.7,9.1,1.4727400775710993,0,1,0
5135,14.89,17,0.4,9.2,1.3285623507158644,0,0,0
5136,90.63,8,1.6,3.1,1.150193481077736,1,1,0
5137,145.68,10,5.4,9.0,0.7949167639945228,0,1,0
5138,148.25,10,4.0,5.0,1.2090847271139706,0,1,0
5139,13.2,8,0.9,2.5,0.6689298357649787,0,0,0
5140,47.78,16,2.4,0.3,1.280765262881153,1,0,0
5141,69.57,17,3.2,0.1,1.2469164646292765,1,1,0
5142,30.77,6,1.3,1.1,0.5099993663947664,1,1,0
5143,75.48,14,3.0,1.9,1.089562638373759,0,0,0
5144,33.81,16,4.6,4.3,1.3311497185191343,0,1,0
5145,33.28,13,2.5,2.9,0.8108284888323949,1,1,0
5146,54.88,7,2.3,5.9,1.6387104086308306,0,1,0
5147,16.79,16,0.5,2.4,1.7202581324529156,1,1,0
5148,31.19,9,0.4,1.4,0.9013587848435611,0,1,0
5149,78.04,17,2.9,0.4,0.9504716604873766,1,1,0
5150,58.71,5,2.1,2.2,1.3867859693862878,0,0,0
5151,70.79,13,9.9,0.9,0.7053667739402587,1,0,0
5152,113.66,12,6.0,5.3,0.9857418939721798,0,1,0
5153,60.26,21,5.3,3.0,1.252353479775045,0,0,0
5154,37.4,11,7.9,6.5,0.8426562439902378,1,1,0
5155,88.83,14,2.3,0.7,1.2880994968558204,1,1,0
5156,77.44,15,0.5,0.1,1.3785957618093292,1,1,0
5157,208.76,16,4.6,2.2,1.1007082746280863,0,1,0
5158,117.23,13,3.3,2.4,1.25686856489073,0,1,0
5159,44.37,17,1.0,1.4,0.8705239558656837,0,1,0
5160,145.36,23,1.0,2.1,0.8770546276617979,0,1,0
5161,17.84,7,1.4,0.2,1.0179826254766249,1,1,0
5162,77.98,17,10.6,13.6,1.2056192387613547,0,1,0
5163,148.13,13,1.4,3.8,0.5590059008983748,0,1,0
5164,41.03,20,2.7,2.3,0.5786929479624283,0,1,0
5165,22.31,13,2.3,1.5,0.6121605736680208,1,0,0
5166,51.4,17,4.5,2.5,0.9311047109731829,1,1,0
5167,39.74,3,20.2,8.0,0.7377716937433234,1,1,0
5168,103.98,18,9.3,0.1,0.3442271468356921,0,1,0
5169,232.4,13,8.6,6.8,1.2251391259095705,0,0,0
5170,146.29,15,0.1,3.4,0.8853797383350915,0,1,0
5171,42.59,15,4.0,3.4,1.2825737291207027,0,1,0
5172,84.81,14,13.5,0.1,0.8060946526204757,1,1,0
5173,8.82,16,14.6,1.5,0.8239148031866708,0,1,0
5174,125.1,20,8.7,0.1,1.095016011347607,0,1,0
5175,45.9,12,17.3,0.1,1.5683597642230884,0,1,0
5176,140.69,11,2.2,1.0,1.1543120866666363,0,1,0
5177,1.19,17,3.9,6.5,0.8102573882831197,0,1,0
5178,60.7,15,5.2,6.5,1.1874495252606487,1,1,0
5179,153.35,14,0.1,1.1,0.7999182392722269,0,1,0
5180,71.35,14,6.2,4.2,1.5640652164740172,0,1,0
5181,30.49,14,0.7,7.0,1.2264013192305996,0,1,0
5182,146.37,11,2.1,4.1,1.0530918398893703,0,1,0
5183,215.56,14,1.1,3.8,1.2821103248415118,0,1,0
5184,31.5,11,1.3,3.7,1.3292111550344916,0,1,0
5185,101.59,14,2.6,0.1,0.9604246659224862,0,1,0
5186,49.55,8,7.2,0.4,0.6893969740274304,0,0,0
5187,87.94,14,1.1,2.5,1.7766272754963965,0,1,0
5188,118.13,12,3.1,2.3,0.69296143350758,0,1,0
5189,37.23,23,3.1,1.3,1.5065255152942543,1,1,0
5190,122.49,11,0.3,2.4,0.8172841764507744,0,1,0
5191,26.91,12,4.0,1.9,0.7925253629717667,0,1,0
5192,57.85,20,6.5,1.2,2.219347935695981,0,1,0
5193,119.71,18,0.1,2.6,1.2012532341350135,1,1,0
5194,29.67,14,1.1,0.3,0.7956089896520316,0,1,0
5195,107.69,10,0.6,2.5,0.7376761805556208,1,1,0
5196,242.46,13,13.8,2.9,0.7227205105372595,0,1,0
5197,102.86,16,9.4,0.5,1.3689517920690137,0,1,0
5198,87.63,14,5.1,0.8,1.1423948417529814,0,0,0
5199,122.29,13,10.4,5.7,1.8128601863380487,0,1,0
5200,20.26,14,4.6,5.2,1.309777960458729,0,0,0
5201,57.98,19,1.4,1.4,0.4071401147024488,0,1,0
5202,223.82,2,15.6,29.6,3.3156658020798604,0,0,1
5203,93.3,9,1.6,1.8,1.2577786988831927,1,0,0
5204,172.49,19,2.6,0.3,1.3224582281252533,1,1,0
5205,47.83,10,28.3,8.0,1.0800099461158288,0,1,0
5206,140.09,20,10.1,4.9,0.9116486741027778,0,1,0
5207,38.28,11,2.0,1.7,0.7208410690654263,1,1,0
5208,66.9,11,1.4,0.7,0.41878750755558536,0,1,0
5209,159.32,15,24.0,17.5,4.44341562233263,1,0,1
5210,95.29,12,1.0,0.4,0.8167190752394696,1,0,0
5211,34.4,14,18.1,5.7,1.3230068876753507,1,1,0
5212,152.81,16,3.7,0.3,1.0598928153731606,1,0,0
5213,211.9,16,7.6,9.4,1.1757959819402592,0,1,0
5214,421.05,0,81.3,13.5,4.453457736151721,1,0,1
5215,189.63,10,11.6,0.6,0.7874045391439037,1,1,0
5216,142.03,13,13.4,1.2,1.4212094335253977,0,1,0
5217,96.75,13,1.6,1.1,1.7385285217550868,0,1,0
5218,140.89,13,0.8,5.7,1.4225242072988111,0,0,0
5219,153.83,18,4.6,5.1,1.4311626441330452,1,0,0
5220,20.56,11,3.4,0.6,0.5318484609386847,0,1,0
5221,30.69,19,1.9,9.0,0.4326778520549387,0,1,0
5222,39.46,11,0.9,0.5,1.6892174679822216,0,1,0
5223,47.13,21,14.0,0.1,0.9545326207479959,0,0,0
5224,199.34,20,4.4,2.0,1.2977628911231158,0,1,0
5225,100.12,13,4.5,18.7,1.1948753391746045,0,0,0
5226,15.05,23,10.4,8.2,0.6245864221929143,0,1,0
5227,201.48,14,9.3,1.3,0.95182023614615,1,1,0
5228,32.63,13,2.7,0.7,1.0951965859561104,0,1,0
5229,53.53,16,3.3,7.1,0.27107502939229944,0,1,0
5230,16.91,6,9.9,3.3,1.36461494609158,0,1,0
5231,64.46,16,9.3,6.3,1.7975683870300054,0,1,0
5232,33.61,19,9.4,0.3,1.0475225662208956,1,1,0
5233,35.36,13,3.2,3.2,1.0087602527068995,1,0,0
5234,83.48,16,1.5,5.4,0.8662381815157073,0,1,0
5235,253.05,19,68.2,11.7,3.8060873071577146,1,0,1
5236,82.51,15,2.7,3.1,0.7308962320798356,0,1,0
5237,8.17,11,0.6,7.9,0.9465718977105232,0,1,0
5238,43.48,13,5.9,2.2,1.1543797892282674,0,1,0
5239,111.25,22,6.0,0.1,1.0446969838107127,0,0,0
5240,41.59,11,1.5,8.5,0.8709749480869343,1,1,0
5241,142.44,18,7.5,0.9,1.7823233732905066,1,1,0
5242,355.95,9,15.8,20.4,2.2423500103278577,1,0,1
5243,129.02,9,5.4,4.4,1.1049607817788405,1,1,0
5244,161.29,11,0.5,6.9,1.267469465117506,0,1,0
5245,50.35,18,4.9,0.9,0.35463054504990976,1,0,0
5246,38.19,16,5.2,1.1,1.794276024916333,0,1,0
5247,55.83,17,1.2,3.2,0.6002045642052454,1,1,0
5248,300.87,0,45.6,47.4,4.205917908387843,0,0,1
5249,77.26,16,15.8,1.5,1.6889747129852697,0,1,0
5250,37.59,16,0.1,1.4,0.9439722498390102,1,1,0
5251,159.78,7,0.9,1.8,1.2094665381298013,0,1,0
5252,29.85,12,11.3,1.6,1.0489362537275677,0,1,0
5253,155.5,16,4.2,2.6,0.8434491671735584,1,1,0
5254,77.12,12,0.3,6.6,0.6113531748838053,0,1,0
5255,1.83,15,7.5,5.4,1.4603532956444503,0,0,0
5256,90.68,17,0.3,1.4,1.1825150422638986,0,1,0
5257,64.5,16,0.3,2.8,0.5921541290062369,0,1,0
5258,77.12,16,2.8,4.3,0.8819173257530635,0,1,0
5259,77.44,11,5.1,1.1,1.1723708540349638,0,1,0
5260,28.78,6,1.5,1.5,1.0664168414148654,1,1,0
5261,87.11,19,3.7,7.2,0.8160800182394732,0,0,0
5262,45.86,18,16.0,0.7,0.6923560382407765,1,1,0
5263,27.72,8,11.2,1.9,0.9618814778982809,0,1,0
5264,62.1,5,13.8,5.4,0.9656388993593642,0,1,0
5265,189.73,13,3.4,6.0,1.0157039916101451,0,1,0
5266,123.48,10,4.6,5.5,0.9401210250717182,1,1,0
5267,15.64,7,0.0,4.9,0.9777403702369415,0,1,0
5268,121.65,13,0.1,7.5,1.7505313731809922,0,1,0
5269,161.6,11,3.0,0.9,1.375763105753221,0,1,0
5270,170.2,7,0.1,0.9,0.7136173831779535,1,1,0
5271,92.25,12,3.3,0.7,0.7289125646694139,1,1,0
5272,119.99,8,1.1,2.6,0.9876065811138844,0,0,0
5273,77.48,23,3.2,6.0,0.9384105279402507,0,1,0
5274,154.96,14,4.8,4.1,0.8695470379316276,1,0,0
5275,54.42,13,6.1,3.3,1.2417901909333937,0,0,0
5276,51.29,18,6.1,0.2,1.3138121250140924,0,1,0
5277,105.66,10,16.6,2.0,0.9692899682824201,1,1,0
5278,101.0,17,2.2,3.4,0.6392291211721289,0,1,0
5279,68.41,12,10.6,8.5,1.0922652361622651,1,1,0
5280,52.27,14,2.3,1.2,0.8962193002688112,0,0,0
5281,219.64,12,8.7,4.8,0.687012246394479,0,0,0
5282,83.97,12,4.7,0.5,1.048338531616472,0,1,0
5283,85.76,13,1.8,0.3,0.6341971909139432,1,0,0
5284,11.12,12,2.0,6.1,1.5838227184780065,0,1,0
5285,45.89,15,6.7,8.2,0.9187178616562769,1,1,0
5286,166.55,14,6.0,5.3,0.7093849360201931,0,1,0
5287,53.13,8,1.6,0.9,1.7203201669008967,0,0,0
5288,20.92,22,3.4,5.5,0.4415077618051,1,0,0
5289,20.22,14,0.3,4.7,0.6048713826997429,0,1,0
5290,15.89,8,8.5,9.1,0.6867059189188303,0,1,0
5291,76.13,14,1.1,8.5,0.6662250659376046,0,1,0
5292,84.02,12,3.2,0.7,1.714514048585976,0,1,0
5293,46.34,13,7.2,0.2,0.9992079864625053,0,1,0
5294,122.24,16,8.4,0.0,0.9055562334679617,1,1,0
5295,115.45,3,0.0,3.8,1.0532379302846997,1,1,0
5296,52.27,12,10.7,1.8,0.1,0,1,0
5297,57.43,11,3.0,2.5,1.5307634378664876,1,1,0
5298,65.59,10,5.3,1.5,0.6055452551320111,1,1,0
5299,51.29,11,16.5,3.6,0.5832099198251729,0,1,0
5300,65.17,18,7.7,5.2,0.5512313904369943,0,1,0
5301,69.47,12,2.9,3.1,0.9195429288092888,0,1,0
5302,327.62,13,4.9,1.8,1.4388514039545375,1,0,0
5303,27.48,11,2.5,1.6,1.1181925337518601,1,1,0
5304,147.43,11,8.7,1.1,1.0139849037549862,1,0,0
5305,116.2,17,15.4,9.2,0.9518291019604717,0,0,0
5306,11.04,15,4.0,1.5,1.663969984556708,0,1,0
5307,55.48,22,17.8,5.1,1.3985136632980513,1,1,0
5308,58.56,16,1.8,7.2,0.4729932721966469,0,0,0
5309,163.92,12,7.0,1.3,1.1814586053820517,1,1,0
5310,85.07,19,4.1,0.6,1.649327273558884,1,1,0
5311,104.35,22,4.8,0.5,1.0743481205472427,0,0,0
5312,160.23,21,7.3,5.8,1.0498952978599663,0,1,0
5313,161.89,15,1.2,0.7,1.1394326992626913,0,1,0
5314,77.21,10,0.9,0.5,0.5340265676527285,0,1,0
5315,43.05,12,2.5,2.0,0.5764461154289239,0,1,0
5316,118.51,17,7.3,0.6,1.4546435395237383,1,1,0
5317,131.06,13,2.5,1.7,0.12330064657897477,0,1,0
5318,73.91,19,0.8,0.4,1.027677656441788,1,0,0
5319,2.33,14,0.4,1.7,1.1783817220743327,0,1,0
5320,319.06,8,26.3,135.5,2.603240233511115,0,0,1
5321,92.15,9,1.3,1.3,0.1973106951669793,0,1,0
5322,28.64,18,2.1,0.6,1.498048874361337,0,0,0
5323,108.05,8,19.7,4.6,0.8487441583141659,1,1,0
5324,52.53,8,3.1,1.8,0.6384616864579256,1,1,0
5325,122.08,23,1.6,0.9,0.7047658059209458,0,1,0
5326,185.7,13,0.8,0.4,0.8502138119512066,0,1,0
5327,26.42,14,10.5,6.8,1.1600786924956212,0,0,0
5328,222.4,12,120.0,28.8,1.8584303082564126,0,0,1
5329,36.12,9,9.6,1.6,1.161243891013798,0,1,0
5330,49.45,18,3.3,4.3,0.868083309534636,0,1,0
5331,78.17,23,21.1,0.7,0.7706275641476579,1,0,0
5332,207.84,13,27.9,1.1,1.0392329043944157,1,1,0
5333,64.44,14,18.6,4.3,0.9834435103360751,0,1,0
5334,58.39,17,2.9,6.0,0.8338659406486004,0,1,0
5335,44.23,14,4.5,5.2,0.772565420209442,0,1,0
5336,29.64,12,10.9,1.8,0.7713577933565612,0,1,0
5337,237.67,15,4.2,0.9,0.5268673941191022,0,1,0
5338,188.64,17,1.0,3.3,1.3288461622920202,0,0,0
5339,84.43,11,1.1,1.0,0.999897657529775,1,0,0
5340,32.05,15,10.5,3.5,1.3461011949410722,1,1,0
5341,66.35,15,1.7,2.0,0.7387049913591093,0,1,0
5342,44.09,8,4.8,4.3,0.941144708523511,0,1,0
5343,403.14,12,10.1,0.3,1.3578147664791762,0,1,0
5344,69.78,14,2.1,3.3,1.3763641574187369,1,1,0
5345,189.35,14,0.4,7.3,0.9867702208754042,1,1,0
5346,63.22,11,15.1,7.6,0.6141870936962499,1,1,0
5347,77.43,11,3.4,1.0,0.7850000914350159,1,1,0
5348,56.18,12,9.2,3.1,1.4595952114772222,0,0,0
5349,120.9,15,4.2,1.2,1.7517510068763764,0,0,0
5350,12.97,8,0.1,3.1,1.1022407015745144,1,1,0
5351,108.82,16,1.6,3.3,0.5485903255717541,0,0,0
5352,51.63,10,15.9,7.1,0.9312579840467051,0,1,0
5353,348.32,10,3.8,13.8,2.9006108269433843,1,0,1
5354,46.83,10,10.0,4.6,0.4329792287701393,1,1,0
5355,122.2,19,0.7,0.8,0.7159128676081228,0,1,0
5356,16.83,21,3.0,4.8,0.7516843596509146,1,0,0
5357,42.52,17,9.0,4.0,1.5949929188368963,0,1,0
5358,85.71,14,9.4,0.9,0.39561984408629236,0,1,0
5359,67.27,14,0.6,5.2,0.33693699203322636,0,1,0
5360,40.25,11,5.6,5.0,0.8299227627728729,1,1,0
5361,123.66,12,3.3,4.1,1.0237658049206395,0,1,0
5362,77.57,15,1.2,1.2,0.6794530567920771,1,1,0
5363,87.81,4,0.5,1.5,1.2282089773756768,0,1,0
5364,75.55,10,10.9,0.3,0.43580762021134023,0,1,0
5365,183.87,20,0.5,2.4,0.9614530221623347,0,0,0
5366,19.97,9,1.1,3.0,1.0936748585719755,1,1,0
5367,20.59,17,2.3,1.6,0.9967156823835502,0,1,0
5368,32.25,23,0.7,9.5,0.9180553137194591,0,1,0
5369,180.85,18,1.9,2.2,0.7620162430432932,0,1,0
5370,143.87,11,1.7,2.9,1.519262924116732,0,1,0
5371,23.56,12,0.1,2.6,0.9509222965626625,0,1,0
5372,127.29,15,1.1,5.1,0.9213692385133312,0,1,0
5373,30.27,16,18.9,1.5,1.160198122897802,0,1,0
5374,98.28,17,4.7,0.6,1.0747899625699062,0,1,0
5375,104.76,12,7.4,0.1,0.4000816732646909,1,1,0
5376,7.37,14,3.4,1.9,0.9124795355326458,0,1,0
5377,50.23,12,2.7,0.4,0.7862912779069369,0,1,0
5378,350.42,2,17.6,7.2,1.5,0,0,1
5379,118.8,5,1.8,4.2,0.854108119925701,0,1,0
5380,133.77,17,0.1,1.5,0.4094414703865127,1,1,0
5381,73.84,12,3.7,0.3,1.24122320822701,1,1,0
5382,86.97,6,3.7,14.5,1.2853176310587078,0,1,0
5383,67.71,19,3.8,3.1,1.2739916488276128,0,1,0
5384,16.59,12,0.7,0.1,1.42236984604678,0,1,0
5385,136.71,13,9.0,5.1,1.3175582583937302,0,1,0
5386,39.13,12,2.3,3.1,0.876700213976486,0,0,0
5387,93.99,16,0.2,3.6,1.2196986044649625,0,1,0
5388,210.15,9,3.5,4.1,1.052109501592609,1,1,0
5389,131.39,10,5.3,0.9,0.5001244262487017,1,1,0
5390,106.34,14,10.4,8.7,1.2242787025916901,1,1,0
5391,101.15,14,9.4,1.4,1.1376119350961824,0,1,0
5392,38.76,13,3.9,0.7,0.5350672240209171,0,0,0
5393,94.35,17,0.1,3.4,1.17962384835868,0,1,0
5394,88.91,13,10.0,1.1,0.9358901745488034,1,1,0
5395,33.54,7,1.2,1.7,0.588282829167662,0,1,0
5396,48.01,10,1.9,0.4,0.4657460657613256,0,1,0
5397,119.1,11,1.0,3.9,0.7646329699938076,1,1,0
5398,18.87,15,14.7,5.0,1.0185961404800132,0,1,0
5399,34.82,11,9.8,2.0,1.5712374518496897,1,1,0
5400,21.08,11,7.1,5.1,0.7684291387669369,0,1,0
5401,130.1,21,11.6,1.5,0.9410013880016156,0,1,0
5402,98.17,13,6.8,11.6,1.475160810389122,0,1,0
5403,848.67,17,13.8,3.1,1.8240815763018001,1,0,1
5404,82.83,21,0.3,5.2,1.2596239678389507,1,1,0
5405,52.35,9,0.8,0.3,1.4718644900633957,0,1,0
5406,34.52,18,4.2,8.8,0.9163900575023474,0,1,0
5407,71.47,15,4.5,3.5,1.1665550013523664,0,0,0
5408,138.29,14,0.0,3.1,1.0885659480324044,1,1,0
5409,54.19,16,7.4,2.3,1.059206056275347,1,1,0
5410,52.2,16,13.7,5.0,1.7074144076119913,0,1,0
5411,65.83,8,5.7,0.5,0.7891425261985096,1,0,0
5412,4.17,19,0.8,1.6,0.8322689337675361,0,1,0
5413,69.96,9,5.5,2.0,1.2737986292691603,0,1,0
5414,32.75,14,2.3,4.7,0.7023735779267132,0,0,0
5415,45.95,15,12.0,3.8,0.9207050555545324,1,1,0
5416,139.2,15,3.5,1.5,0.8140125728234671,0,0,0
5417,142.47,14,17.7,2.0,1.5550157660724957,0,0,0
5418,87.59,11,1.7,2.3,1.3078259705047044,0,1,0
5419,116.01,12,14.5,1.2,0.8722992147020929,1,1,0
5420,141.86,15,2.1,2.9,1.0081889776285664,0,0,0
5421,159.05,11,2.6,0.7,1.4079921462282665,0,1,0
5422,135.03,20,10.5,0.9,0.656141468323264,0,1,0
5423,182.07,22,137.1,20.9,4.9691200191855405,0,1,1
5424,66.33,13,0.2,1.2,1.002601771973587,0,1,0
5425,113.14,12,6.5,13.7,1.5939736155469704,1,1,0
5426,166.96,16,43.0,2.3,5.013050899427837,1,0,1
5427,241.0,19,5.2,2.1,1.1115942598391162,0,1,0
5428,191.41,17,93.0,12.8,1.5590536684989056,0,0,1
5429,88.2,19,0.2,4.9,0.98021440329228,1,1,0
5430,72.55,13,2.9,1.4,0.8108325436542667,0,1,0
5431,55.6,10,9.2,2.5,1.1236976444920737,1,1,0
5432,207.48,16,0.5,0.4,0.5615141916350863,0,0,0
5433,45.52,8,8.5,10.0,0.6957007300052903,0,1,0
5434,56.03,11,0.2,1.7,0.5793820285043245,0,1,0
5435,3.77,16,1.8,3.2,1.5743463660675034,0,1,0
5436,532.41,7,27.3,35.1,4.991091438781629,1,0,1
5437,57.16,11,5.3,8.1,1.3522843960844289,1,1,0
5438,48.53,18,0.5,3.8,1.6287151632452503,1,1,0
5439,43.67,22,8.8,0.9,1.1275472422268913,0,1,0
5440,144.42,10,4.1,0.1,1.3150467008249975,0,1,0
5441,119.46,8,0.3,0.9,1.2693187305133162,0,1,0
5442,26.9,5,0.0,8.4,1.060645133070496,0,1,0
5443,21.4,15,13.2,6.0,0.5064541596852845,1,1,0
5444,16.27,9,1.5,1.3,1.213261767047137,0,1,0
5445,31.83,14,4.9,6.5,1.6248120060117506,0,1,0
5446,19.35,14,7.5,1.4,0.6072404665284098,0,1,0
5447,66.36,11,18.0,0.4,0.8767510037308803,1,0,0
5448,94.49,18,7.0,0.3,0.8839211287539007,0,1,0
5449,214.87,14,0.4,14.3,0.9013548572209928,1,1,0
5450,142.26,14,10.9,6.2,1.3402908980923758,0,0,0
5451,60.68,15,1.1,0.2,0.5021269777243893,0,1,0
5452,82.2,13,1.3,0.8,1.4357146064060842,0,0,0
5453,86.37,16,2.2,6.4,0.9691298524060943,0,1,0
5454,38.69,16,1.1,0.8,1.1199138496806658,0,1,0
5455,97.58,19,11.2,1.5,1.2142609815115293,0,1,0
5456,28.55,17,17.0,2.4,0.35551378987230997,0,1,0
5457,57.97,17,1.9,0.6,1.4540973571365243,1,0,0
5458,216.97,22,28.7,10.5,2.9796953695431583,1,0,1
5459,24.9,10,2.8,0.7,1.0174637863337308,0,1,0
5460,82.84,15,0.9,12.8,0.1,0,1,0
5461,85.72,16,0.9,8.0,0.7264290742207186,1,1,0
5462,314.65,11,5.3,2.5,0.753774881458972,0,1,0
5463,41.55,18,14.4,1.5,0.6877927582974563,0,1,0
5464,36.29,13,0.3,4.6,0.5220643384289096,0,1,0
5465,137.54,10,31.0,5.3,3.6151660813353863,1,0,1
5466,62.66,12,6.3,1.1,1.1398622179007152,1,0,0
5467,86.93,13,1.6,10.6,1.2492230519107141,0,1,0
5468,238.88,18,120.8,17.8,5.201175397542973,1,0,1
5469,130.24,16,3.1,1.4,0.9011788133742633,0,1,0
5470,120.42,9,3.1,2.1,1.0197261922239453,0,0,0
5471,197.58,22,4.5,0.5,1.7473300929108204,0,1,0
5472,98.37,14,0.7,4.6,0.6254879830652327,1,1,0
5473,97.57,14,4.1,0.8,1.6437406624865005,0,1,0
5474,78.29,5,6.2,1.2,1.0548245074822122,1,1,0
5475,55.04,9,2.6,2.4,0.7634417841465398,1,0,0
5476,449.83,3,6.8,24.5,3.368742677595873,1,0,1
5477,175.07,19,0.3,0.6,1.0820433671267702,0,1,0
5478,107.04,15,56.7,10.6,2.5890517792017893,1,1,1
5479,47.23,12,0.0,2.1,1.2009631503709284,1,0,0
5480,10.86,16,0.0,1.3,1.0323108994141164,0,1,0
5481,115.7,9,1.7,0.5,1.3908458290710732,0,0,0
5482,126.04,11,12.9,7.9,0.4334416791595217,1,1,0
5483,123.24,18,3.3,8.4,1.3169602433884084,1,1,0
5484,37.1,11,9.9,1.9,1.9044967556511265,0,1,0
5485,128.92,9,2.4,0.1,1.1076870257909017,1,1,0
5486,109.55,19,3.1,0.7,1.0096894467079338,0,1,0
5487,144.12,12,0.2,4.0,1.113586753448599,0,1,0
5488,33.71,15,1.3,1.7,1.0973242103870928,0,1,0
5489,40.77,8,2.8,0.5,0.6582544278384355,0,1,0
5490,37.2,13,1.0,0.9,1.5511612571491402,0,1,0
5491,119.37,12,3.3,3.0,1.2848362017478532,0,1,0
5492,103.28,21,1.1,0.5,0.518671030032138,0,1,0
5493,64.55,20,0.2,7.9,1.2357199537230694,0,1,0
5494,28.9,8,6.0,1.1,1.5220851402302829,1,1,0
5495,8.55,16,5.0,1.9,1.6019388001268067,0,1,0
5496,142.52,9,4.6,4.5,1.0994464805023376,1,0,0
5497,92.96,15,1.7,6.9,1.030065311754146,0,0,0
5498,63.15,12,0.2,6.5,1.569026687098181,1,0,0
5499,51.82,16,11.6,3.8,0.8157421043844502,1,1,0
5500,55.57,5,2.0,0.2,1.8186353133838047,1,1,0
5501,44.31,13,0.5,0.4,0.6964874643927145,1,0,0
5502,31.22,7,6.9,2.5,0.9339654443107438,0,1,0
5503,143.78,9,2.2,8.6,0.9910953946688387,0,1,0
5504,60.76,10,3.6,1.7,0.9451675038701127,1,1,0
5505,38.59,11,7.4,2.7,0.8201775044882167,0,1,0
5506,15.86,14,9.4,1.7,0.5927019826116189,0,1,0
5507,29.76,6,11.4,1.7,1.112038803615217,0,1,0
5508,50.23,17,2.7,2.7,0.1,0,0,0
5509,226.1,22,30.4,15.6,2.8263628833845598,1,0,1
5510,17.27,7,6.7,0.3,1.2517645804753996,0,1,0
5511,9.48,11,2.4,1.2,1.5685200180721672,0,1,0
5512,197.42,19,5.9,1.4,0.3867833558559586,0,1,0
5513,112.71,15,6.6,2.1,0.8061066168852071,0,0,0
5514,125.46,15,1.2,0.1,1.3610079543946203,1,1,0
5515,45.02,14,1.3,1.9,0.8163075292621809,0,0,0
5516,20.22,15,3.4,1.7,1.0738977961834495,1,1,0
5517,90.43,18,1.6,8.0,0.9237255400615872,0,1,0
5518,58.69,12,11.0,3.9,0.5824363406691393,0,1,0
5519,255.32,11,14.2,5.0,1.5534508175435606,1,1,0
5520,96.27,11,3.0,3.3,1.0862838575568186,0,0,0
5521,47.83,13,3.6,1.4,1.0461633276086224,1,1,0
5522,128.59,16,2.6,3.8,0.8352181798401864,0,1,0
5523,45.34,18,0.2,0.1,0.7684644096631024,0,1,0
5524,57.81,16,7.0,5.5,1.2482270756811307,0,1,0
5525,48.9,14,4.7,0.6,0.6217590043213463,1,1,0
5526,89.58,15,1.3,0.9,0.8045891304061626,0,1,0
5527,97.06,12,2.6,5.5,1.4924729281733107,0,1,0
5528,34.17,13,11.7,1.3,0.8227250639796309,0,1,0
5529,40.36,22,5.8,8.6,0.9295952160088831,0,0,0
5530,417.48,12,14.8,19.7,1.5,1,0,1
5531,36.95,12,4.1,0.0,0.9716567364296089,0,0,0
5532,73.88,12,6.2,0.2,1.2502945272477797,1,1,0
5533,9.39,16,0.1,0.8,1.4366839993079938,1,1,0
5534,110.82,19,3.0,8.5,0.1950867888368163,0,1,0
5535,187.75,16,2.9,1.7,1.5566026647812974,0,1,0
5536,159.36,13,5.1,1.3,0.67705335280191,1,1,0
5537,34.9,11,13.7,7.0,0.731995783795135,1,0,0
5538,96.04,9,1.4,3.5,1.0931465114079322,1,1,0
5539,33.88,11,8.0,1.8,0.8665280440553926,0,1,0
5540,54.72,8,0.4,2.2,0.7136179795790478,0,1,0
5541,31.44,10,2.1,1.2,0.22665839711608937,0,1,0
5542,44.67,11,2.4,27.9,0.7971981059506587,0,1,0
5543,59.0,18,1.5,1.7,1.4591728597716915,0,1,0
5544,98.41,12,6.4,4.7,0.43345628197081665,0,1,0
5545,47.49,18,10.3,2.6,0.5004767742833081,0,1,0
5546,208.52,0,30.3,88.8,5.108950421125221,0,0,1
5547,6.73,11,11.7,2.0,0.6643191395300707,0,1,0
5548,45.34,14,2.7,1.0,1.2097826714542943,1,1,0
5549,56.56,14,4.7,2.2,1.1499620525776562,0,1,0
5550,33.89,10,9.2,16.1,1.5909569058119644,0,0,0
5551,71.32,17,5.7,3.0,0.731171695553023,0,1,0
5552,44.29,14,0.4,7.5,0.9539360695972173,1,0,0
5553,90.68,14,0.2,1.6,0.9744901740499273,1,0,0
5554,45.38,18,17.9,1.0,1.1594527689969663,0,1,0
5555,61.12,16,10.5,2.8,0.7069055148637692,0,1,0
5556,94.1,14,6.4,3.4,0.8536772498785846,0,1,0
5557,60.16,14,1.0,9.1,1.731523154979096,0,0,0
5558,327.21,16,7.4,5.3,1.4001766706114613,1,1,0
5559,107.1,20,1.7,0.2,0.8848919260706488,1,1,0
5560,10.79,16,2.9,7.7,1.0435948563959907,0,1,0
5561,176.17,9,2.2,1.2,1.1044241089487994,0,1,0
5562,118.93,10,0.7,0.3,0.7683401108225334,1,1,0
5563,115.1,15,7.7,0.9,0.8634883401709347,0,1,0
5564,91.59,9,3.9,0.3,0.15153357375486298,1,1,0
5565,76.28,14,0.2,2.1,1.2057926423722578,0,1,0
5566,57.95,15,1.4,2.6,1.611393778035541,1,1,0
5567,80.33,13,0.7,0.1,1.4507470031252796,1,1,0
5568,72.07,15,2.0,3.6,1.231038431977288,0,1,0
5569,30.48,15,4.3,1.3,1.2449291907271374,0,1,0
5570,33.2,23,7.0,0.1,0.7972724623952644,1,1,0
5571,59.28,15,4.8,4.1,0.8867823955152294,0,1,0
5572,101.72,11,3.5,1.6,1.295222252735969,1,1,0
5573,127.88,8,4.5,2.3,1.1275012716985282,0,1,0
5574,25.12,13,1.8,0.8,0.6224382655431158,0,1,0
5575,281.99,6,18.5,37.2,7.722803026333656,1,0,1
5576,205.12,0,87.0,48.5,1.8098609910252517,1,0,1
5577,38.93,11,0.2,1.5,1.032440424897061,1,1,0
5578,51.36,10,4.6,2.6,0.6297001223269602,0,0,0
5579,279.4,8,2.1,7.4,0.7153332240163546,1,0,0
5580,91.11,17,5.2,2.7,0.9032763506637245,1,1,0
5581,122.9,17,10.7,8.8,1.7374500451363901,0,0,0
5582,122.26,23,18.6,2.2,0.22763966370972166,0,1,0
5583,224.98,13,23.5,26.0,6.049993388631961,1,0,1
5584,9.75,8,7.1,3.9,0.29272565296433717,1,1,0
5585,104.38,5,1.5,1.0,1.085351424304329,0,1,0
5586,24.67,6,3.2,3.1,1.6094198903436998,1,1,0
5587,8.78,11,10.5,0.7,1.1392681462657082,0,1,0
5588,50.52,15,4.4,11.3,0.545667106450347,0,0,0
5589,141.34,13,0.3,4.2,0.3382925023785308,0,1,0
5590,561.37,19,212.4,43.8,4.704329684932109,0,0,1
5591,100.09,15,1.6,13.5,0.5345203840871106,0,0,0
5592,31.95,14,0.2,4.3,1.362607049496308,1,0,0
5593,48.33,10,0.3,7.7,1.310721824883479,0,1,0
5594,31.85,15,1.2,4.0,1.0585489406750848,0,1,0
5595,112.25,20,0.5,2.3,0.9685108752540847,1,0,0
5596,42.03,16,2.1,7.2,1.1524903410737526,1,1,0
5597,126.2,17,4.2,1.1,0.2914145107745856,0,1,0
5598,15.72,1,1.6,2.9,0.9718142408312702,1,0,0
5599,50.02,13,3.5,2.8,1.6757605643481148,1,0,0
5600,246.05,10,2.6,0.7,0.6818388830056696,1,1,0
5601,88.59,15,13.5,0.1,0.887731737247485,0,0,0
5602,48.25,13,0.4,0.6,0.7918518298701795,0,1,0
5603,134.2,8,4.5,1.9,0.7576685699075622,1,1,0
5604,74.58,15,6.5,0.0,1.4136274859116251,1,1,0
5605,64.14,12,1.7,4.1,1.6701711245039457,1,0,0
5606,69.47,13,2.1,1.5,1.6617530724995346,0,1,0
5607,94.07,11,4.5,8.5,0.8729080157584364,0,0,0
5608,101.65,15,1.7,0.2,0.9843868190554772,0,1,0
5609,76.18,9,2.5,1.0,0.6822030864091132,0,1,0
5610,132.46,21,62.2,18.3,7.249582267641709,1,0,1
5611,28.96,13,0.4,5.3,1.2989045687236667,0,1,0
5612,46.69,9,3.8,1.4,1.1957969275176974,0,1,0
5613,28.35,6,3.5,2.0,0.7567506434452156,0,1,0
5614,50.89,12,10.3,4.2,0.9221699019229953,1,1,0
5615,63.14,20,7.6,3.0,1.1370573015285532,1,1,0
5616,93.8,18,25.4,9.8,0.4816987464775381,0,0,0
5617,205.17,10,2.7,0.7,1.3598529521087057,0,0,0
5618,237.18,6,4.0,4.4,0.2977255365759576,0,1,0
5619,36.17,9,2.3,2.2,0.7001889173706561,0,1,0
5620,14.33,9,0.8,4.8,0.6803184054868863,1,0,0
5621,48.55,14,12.4,3.7,0.774299520113522,1,1,0
5622,17.17,13,4.6,5.1,1.417213168919031,1,1,0
5623,43.71,10,6.8,4.2,0.707351468302666,0,1,0
5624,58.85,3,8.3,1.9,1.920783834353085,0,1,0
5625,36.85,17,1.3,0.0,0.9817030749457714,1,1,0
5626,24.54,12,7.4,1.7,1.7417472064711603,0,1,0
5627,41.2,15,1.0,6.6,0.7065552551639158,1,1,0
5628,55.58,4,1.0,1.3,1.0628842881420186,0,1,0
5629,35.57,13,1.4,0.2,1.6470046520693913,1,1,0
5630,65.92,16,3.4,0.3,0.9140982199187505,1,1,0
5631,58.2,12,7.9,2.7,1.3879497735403084,0,1,0
5632,57.01,12,3.8,5.6,0.9546036064978606,0,1,0
5633,217.82,7,2.8,0.4,1.4033551456604165,0,1,0
5634,60.46,18,2.3,4.5,0.22020800265824625,0,1,0
5635,29.19,10,5.7,7.7,1.3271558179204206,0,1,0
5636,135.51,13,19.9,9.8,1.6625693329263243,1,0,0
5637,132.82,17,12.9,1.8,0.15082626895917928,1,1,0
5638,83.93,19,10.2,2.6,0.9514865930648109,0,1,0
5639,59.98,11,10.2,0.6,0.4248824247039692,0,1,0
5640,16.58,17,0.2,2.3,0.3510062870839601,1,1,0
5641,45.88,13,5.2,1.5,1.0087337690789646,1,1,0
5642,41.5,16,0.7,1.6,1.32017805199597,1,1,0
5643,116.93,14,0.7,1.7,1.1278419831785915,0,1,0
5644,56.7,11,3.5,4.6,1.7667543361751676,0,1,0
5645,129.96,13,5.0,0.6,1.4618840923202352,0,1,0
5646,9.75,14,1.3,5.4,0.9977353658380886,0,1,0
5647,37.11,16,3.5,0.6,0.4616633523515429,0,1,0
5648,17.6,13,1.6,5.2,1.084622360301755,1,1,0
5649,44.12,12,0.1,0.8,1.2583658537805886,0,1,0
5650,24.69,14,0.4,1.0,1.6333809194739186,1,1,0
5651,192.35,21,0.3,0.9,0.8774236323328033,1,1,0
5652,66.41,19,10.9,0.6,0.9183436372910517,1,1,0
5653,19.34,11,3.0,3.7,1.4005363421977448,0,1,0
5654,245.82,12,18.1,5.5,0.5789367899521318,1,1,0
5655,92.73,6,1.3,0.2,0.5254085130898996,1,1,0
5656,26.48,19,2.1,15.4,1.06757578130462,0,1,0
5657,53.1,17,4.6,2.6,0.5799928208642551,0,0,0
5658,67.35,14,0.0,7.6,0.9793716509805999,0,1,0
5659,158.6,14,5.9,8.8,1.1065071983174548,1,1,0
5660,124.98,15,4.2,0.8,0.856320861452124,0,1,0
5661,100.11,16,3.5,0.3,0.751022892770648,0,1,0
5662,172.6,7,11.3,41.2,1.5,0,0,1
5663,56.43,21,3.6,1.6,0.28816407264136357,1,1,0
5664,47.31,10,0.0,0.4,1.375957260095599,1,1,0
5665,35.69,4,4.4,0.3,1.2629998888211402,0,1,0
5666,94.23,11,5.9,1.0,0.8627900375788404,0,1,0
5667,29.87,10,3.4,1.4,0.4997237988307356,0,1,0
5668,21.9,9,9.5,4.7,0.38953808382348853,0,1,0
5669,190.39,21,3.8,0.9,1.4559611365142575,0,1,0
5670,173.07,16,33.7,2.6,1.3548249595915232,0,1,0
5671,176.47,14,2.1,1.1,0.7518787826138414,1,1,0
5672,266.97,9,8.0,6.6,1.137799788089663,1,1,0
5673,64.05,13,0.2,10.7,1.5678180030062996,0,1,0
5674,100.4,13,7.4,10.2,0.8306351098789253,0,1,0
5675,210.97,3,29.2,98.0,4.760860875362232,1,0,1
5676,110.93,15,0.2,6.9,1.611668384993314,0,1,0
5677,21.81,23,8.3,3.8,0.6309767392097976,0,1,0
5678,101.67,13,12.6,2.3,0.6267151888480558,0,1,0
5679,34.06,15,13.9,3.6,1.2552591360339536,0,1,0
5680,88.61,16,2.0,6.7,1.1654292428793671,1,0,0
5681,193.52,15,5.2,5.4,1.5900540372122194,1,1,0
5682,141.9,16,2.3,5.5,1.1897048031173505,0,1,0
5683,98.11,15,2.1,0.0,1.013821895716541,0,1,0
5684,26.25,7,7.7,2.5,0.3032261662246688,1,0,0
5685,60.12,13,2.9,0.2,0.8642084119249119,0,1,0
5686,147.59,13,4.0,1.0,1.3003819039107476,1,1,0
5687,73.47,11,1.0,3.1,0.788037504156823,1,0,0
5688,22.61,6,5.9,5.0,1.384189466501434,0,1,0
5689,595.5,14,33.1,59.4,4.648599009597876,1,0,1
5690,188.08,17,7.1,2.2,1.2102076239928994,0,0,0
5691,95.0,21,1.4,1.2,1.6849784523180755,0,1,0
5692,140.88,17,0.5,4.5,0.987288595135224,1,1,0
5693,54.08,18,4.4,0.8,0.5437276716746149,1,1,0
5694,78.6,15,0.2,10.1,0.1,1,1,0
5695,73.97,17,9.4,2.1,0.6851330938570726,0,1,0
5696,30.9,9,4.4,4.8,1.2482225604708246,1,1,0
5697,6.42,12,3.9,1.3,0.7336277140780174,0,1,0
5698,289.89,15,2.4,0.8,1.296643509707824,1,1,0
5699,94.29,10,7.8,3.9,1.260568893466715,1,1,0
5700,46.92,19,2.5,3.0,1.3310116089569288,1,1,0
5701,99.08,15,0.2,22.6,0.5502695892434997,0,1,0
5702,101.7,14,1.4,0.8,0.6456948669824409,0,0,0
5703,46.28,10,10.8,4.8,1.0537323240084329,0,1,0
5704,13.42,13,6.6,6.1,0.9517346433599569,1,1,0
5705,135.77,20,2.4,1.4,0.5476708589905501,0,1,0
5706,30.58,8,4.2,3.4,0.475400306892226,1,1,0
5707,4.43,20,1.3,6.6,0.5862455286504237,1,1,0
5708,26.87,12,4.9,2.7,0.3845645196002059,0,1,0
5709,31.72,13,4.6,0.7,1.3421312905410656,1,0,0
5710,39.36,7,4.0,1.2,1.1243034470349091,0,1,0
5711,72.83,17,0.6,4.0,1.161229643239351,1,1,0
5712,50.94,5,1.0,1.2,0.1,0,0,0
5713,81.63,8,18.2,3.5,1.348057487677594,0,1,0
5714,51.0,11,7.3,0.6,0.5999585670932602,1,1,0
5715,73.39,0,10.7,5.1,1.1545303668282043,1,1,0
5716,117.29,18,6.5,1.2,0.9573082352858012,0,1,0
5717,88.84,17,2.2,5.4,0.50553861478505,0,1,0
5718,59.15,11,9.7,1.7,1.773569317381863,0,1,0
5719,32.44,14,0.2,0.0,0.3295838408402495,0,1,0
5720,51.11,10,2.3,1.4,1.5672181312619595,0,1,0
5721,191.44,6,8.8,0.3,0.9830189016843327,0,1,0
5722,40.35,15,1.8,0.0,0.595237770623674,0,1,0
5723,112.74,12,9.5,3.0,0.7080721135347776,0,0,0
5724,55.72,16,1.1,1.3,0.7129374677504112,0,1,0
5725,68.69,16,3.3,5.1,1.180931333715981,0,0,0
5726,227.56,9,0.9,0.3,0.1,1,1,0
5727,58.35,10,0.9,5.4,0.869394437416485,0,0,0
5728,55.59,9,5.5,2.1,1.3964902041311156,0,1,0
5729,44.46,12,3.5,2.3,1.1433161356104524,0,1,0
5730,122.61,14,9.7,6.4,0.9526500525920935,0,0,0
5731,8.55,12,2.0,2.5,1.4349789622736264,0,0,0
5732,101.93,13,5.1,6.3,1.13629313537797,0,1,0
5733,104.56,15,6.7,4.1,1.3248377766602217,1,1,0
5734,66.85,12,4.4,0.7,1.120466124829726,1,1,0
5735,203.87,12,3.1,6.7,0.8513254679401493,0,0,0
5736,160.47,11,0.3,0.5,0.9899651272707803,0,1,0
5737,50.6,11,3.9,4.9,1.139568788545976,0,1,0
5738,471.63,10,45.8,16.9,4.42568644999871,1,0,1
5739,47.89,9,6.9,0.5,1.1560841966713349,0,0,0
5740,119.01,14,3.2,1.3,0.5191092714492148,1,1,0
5741,119.6,8,5.7,2.0,1.1356204824993463,0,1,0
5742,10.68,15,2.1,0.2,0.9327130633223281,0,1,0
5743,84.55,15,6.1,4.7,0.719034566072891,0,1,0
5744,12.73,17,13.8,9.3,0.5522232419535693,0,1,0
5745,68.57,15,13.3,2.6,1.882233005618532,1,1,0
5746,2.41,18,13.1,2.1,0.9430573945345297,0,1,0
5747,42.36,11,7.9,0.7,1.3873059807118264,0,1,0
5748,102.73,14,2.4,3.7,0.33379158179423585,0,1,0
5749,23.07,11,0.3,2.0,0.9440830061362004,0,1,0
5750,86.55,14,0.7,4.1,0.6439241345460396,0,0,0
5751,76.67,14,3.9,0.6,0.9280908074740359,1,1,0
5752,66.41,15,0.8,1.4,1.0909846421272964,1,1,0
5753,160.23,12,4.7,0.4,0.4129218318729928,0,1,0
5754,23.4,11,2.2,5.0,1.0566750645860006,1,1,0
5755,26.26,6,2.6,3.9,0.8926970256309379,1,1,0
5756,21.14,16,2.8,5.2,0.7097154312300347,1,1,0
5757,100.7,14,4.4,8.1,1.4177180210174198,1,0,0
5758,12.35,16,9.0,2.0,1.448666029379495,0,1,0
5759,12.34,16,4.3,12.5,1.114096597285221,1,0,0
5760,42.14,5,2.8,0.4,0.8649571566769696,1,0,0
5761,12.11,15,7.2,1.2,1.0100039518156196,1,1,0
5762,62.24,13,9.9,2.2,1.03666004491514,1,1,0
5763,116.79,19,11.0,0.8,0.42331942196920436,0,1,0
5764,70.65,14,0.1,5.1,0.6603790448391058,1,0,0
5765,55.65,19,2.2,2.9,0.5446797545422843,1,0,0
5766,21.58,16,11.5,5.4,0.8819260874647117,0,1,0
5767,90.74,14,17.1,20.0,0.9514919062142778,0,1,0
5768,34.14,18,6.5,1.7,0.5958718669671401,0,1,0
5769,63.69,21,11.3,1.1,0.3146929422308756,0,1,0
5770,24.0,23,0.5,1.6,1.2039372242264506,0,1,0
5771,184.51,9,1.9,0.5,0.7805105146703035,1,1,0
5772,99.13,9,8.3,4.9,1.2613335044449059,0,1,0
5773,129.91,12,6.7,3.6,0.7824750945823901,1,1,0
5774,207.56,12,0.6,1.9,0.9478946959252379,1,0,0
5775,35.43,13,2.3,1.5,1.24882949390756,1,1,0
5776,51.22,15,9.4,0.8,1.9344522463263156,1,0,0
5777,100.7,10,1.2,2.4,1.1236587709043067,0,1,0
5778,121.42,11,1.2,1.1,1.086124144525265,0,0,0
5779,27.74,10,1.2,2.5,1.2134707885332838,1,1,0
5780,91.63,21,12.3,3.8,0.2582393712919082,1,1,0
5781,65.78,16,0.2,1.4,0.8197921736055352,1,1,0
5782,63.07,13,16.4,0.7,1.3018426915832486,0,0,0
5783,91.58,17,5.5,0.2,1.122827884887563,0,1,0
5784,116.59,17,18.5,0.9,1.011734344496323,0,1,0
5785,88.16,16,0.9,6.4,0.972082378740998,1,1,0
5786,40.51,17,3.7,0.6,0.8227449896107516,0,1,0
5787,52.48,21,0.6,3.1,1.5849375053954131,1,1,0
5788,54.74,14,22.6,0.2,0.9340045091952396,0,1,0
5789,65.73,15,2.6,5.6,1.1421743371151223,0,1,0
5790,67.2,8,1.2,1.3,0.7714826378966442,0,1,0
5791,42.97,15,9.5,0.2,1.3588197798337704,0,1,0
5792,76.94,18,0.7,0.5,1.1792579359538278,0,0,0
5793,48.72,15,2.5,2.5,1.0335848693078376,1,1,0
5794,39.83,21,5.3,7.7,0.1,0,1,0
5795,140.8,6,8.4,0.1,0.9761920093310278,1,1,0
5796,103.48,13,4.6,9.5,0.8317216464464526,0,1,0
5797,26.89,18,9.9,1.3,1.1729694280051897,1,1,0
5798,198.52,12,0.3,2.2,1.2129082956238106,1,1,0
5799,69.72,10,0.2,0.8,1.0704434072629936,0,1,0
5800,160.78,9,0.3,1.2,0.8416130422113494,1,1,0
5801,53.72,16,2.8,2.2,0.5835343660289207,1,0,0
5802,118.5,23,7.5,4.7,1.3010120128498932,1,1,0
5803,125.31,10,7.2,2.3,1.1763309972852445,1,1,0
5804,11.74,13,8.0,3.4,0.8961534456207106,1,1,0
5805,99.33,17,5.9,0.2,1.5010172288783128,0,0,0
5806,157.34,1,22.0,38.5,8.149110485333289,1,0,1
5807,123.45,15,18.3,3.9,1.1881212299517936,0,1,0
5808,9.41,16,4.7,0.5,0.5779448314585314,0,0,0
5809,31.11,11,0.7,2.0,0.141091955086718,0,1,0
5810,160.69,18,0.8,0.4,0.18690877025329422,0,0,0
5811,283.88,20,2.3,1.8,1.6712774777750448,0,0,0
5812,33.08,11,0.8,0.2,1.5837073959719432,1,1,0
5813,48.09,17,8.2,6.2,0.7773673872076513,0,1,0
5814,40.39,17,1.1,1.4,0.9266642793645385,0,1,0
5815,26.0,9,0.9,4.4,1.2010838656336529,0,1,0
5816,122.77,14,0.4,5.4,0.9123877479772666,1,1,0
5817,84.33,16,2.1,5.1,1.3611751560030692,0,1,0
5818,47.95,10,9.7,1.2,1.874987125102716,0,0,0
5819,104.62,11,0.8,3.0,1.1854514253522452,1,1,0
5820,105.9,8,8.3,1.0,0.8733176792086053,1,1,0
5821,108.75,7,1.3,0.8,0.8076839598490326,0,1,0
5822,48.95,15,8.1,3.6,0.7479265251312208,0,1,0
5823,190.01,12,3.1,1.6,0.9564004945701008,0,0,0
5824,116.22,15,7.0,2.1,1.2863652688337337,0,1,0
5825,24.64,14,4.1,1.7,0.6401282382074132,0,1,0
5826,150.07,16,0.7,4.6,0.7030578897769179,0,1,0
5827,65.19,11,8.2,2.7,1.2080337290739331,0,1,0
5828,33.08,16,2.1,2.4,0.7695621926499641,0,1,0
5829,51.93,15,1.4,0.3,0.9025325972914346,0,0,0
5830,41.32,14,1.4,3.3,0.8757690852850726,0,1,0
5831,182.5,13,24.2,7.2,2.6477030181858447,1,0,1
5832,69.64,20,0.9,4.0,1.3536855534262737,1,1,0
5833,67.1,19,0.3,3.6,1.4220219639414815,0,0,0
5834,141.29,10,35.3,46.1,4.733460342568611,1,0,1
5835,20.59,6,5.0,2.3,0.7215184695076495,0,1,0
5836,91.4,11,1.6,0.5,1.0642288184795148,0,0,0
5837,28.42,8,14.9,0.2,0.6517292882497785,0,1,0
5838,59.99,15,4.1,5.0,1.5465948445148543,1,0,0
5839,37.92,12,3.5,2.5,2.297853302692478,1,1,0
5840,50.12,8,10.9,0.2,1.2077536996831633,1,0,0
5841,60.88,11,4.6,2.5,1.0795909178471204,1,1,0
5842,226.67,22,6.2,50.2,2.1656194213334485,1,0,1
5843,19.45,7,6.4,1.8,1.1036290874729089,0,0,0
5844,132.89,16,6.5,0.5,0.9371083027158165,1,0,0
5845,81.53,11,0.5,2.6,1.1203114794871447,0,1,0
5846,49.39,5,1.2,0.9,0.7569898889191976,0,1,0
5847,76.34,15,6.6,1.3,0.7983285014408794,1,1,0
5848,71.37,13,5.1,7.6,1.2937153960571377,1,1,0
5849,83.77,10,4.6,0.7,1.7640159903863104,0,1,0
5850,110.55,13,2.2,6.2,1.6644243514652355,1,1,0
5851,77.21,9,12.5,2.8,2.0236509910486564,0,1,0
5852,91.77,17,4.1,4.8,0.6942985401602018,0,1,0
5853,85.25,6,25.5,2.6,0.8857197042273465,0,0,0
5854,65.59,6,0.9,0.1,0.5973763977489599,1,1,0
5855,45.94,15,6.6,1.7,1.5627446172766932,0,1,0
5856,38.93,14,3.6,0.7,0.7562083570279088,1,0,0
5857,51.17,18,2.6,2.5,1.600754509511559,0,1,0
5858,98.45,19,1.3,2.4,0.5852956331847121,0,1,0
5859,17.94,17,9.2,1.8,0.9960138174775187,1,1,0
5860,36.02,9,1.2,2.7,0.8443868553685961,0,1,0
5861,517.11,9,3.2,9.0,4.862713856092304,1,1,1
5862,41.0,13,0.3,1.5,1.7836559089485928,0,1,0
5863,111.72,14,0.5,4.4,1.1484747339248265,0,1,0
5864,28.23,14,2.9,1.6,1.644089475811144,0,1,0
5865,94.22,12,1.5,0.6,0.6796057602715306,0,1,0
5866,57.17,14,2.3,5.2,0.7531673440450422,1,1,0
5867,114.97,10,0.6,1.1,1.18678541220256,0,1,0
5868,54.13,10,8.1,1.5,1.2973244982150451,0,1,0
5869,42.04,14,1.2,0.6,0.8249169337285146,1,1,0
5870,117.53,21,5.2,2.8,1.1609909954241158,1,1,0
5871,47.51,12,4.4,0.8,0.9743447196811177,1,1,0
5872,23.19,15,4.9,3.8,1.2706491894232823,1,1,0
5873,76.13,12,0.9,0.2,1.5060568689603406,0,1,0
5874,49.28,13,9.9,0.9,0.33408182416970067,1,1,0
5875,167.74,14,51.4,69.5,3.503776330877315,1,1,1
5876,17.66,12,7.0,5.4,1.0403965940935238,1,1,0
5877,118.03,13,3.8,1.8,1.3472954734937108,0,1,0
5878,80.73,17,1.1,0.5,1.0937617656364447,1,0,0
5879,109.33,23,3.3,2.8,1.0964953247744775,1,1,0
5880,24.73,15,8.4,4.9,0.8798287157017399,0,1,0
5881,29.2,16,3.1,2.3,1.2778673464071721,1,1,0
5882,134.36,20,1.0,3.4,1.2320910514488963,0,1,0
5883,139.96,13,2.5,3.5,1.128440246610527,1,1,0
5884,79.7,23,7.2,3.0,1.1962802110034036,0,1,0
5885,87.66,20,4.9,7.5,1.3452344760148653,0,0,0
5886,238.48,18,16.5,32.4,2.5400532554537634,1,0,1
5887,71.73,15,2.6,0.6,1.0718464826587937,1,1,0
5888,138.27,8,4.3,0.1,0.40920434097131975,0,1,0
5889,17.88,15,9.0,2.0,1.2202308680030933,1,1,0
5890,147.64,7,4.0,2.3,1.4808650268961654,0,0,0
5891,22.36,18,1.6,4.3,0.9177596125500961,0,1,0
5892,129.08,7,10.9,3.8,1.1281494564677637,0,0,0
5893,14.54,7,0.1,0.7,1.0178177735943956,1,1,0
5894,25.36,19,6.2,1.4,0.6219523574139725,1,1,0
5895,73.01,12,0.2,1.2,1.7032541036508047,1,1,0
5896,59.74,19,0.3,1.3,0.8288846542089674,0,1,0
5897,64.7,17,2.2,2.8,1.071213939371168,0,1,0
5898,65.4,14,2.8,2.0,1.0420522249685025,1,1,0
5899,123.6,19,3.3,1.6,1.3433815129464588,1,1,0
5900,47.09,16,2.4,3.5,1.2090589031044485,1,0,0
5901,31.67,17,1.6,0.6,1.1949429538597793,0,1,0
5902,61.06,15,5.1,5.5,0.3695901226189746,1,0,0
5903,78.38,14,1.8,9.1,0.8701521192161049,0,1,0
5904,142.71,18,7.8,0.2,0.1,0,1,0
5905,405.48,23,5.9,165.1,5.71180995147491,1,0,1
5906,33.25,15,0.2,1.3,1.2232508903655583,0,0,0
5907,105.95,15,1.1,2.2,0.23727349979007584,1,1,0
5908,54.83,22,4.9,1.0,0.4578924237086609,0,1,0
5909,40.65,17,1.0,1.0,0.3906568202466981,0,1,0
5910,52.18,8,3.7,2.5,1.0677657260910214,0,0,0
5911,84.21,6,10.9,4.1,0.9900602860394405,0,0,0
5912,53.35,10,6.2,1.3,0.7109302896449731,1,1,0
5913,90.35,13,3.1,1.3,1.17319593275167,0,1,0
5914,19.99,13,8.4,2.9,0.7924452425248132,1,1,0
5915,31.91,15,2.4,9.9,1.4165160619981654,1,0,0
5916,55.23,13,1.9,0.7,0.692574634068472,0,0,0
5917,14.54,14,0.8,0.8,0.8397471921731298,0,1,0
5918,64.92,7,5.3,3.7,1.1961001156885431,0,1,0
5919,76.05,20,9.0,0.0,0.7420449463615404,0,1,0
5920,3.39,21,4.6,9.9,1.1073382922785882,0,1,0
5921,50.44,17,2.7,2.1,0.596637215477928,0,0,0
5922,109.43,13,4.4,0.4,0.4278520170154262,0,1,0
5923,103.02,11,2.9,7.1,0.703640028572695,0,0,0
5924,154.88,19,4.4,0.1,0.552933204547907,0,0,0
5925,74.46,12,2.4,0.2,1.0100227385160516,1,1,0
5926,119.88,11,8.9,7.2,0.9755981439757067,1,0,0
5927,348.97,2,6.0,10.6,6.040199363913496,1,0,1
5928,73.66,19,0.4,13.5,0.5024745924825154,1,1,0
5929,71.31,11,8.8,3.0,1.0799511753855393,0,1,0
5930,65.63,10,10.0,2.1,0.9295343498199097,0,1,0
5931,54.37,11,7.1,0.0,1.5126018043143197,1,0,0
5932,96.12,2,3.0,1.4,0.2487610515050287,0,1,0
5933,79.69,15,1.0,1.5,1.2721181810138158,0,1,0
5934,95.01,8,0.5,5.1,1.4411150976315397,0,1,0
5935,26.47,15,3.0,1.7,0.5074234045400168,0,0,0
5936,262.68,12,1.1,1.2,0.40907142176960953,0,1,0
5937,49.18,2,8.3,1.4,0.9505770883587042,0,1,0
5938,17.39,11,5.4,3.9,0.8691848876905623,0,1,0
5939,238.35,12,1.4,5.5,0.563806187461707,0,0,0
5940,48.35,14,2.2,3.7,0.1,0,0,0
5941,45.37,13,15.0,0.2,0.5518941903619989,1,1,0
5942,69.12,16,2.6,1.6,1.3699804957581332,0,1,0
5943,97.67,16,0.8,0.7,0.8352271344734737,1,1,0
5944,212.12,13,1.4,2.8,1.5199477228275406,1,1,0
5945,14.46,20,1.0,1.7,1.113216581086844,0,1,0
5946,92.08,8,0.4,6.3,0.8061805898635056,0,1,0
5947,53.22,13,0.4,2.2,0.8977576530484737,1,1,0
5948,42.16,16,5.5,0.9,0.28449115719585727,1,1,0
5949,114.74,13,12.6,1.4,0.9199988977838734,1,1,0
5950,31.23,10,0.5,4.2,1.3510045916823061,0,0,0
5951,61.19,18,2.8,1.1,0.6625131137944362,1,1,0
5952,78.95,14,8.9,0.8,0.7830262891518242,1,1,0
5953,33.98,12,8.3,0.7,1.8811620933830708,1,1,0
5954,215.84,9,0.0,0.5,0.658969983121771,0,0,0
5955,69.21,11,4.8,0.7,1.5468936440706784,0,1,0
5956,66.77,11,1.9,0.5,0.37031167814252763,0,1,0
5957,181.62,14,2.7,4.8,0.7830050255586775,1,1,0
5958,159.27,7,5.0,3.9,1.2400714180252976,0,1,0
5959,63.69,16,1.5,5.8,1.4855768618357228,1,0,0
5960,84.99,12,3.3,1.8,0.7686989406467125,1,1,0
5961,24.2,14,0.9,1.9,1.0527620520982128,0,1,0
5962,69.51,8,7.1,0.1,0.6855660347836472,0,1,0
5963,27.4,17,8.4,0.7,0.575203390632395,1,1,0
5964,52.79,5,3.1,2.0,1.4599907492800153,0,1,0
5965,53.61,13,3.3,0.3,1.1972594513746435,1,1,0
5966,117.06,16,1.8,1.0,1.7487852451622132,0,0,0
5967,85.63,20,0.6,5.2,0.6593550444387983,1,1,0
5968,22.38,8,11.2,0.2,1.3070799383702216,0,1,0
5969,109.56,18,14.1,0.2,0.5160746085716592,0,0,0
5970,57.65,12,3.0,1.0,1.326261233959093,0,1,0
5971,71.98,16,2.0,1.7,1.6774609617109517,0,1,0
5972,106.25,21,0.2,2.1,0.20001648893349688,0,1,0
5973,43.76,11,4.9,0.3,0.8234825959257984,1,1,0
5974,10.88,20,1.2,4.6,1.0495131007561584,0,1,0
5975,20.74,12,0.0,10.7,1.4600497728445823,0,0,0
5976,186.31,16,1.2,11.0,0.6812588197603184,1,1,0
5977,51.78,15,1.7,2.8,1.5983684624182781,1,1,0
5978,70.47,9,3.6,1.9,0.8299417978052529,1,1,0
5979,70.88,16,0.8,1.3,1.1753209982257764,0,1,0
5980,110.96,13,2.7,3.9,1.3012638899283229,1,0,0
5981,47.05,18,6.0,0.1,1.3435824589586849,0,1,0
5982,31.48,12,1.8,0.6,0.6711358376157375,1,1,0
5983,91.46,11,5.6,0.9,1.1668121106002307,1,1,0
5984,66.06,18,2.0,1.5,0.8109542901690183,1,1,0
5985,9.6,19,1.9,1.4,0.5575636525172858,0,0,0
5986,28.59,15,1.1,2.9,1.0935971342349788,1,1,0
5987,41.4,10,17.0,1.3,1.4037802634443213,0,1,0
5988,44.94,16,2.4,3.9,0.2682020096651687,1,1,0
5989,38.82,14,7.9,0.5,1.323911782613398,1,0,0
5990,86.35,15,1.2,2.5,0.9453510905003555,0,1,0
5991,92.51,14,0.9,1.4,0.8774559948695437,0,1,0
5992,66.66,10,5.5,13.7,1.5402361888959462,1,1,0
5993,129.05,21,1.8,0.9,0.943740036619942,1,1,0
5994,20.07,16,5.0,2.0,1.3311063091807127,0,1,0
5995,69.22,7,4.2,0.1,1.04641332771132,0,1,0
5996,94.32,18,2.7,1.9,0.9942246572450111,0,0,0
5997,916.59,14,24.0,60.7,1.5,1,0,1
5998,11.36,7,0.2,0.1,0.6369965815026764,0,1,0
5999,61.98,6,0.1,0.6,0.785094654879027,1,1,0
6000,30.75,16,0.1,4.7,1.0533653434203076,0,1,0
6001,103.62,6,11.0,9.2,0.3892480130668178,0,1,0
6002,39.11,15,19.5,8.9,0.4999390245101436,0,1,0
6003,34.01,4,15.1,5.7,1.6072226502236364,0,1,0
6004,128.21,10,0.4,2.0,0.5722482766898696,0,1,0
6005,106.4,13,2.3,8.6,0.78910249496179,0,1,0
6006,137.52,17,9.2,6.6,0.723273212259548,0,0,0
6007,16.18,18,4.8,5.2,0.6307933158692403,0,1,0
6008,63.52,9,0.7,0.0,0.606147807731928,1,0,0
6009,35.26,13,4.5,0.6,0.8636720133588003,0,1,0
6010,53.94,11,0.5,0.9,1.4519189643465933,0,1,0
6011,216.75,22,129.1,5.9,5.6901764338808505,0,0,1
6012,58.17,11,4.6,6.7,1.5988106873122154,0,0,0
6013,71.66,20,3.6,0.3,1.3560023554487441,1,1,0
6014,91.41,15,7.9,1.8,1.379250267599327,0,1,0
6015,47.07,13,4.6,15.2,1.1239233887865747,0,1,0
6016,68.21,14,5.1,9.2,1.1578235816310396,1,1,0
6017,254.33,13,11.5,3.2,1.0071037843908648,0,1,0
6018,168.81,16,35.2,29.3,4.981448846704575,0,1,1
6019,100.64,12,5.2,2.1,1.347225107470384,0,1,0
6020,5.64,10,3.1,2.0,1.4459444239746584,0,1,0
6021,105.2,14,0.5,3.1,0.9302585285512626,0,1,0
6022,114.72,8,2.8,2.9,0.8483539912627212,0,0,0
6023,64.83,12,4.5,3.4,0.8823152804562525,0,1,0
6024,65.25,19,9.7,1.3,0.291659541458252,0,1,0
6025,55.13,13,2.5,2.3,0.7579457363890246,0,1,0
6026,55.55,13,5.6,2.4,0.8195905313558821,0,1,0
6027,5.89,12,1.6,0.3,1.3380566471407538,0,0,0
6028,27.55,9,2.2,0.1,0.6940930125637514,1,1,0
6029,70.04,18,1.7,2.9,1.6677697608001294,0,0,0
6030,18.28,11,0.0,4.5,0.718102903950927,0,1,0
6031,59.25,17,0.3,0.5,0.8139142848028527,0,1,0
6032,117.85,13,9.1,5.2,1.2740544834588117,0,1,0
6033,47.58,16,10.6,4.0,1.012096252453316,0,1,0
6034,36.69,12,5.9,11.4,1.1729586122557623,1,1,0
6035,98.92,12,12.1,1.7,1.2136328115429138,1,1,0
6036,65.87,16,1.7,2.6,0.1,0,1,0
6037,36.66,13,2.2,0.1,1.0186653696150958,0,1,0
6038,67.84,18,1.1,1.1,1.3735772093174168,0,1,0
6039,50.53,15,7.5,0.3,0.9301193214464134,0,1,0
6040,60.95,10,4.9,6.9,1.0785909797349749,0,1,0
6041,263.41,15,0.6,1.0,0.5073345620022143,0,1,0
6042,143.79,14,3.6,1.3,0.4813145643261738,1,1,0
6043,25.85,18,9.9,1.6,0.33587701352484667,0,1,0
6044,112.01,17,4.8,0.2,1.3166220983820014,0,1,0
6045,59.93,13,4.0,0.5,1.7288026036326487,1,1,0
6046,83.69,7,5.5,0.8,1.4699990226919746,1,0,0
6047,18.46,18,1.3,2.0,1.2141711202432974,1,0,0
6048,119.1,12,7.2,1.3,1.3528892215778898,0,1,0
6049,129.4,8,6.1,9.1,0.5113112533057935,0,1,0
6050,171.71,9,1.6,2.5,1.246214940727906,0,1,0
6051,40.42,13,2.0,2.1,1.2482345694409167,1,1,0
6052,49.36,15,0.1,1.2,1.3986106533669227,1,1,0
6053,17.18,14,0.4,3.5,0.9111351374883895,0,0,0
6054,10.41,5,0.1,4.3,0.778167713338955,0,1,0
6055,180.67,11,7.0,10.2,1.6857435557644433,1,1,0
6056,65.02,17,27.2,1.1,1.2738232779113003,0,1,0
6057,123.18,14,3.2,2.2,0.9494144717930011,0,1,0
6058,96.02,12,6.0,1.6,0.3514789679350052,1,1,0
6059,136.79,9,4.3,3.2,0.8848015531617078,0,1,0
6060,86.72,15,0.9,1.4,0.5977730422206233,1,1,0
6061,180.5,19,3.2,0.7,0.6818951276529597,0,1,0
6062,63.04,15,0.5,5.1,1.562135752196704,0,1,0
6063,29.53,18,1.8,0.0,2.0780917635930605,0,1,0
6064,95.88,16,1.9,5.0,1.6792107694683787,0,1,0
6065,88.19,8,4.6,3.2,1.058785926378263,1,1,0
6066,96.34,10,3.0,5.9,0.1,0,1,0
6067,102.4,12,3.2,10.4,1.0363743449202065,0,1,0
6068,11.26,18,9.5,8.0,0.5044609427616176,0,1,0
6069,17.67,13,5.0,1.5,0.7087287007868808,1,1,0
6070,41.45,11,3.2,6.5,0.617448550705016,0,1,0
6071,73.76,10,5.7,1.2,1.151445910897488,0,1,0
6072,81.36,18,4.5,2.8,0.6929443278134875,0,1,0
6073,60.42,13,11.8,0.1,0.9787583569611542,1,1,0
6074,29.53,6,2.4,0.1,0.7060979171887615,1,1,0
6075,60.86,12,6.5,0.3,1.3170087481031154,0,1,0
6076,222.74,11,18.9,2.0,0.7331572060393177,1,1,0
6077,90.26,16,8.7,1.7,0.9276271112244519,0,1,0
6078,33.0,18,7.2,3.8,0.8426103339998909,1,1,0
6079,21.85,12,2.6,0.5,1.2283383978568088,0,1,0
6080,45.56,8,5.9,1.0,0.28773374586322087,0,1,0
6081,144.01,10,6.2,1.0,0.471441370650187,1,1,0
6082,160.84,14,6.3,3.2,0.6160097722022915,0,1,0
6083,58.71,13,4.4,3.7,1.2050558270614944,1,0,0
6084,58.17,14,12.2,4.3,1.0106840694247285,1,1,0
6085,151.04,16,4.6,6.0,1.2613953793488057,0,1,0
6086,74.68,11,9.5,2.6,1.3668316190483416,0,1,0
6087,67.07,11,3.5,0.6,1.0972342196237286,0,1,0
6088,172.82,19,3.3,0.6,0.8605098088654013,0,1,0
6089,95.11,15,2.0,3.8,0.35169656503654423,0,1,0
6090,49.32,17,1.9,5.6,1.0630722985844205,1,1,0
6091,83.82,14,0.4,1.4,0.9073635929145658,1,1,0
6092,101.19,9,5.1,7.6,1.5281084648570795,0,1,0
6093,102.81,9,0.6,0.8,0.9507096005222049,0,1,0
6094,22.42,8,18.7,0.7,1.345803728904349,0,1,0
6095,49.23,11,4.3,2.0,0.8655886124932357,1,1,0
6096,17.0,12,2.3,0.1,1.2101278183419242,0,1,0
6097,116.59,12,3.5,1.9,0.8924344290515008,1,1,0
6098,34.34,13,3.1,6.6,1.4318848500699386,0,1,0
6099,129.9,17,6.5,2.4,0.799448571338351,1,1,0
6100,366.95,1,43.6,12.1,4.362964265937582,1,0,1
6101,44.81,16,9.3,0.2,0.834114106856259,1,1,0
6102,108.93,8,3.6,0.8,0.45147361265134744,0,1,0
6103,67.91,17,2.0,4.7,1.1428492963645316,0,1,0
6104,50.65,18,14.6,5.0,1.263615610348827,0,1,0
6105,113.0,15,0.8,0.9,1.167133939325104,0,1,0
6106,22.78,8,9.3,1.5,1.0262999900716938,0,1,0
6107,169.69,14,4.7,0.6,1.1551691703495288,1,1,0
6108,116.37,14,6.1,0.8,0.8747078007184489,0,1,0
6109,47.7,6,9.7,1.8,0.11996713691087058,1,0,0
6110,65.56,7,6.0,1.4,1.3498550205474422,0,0,0
6111,203.5,11,3.7,0.3,0.9584034539231451,1,1,0
6112,37.08,8,1.5,9.6,0.7640779282309591,1,1,0
6113,388.57,19,8.3,1.1,4.387367352623741,1,0,1
6114,8.84,11,1.9,4.4,1.4361794284554812,0,1,0
6115,69.27,16,11.2,3.7,0.7589602734003236,0,1,0
6116,167.43,21,7.2,7.9,0.813437814420919,0,1,0
6117,17.95,14,0.8,5.3,0.6635411541221432,1,0,0
6118,100.6,19,7.8,3.1,0.8880617124590613,0,1,0
6119,349.73,14,1.3,1.4,0.7594365744572985,0,1,0
6120,136.51,18,1.6,5.7,0.5411745031368234,0,1,0
6121,278.83,18,4.1,1.0,1.1482505734627995,0,0,0
6122,63.01,17,0.7,1.1,0.5433000032262112,0,0,0
6123,86.39,19,2.9,0.8,1.142854913528328,0,0,0
6124,34.41,15,4.1,1.0,1.1940583592821112,1,0,0
6125,318.39,15,3.0,1.2,1.0151737275595842,1,1,0
6126,69.51,9,0.9,4.7,0.7612173178056588,0,1,0
6127,169.37,7,7.5,0.1,0.3477465524285135,1,1,0
6128,10.65,15,3.5,1.8,1.7845392906648314,0,0,0
6129,109.67,8,3.9,32.6,5.320563412648671,1,0,1
6130,31.82,14,23.5,1.0,1.0173476576308134,1,0,0
6131,93.77,15,0.9,1.2,0.7723487319828656,0,1,0
6132,63.5,10,0.1,1.6,1.5721447232421601,1,0,0
6133,120.74,13,2.9,1.2,1.5606464971690919,0,1,0
6134,116.13,18,2.5,4.8,1.1692922894697364,1,1,0
6135,109.18,15,15.7,0.3,0.9997222412821009,0,0,0
6136,162.76,14,5.7,9.0,0.8046936381571392,0,1,0
6137,272.66,12,54.1,4.6,3.640918314393884,0,0,1
6138,24.7,10,11.5,1.8,1.0071753175989437,0,0,0
6139,147.34,16,7.9,0.6,1.717054397518162,1,1,0
6140,55.73,11,0.7,2.9,1.1044916345163236,1,1,0
6141,42.62,13,0.5,0.8,1.2370916146835698,0,1,0
6142,103.52,14,0.6,2.6,0.742277107895152,0,1,0
6143,100.39,8,9.1,6.3,1.1073144021168448,0,0,0
6144,70.24,20,9.9,1.4,0.6319196093619814,0,1,0
6145,15.89,15,2.7,0.7,0.9645601854085873,0,1,0
6146,38.79,8,4.7,1.6,0.6136318180447937,1,1,0
6147,95.95,18,1.1,4.3,1.2361884109805146,0,1,0
6148,24.18,14,0.0,1.4,0.8263215112124419,0,0,0
6149,27.64,17,18.0,0.6,1.3730176628954778,0,1,0
6150,161.8,8,2.0,0.0,1.2341965734973537,0,1,0
6151,132.06,10,3.0,5.3,0.9942780899712784,0,1,0
6152,162.45,16,14.8,5.2,0.9317409178120165,0,0,0
6153,99.76,14,0.6,1.3,1.87030073179856,1,1,0
6154,84.06,16,5.1,0.9,0.7142005118192705,0,1,0
6155,23.87,15,2.5,3.5,1.0102228319421351,0,1,0
6156,40.67,14,0.2,0.3,1.3276997601169036,0,1,0
6157,41.5,13,9.7,0.3,0.8657118513450255,0,1,0
6158,211.88,10,13.1,3.3,1.0280944177081084,0,0,0
6159,58.77,15,2.5,3.2,1.3680931382050172,0,1,0
6160,9.04,14,1.1,0.7,0.7374501494623245,0,1,0
6161,104.37,11,1.2,0.5,1.081122091265705,1,1,0
6162,66.38,12,1.1,2.6,1.2406623696145986,0,1,0
6163,94.57,9,3.3,5.2,1.0412186010122773,1,1,0
6164,17.99,11,2.1,1.3,0.8477367072276736,0,0,0
6165,30.7,11,2.3,0.1,1.100663683256336,0,1,0
6166,45.95,8,5.6,0.7,0.579458534522096,0,1,0
6167,36.81,14,1.0,3.3,1.2675884167028975,0,1,0
6168,191.68,11,2.4,1.8,0.31217439630590005,1,1,0
6169,111.74,11,4.1,2.3,0.9298731595192762,0,1,0
6170,84.01,14,6.3,0.1,1.1580431036112744,0,0,0
6171,254.89,9,0.1,4.5,1.6768137361398716,0,1,0
6172,93.59,10,8.1,3.2,1.1473417688637362,0,1,0
6173,96.66,14,12.5,2.4,0.9171465434237911,0,1,0
6174,191.62,13,2.9,1.8,1.0302497667808583,0,1,0
6175,27.35,15,4.6,1.2,0.9466190666976794,1,1,0
6176,39.32,13,12.2,1.0,0.643487071249575,0,1,0
6177,137.42,12,2.8,16.4,0.8291455730268229,0,1,0
6178,119.77,16,3.3,2.6,1.225403649994394,0,1,0
6179,64.94,15,5.3,5.0,1.4049327986912634,0,1,0
6180,11.99,12,8.2,11.3,1.3212132938309116,0,1,0
6181,121.58,16,2.2,0.7,1.110629584740152,1,0,0
6182,74.32,18,0.5,1.7,1.2897378854710457,1,1,0
6183,345.32,12,0.1,4.9,1.3642626608589923,0,1,0
6184,64.66,10,13.0,1.8,1.1486077952231075,1,0,0
6185,60.05,13,12.3,1.3,0.7753576743500648,0,1,0
6186,93.77,18,6.4,8.1,0.8059686029106201,0,1,0
6187,85.03,12,2.6,3.9,1.823910576648662,0,1,0
6188,53.48,20,4.7,0.6,0.684569926976664,0,1,0
6189,212.76,12,4.0,9.7,1.1909815357806666,0,1,0
6190,14.51,15,0.5,3.4,1.0866523274501934,0,1,0
6191,86.18,18,6.2,2.4,1.52762026101604,1,0,0
6192,141.67,18,9.1,3.2,0.5838129130860041,0,1,0
6193,56.04,11,9.4,1.3,0.9685282086878362,0,1,0
6194,305.02,9,1.2,8.5,0.75409097110976,0,0,0
6195,320.76,12,4.7,0.0,1.5564811581533409,0,1,0
6196,61.34,15,0.4,0.6,1.4809182743534912,0,1,0
6197,61.96,14,1.3,1.1,0.4851080924130665,0,1,0
6198,66.82,14,6.6,8.2,0.4504816075232265,0,1,0
6199,96.69,13,2.7,0.8,0.6167497984378432,1,1,0
6200,65.79,15,2.5,3.9,0.5400344071229071,0,1,0
6201,132.16,14,0.3,1.5,0.41981784121230226,1,0,0
6202,210.13,10,10.1,4.2,0.5920555647336638,1,1,0
6203,130.05,16,3.8,2.2,1.745518031515315,0,1,0
6204,492.23,23,11.6,74.6,5.6738597432629145,1,0,1
6205,73.11,13,14.4,4.6,1.5751576433980263,1,1,0
6206,82.63,23,10.9,1.1,1.1439497064853053,0,0,0
6207,34.78,7,6.5,5.6,1.0689145386404684,0,0,0
6208,169.76,11,1.1,5.8,0.822433063267048,0,0,0
6209,60.08,13,4.5,1.5,0.7335769085034249,1,1,0
6210,83.46,11,7.7,5.9,0.6147772382548554,0,1,0
6211,35.12,10,2.3,6.5,1.1380523973078918,0,1,0
6212,39.98,9,2.3,3.5,1.1542389782983895,0,1,0
6213,96.77,5,8.0,1.4,1.1898228997835387,1,1,0
6214,28.35,16,0.5,4.0,0.8025151256464574,0,0,0
6215,69.4,18,7.9,1.0,0.8234824309500415,0,1,0
6216,30.54,18,2.1,0.4,1.029631927699234,0,1,0
6217,79.57,16,5.3,0.7,0.7753644335673844,1,1,0
6218,35.31,5,15.0,0.9,0.619046677145187,0,0,0
6219,41.39,4,20.6,7.0,0.1851886535681202,1,1,0
6220,99.48,21,10.8,2.8,0.8864008482455441,0,0,0
6221,50.83,8,14.4,3.5,0.7350647174421726,1,1,0
6222,227.44,12,1.0,0.7,0.8323138820612213,1,1,0
6223,54.33,9,1.4,0.3,0.7269775982984215,1,0,0
6224,152.28,14,25.0,12.4,5.357346141683417,1,0,1
6225,45.59,15,5.8,3.5,0.9038641655792463,1,1,0
6226,95.19,11,0.3,1.2,1.0821405681790397,0,1,0
6227,182.49,3,4.6,1.3,1.1121564186446593,0,0,0
6228,147.14,8,2.8,1.7,1.8299578184736673,0,1,0
6229,71.11,9,1.2,5.0,0.5473094755107248,1,0,0
6230,215.07,21,21.9,7.8,3.0799110793903695,1,0,1
6231,42.77,12,4.3,9.7,0.5793585615928509,0,0,0
6232,34.62,13,3.6,8.4,1.0588897857813884,1,0,0
6233,325.79,11,4.8,65.2,2.0008743878378628,0,0,1
6234,45.14,13,1.2,4.7,1.1822398845598512,1,0,0
6235,52.2,13,11.0,3.4,1.4561476498925723,0,1,0
6236,41.95,18,2.3,1.3,0.31604474240005676,0,0,0
6237,118.75,12,1.3,3.6,1.0401156503752873,0,1,0
6238,109.91,15,4.6,1.3,0.8530127662527447,0,0,0
6239,74.69,17,3.5,0.3,1.0666645641550254,1,1,0
6240,79.35,15,2.9,4.9,1.1677365390933514,0,1,0
6241,148.04,11,0.4,1.0,0.7667220015869577,0,0,0
6242,78.1,20,5.1,1.1,0.47173850401774553,1,1,0
6243,51.74,9,37.4,1.3,0.8599602934396655,1,0,0
6244,102.48,15,6.2,0.1,1.5104142610072184,0,1,0
6245,27.56,18,1.6,2.9,0.9569125812009183,0,1,0
6246,48.27,15,10.9,1.3,1.1701593449029661,0,0,0
6247,73.87,17,12.6,2.1,1.3615862100753164,0,0,0
6248,230.55,16,2.0,39.2,7.041918177662575,1,0,1
6249,41.8,17,2.2,1.6,0.8146706337396351,1,1,0
6250,74.67,2,8.1,3.7,1.221539726456139,1,0,0
6251,158.84,14,1.3,2.5,0.8502684776729996,0,1,0
6252,19.33,18,5.6,8.9,1.2753013861783904,1,1,0
6253,56.94,13,8.4,1.0,0.6220723143380843,0,1,0
6254,73.08,16,2.5,0.3,1.4793216687707802,0,1,0
6255,35.35,19,8.3,1.9,1.027166618604495,1,1,0
6256,162.98,14,0.9,2.0,1.737763696242708,0,0,0
6257,67.34,12,1.1,0.9,1.33567074429643,0,1,0
6258,100.56,18,2.9,6.1,0.6355256297547152,0,1,0
6259,23.03,18,17.7,0.1,0.42019635618699225,1,1,0
6260,72.61,13,0.5,7.4,0.6173198217156889,1,0,0
6261,38.59,9,4.7,3.9,1.51758566869667,0,1,0
6262,44.61,13,2.0,1.6,1.4969568473175112,0,0,0
6263,153.43,9,12.4,1.5,1.076170402449324,0,1,0
6264,204.63,7,2.4,2.9,1.31889174070543,0,1,0
6265,20.5,18,3.9,1.0,0.4240616978397227,0,1,0
6266,107.45,9,16.1,3.9,1.4362947387246559,0,1,0
6267,37.39,7,10.7,6.4,0.7938617365156615,0,1,0
6268,72.16,17,6.9,3.3,1.243770073524763,0,1,0
6269,131.97,16,0.2,0.0,1.3696401433145362,0,1,0
6270,18.14,12,6.5,2.2,1.617055607406935,0,1,0
6271,90.14,12,12.5,6.7,0.7772162890906754,0,1,0
6272,22.13,19,2.2,4.5,1.5247431329622199,0,1,0
6273,101.63,14,2.7,1.2,1.086465986411043,1,1,0
6274,56.19,16,0.6,0.3,0.1,0,1,0
6275,113.4,15,2.3,0.2,0.5961518193715862,1,1,0
6276,134.47,9,9.8,0.1,1.3391641043791718,0,1,0
6277,86.42,13,4.1,0.6,1.1877949268821781,0,1,0
6278,65.88,12,2.7,2.2,1.079442852674267,0,1,0
6279,74.23,10,5.9,0.3,1.0617886483079135,1,0,0
6280,256.27,13,7.2,8.6,0.6166968004602582,1,1,0
6281,33.04,8,4.5,0.8,0.8632601441088498,1,1,0
6282,67.41,15,2.0,1.3,0.6767658295028556,1,1,0
6283,47.04,16,1.1,1.1,0.8689886597012795,0,1,0
6284,26.9,16,5.9,1.3,0.45756686414783254,0,1,0
6285,79.51,12,1.1,5.5,1.3141363834959652,1,1,0
6286,115.52,13,15.5,8.2,1.061883531666864,1,1,0
6287,117.9,13,0.2,5.5,1.2886965459180368,0,1,0
6288,79.79,11,1.4,0.3,1.0548200989594314,1,0,0
6289,82.07,15,0.0,1.0,0.5952064905016685,0,1,0
6290,365.46,16,29.7,8.6,3.499119725972455,1,0,1
6291,31.5,13,18.1,0.0,1.026855229928186,0,1,0
6292,39.82,9,0.4,0.1,0.42678235367582484,0,0,0
6293,90.47,5,4.7,0.3,0.8945521194382997,0,1,0
6294,30.51,12,0.6,1.0,1.467633731560017,1,1,0
6295,104.49,13,22.0,3.3,0.39867575097458385,0,0,0
6296,180.21,16,1.4,5.3,0.6828100236350063,1,1,0
6297,296.33,17,25.0,0.8,1.4650531311925212,1,1,0
6298,74.13,17,4.7,2.9,0.30334882284503706,1,0,0
6299,110.39,12,6.3,2.3,0.5319781660376537,0,1,0
6300,291.42,12,3.5,5.3,1.556577525614406,0,1,0
6301,16.32,19,3.4,1.5,1.8310903278890347,1,1,0
6302,29.28,15,13.9,1.2,0.7061160360060561,0,1,0
6303,104.7,12,0.7,1.3,0.8635290345061089,0,1,0
6304,46.84,12,2.1,0.8,0.7873870282186828,1,1,0
6305,272.87,13,10.3,7.7,1.0409365150786447,0,1,0
6306,27.96,9,4.0,1.5,1.5622003519673886,0,1,0
6307,59.2,12,2.1,8.9,0.5960666128965186,0,1,0
6308,19.02,8,3.6,0.2,0.40001103641382907,0,1,0
6309,30.29,6,22.7,1.0,0.16307159691034534,0,1,0
6310,3.27,20,0.1,3.5,1.2950764225421367,0,0,0
6311,488.9,4,5.1,41.3,3.082542685028891,1,1,1
6312,54.55,7,0.1,15.5,1.6083232866546195,1,1,0
6313,90.32,13,3.6,6.1,0.9302758000211534,0,1,0
6314,99.56,15,8.7,0.0,0.7087004571306343,1,1,0
6315,106.97,14,2.1,4.0,0.6149339402214076,1,1,0
6316,29.83,19,3.5,1.2,0.6014688542305519,1,0,0
6317,135.48,14,2.4,1.0,0.724181986039756,0,1,0
6318,73.73,14,0.1,0.5,1.3135084740895315,0,1,0
6319,42.02,11,13.4,4.1,1.9626020788323908,1,0,0
6320,104.54,11,0.2,2.4,0.8880902701323469,0,0,0
6321,84.12,18,0.3,1.0,1.0522986012808393,0,1,0
6322,62.02,21,0.4,1.7,1.558473792692959,1,1,0
6323,300.68,17,5.0,0.1,0.3714918267777815,0,1,0
6324,80.58,16,2.3,1.3,1.9254818895021422,1,1,0
6325,51.13,5,13.5,2.5,1.7138185112278586,1,0,0
6326,413.77,16,61.1,12.4,4.188876959803335,0,0,1
6327,98.63,17,1.5,0.3,1.2055462531851673,1,1,0
6328,80.98,16,6.0,3.0,0.9610888934357448,0,1,0
6329,66.76,21,2.4,3.3,1.48543803385606,1,1,0
6330,103.89,20,22.6,0.6,1.3873857013000812,0,0,0
6331,65.03,11,0.0,0.3,0.4992903225172066,0,1,0
6332,18.32,15,12.1,4.5,1.317804477355412,0,1,0
6333,70.11,16,2.2,2.8,0.6963798106521386,1,1,0
6334,37.6,14,1.3,2.3,1.2229440573806545,0,1,0
6335,43.12,7,11.2,4.0,1.3815552177945258,0,1,0
6336,5.55,18,3.5,15.0,1.4266131366818973,0,1,0
6337,126.13,16,2.1,3.5,0.36792432923562,1,0,0
6338,48.91,10,0.0,0.3,1.673616344160307,1,1,0
6339,26.38,14,6.3,1.7,1.0761256585343733,0,1,0
6340,13.17,3,1.4,0.1,1.2688845872814074,0,0,0
6341,99.75,12,4.0,0.1,1.426061759031964,0,1,0
6342,14.85,18,4.3,5.9,0.6451054301236265,0,1,0
6343,72.42,15,4.5,1.2,1.4539692211462205,0,0,0
6344,80.27,12,0.3,0.7,1.1406763814757948,1,1,0
6345,214.08,20,2.3,0.6,1.1640695328842126,0,1,0
6346,120.59,17,5.4,3.5,1.5924026245536504,0,1,0
6347,175.36,8,2.4,0.4,1.15399424361047,0,1,0
6348,38.63,10,2.1,10.3,1.2224483525344492,0,1,0
6349,136.38,16,7.4,0.2,1.3361561799396433,0,1,0
6350,101.58,14,0.1,0.2,0.4292051972554317,0,1,0
6351,92.02,9,8.2,1.3,0.9030444629212375,0,0,0
6352,370.78,1,94.5,13.4,4.663809219879131,1,0,1
6353,109.69,18,8.7,0.1,1.083165991484182,0,1,0
6354,53.37,9,2.9,4.9,1.1439158828052056,0,1,0
6355,38.39,17,0.3,5.4,1.2134842160383088,0,1,0
6356,170.54,12,8.8,0.1,0.9670243112131748,0,1,0
6357,59.88,10,10.3,2.6,0.3961185963500169,0,1,0
6358,217.1,15,5.0,1.4,1.0619894033890815,0,0,0
6359,57.13,23,13.9,1.8,1.358061669489147,1,1,0
6360,90.35,15,30.3,2.2,0.7825133566881047,1,1,0
6361,90.67,11,4.1,4.2,0.5005100678483072,0,0,0
6362,138.94,13,15.8,1.1,0.8429131035194248,1,0,0
6363,98.24,7,6.8,2.4,0.9931009828152345,0,1,0
6364,18.54,16,6.2,0.5,0.8221043113598514,0,1,0
6365,164.73,14,3.8,5.5,1.348083709330088,0,1,0
6366,10.63,12,0.8,23.7,1.1692223623620577,0,1,0
6367,54.41,17,5.0,6.8,1.3458321920142782,0,1,0
6368,199.61,9,1.6,2.4,1.503642296331594,0,1,0
6369,53.27,17,3.0,0.2,1.1034877558872582,0,0,0
6370,37.79,5,3.1,4.3,0.6087403115216424,1,1,0
6371,115.11,8,11.6,1.2,0.2890560826080868,0,1,0
6372,37.72,19,1.7,6.4,0.47182554163932866,0,1,0
6373,70.89,17,12.5,1.9,1.6424173972444323,0,1,0
6374,199.42,17,13.1,14.2,7.279327822921578,1,0,1
6375,138.28,11,0.9,0.6,0.6111798583346633,1,1,0
6376,48.27,15,2.2,0.9,0.7643805083568173,1,1,0
6377,78.22,7,3.2,1.7,1.1977263731945555,1,1,0
6378,106.72,7,1.7,0.2,1.3892981508247089,0,1,0
6379,75.71,4,0.2,0.4,0.8723234082609136,1,1,0
6380,147.57,11,17.5,2.0,1.1550427074018303,0,1,0
6381,193.67,19,6.9,0.9,0.967856069959877,0,1,0
6382,64.69,16,4.8,0.1,0.9191860425655725,1,1,0
6383,446.16,13,36.8,71.0,5.212064064684272,1,0,1
6384,156.87,11,6.0,7.0,1.21609731951408,0,1,0
6385,30.44,13,4.1,1.1,1.161911257340452,0,1,0
6386,46.01,15,1.5,6.1,1.4716852068663915,0,1,0
6387,42.09,14,1.5,8.0,0.6957389345541123,1,1,0
6388,199.04,14,7.0,0.9,0.6854963737818975,0,1,0
6389,98.27,13,1.1,0.1,1.4065017359469663,0,1,0
6390,242.93,12,8.3,5.2,0.6283522512691041,0,0,0
6391,120.28,23,11.0,0.3,0.8602516018439651,0,1,0
6392,22.16,8,0.1,2.2,1.2719363141711282,0,1,0
6393,143.8,13,4.1,0.4,1.054626859786419,0,1,0
6394,57.68,10,0.1,1.9,1.2719807020470344,1,0,0
6395,34.36,14,1.9,0.9,1.1457367404904741,0,0,0
6396,45.28,12,3.1,3.0,1.0295193950887533,0,1,0
6397,79.22,9,0.7,1.5,1.2041066187894809,1,1,0
6398,10.0,19,0.8,2.8,0.6996715921466954,0,0,0
6399,43.55,23,3.6,3.0,1.6674879656869797,0,1,0
6400,39.29,10,0.3,4.7,0.1,1,0,0
6401,114.77,19,0.8,6.3,0.70560119942965,1,1,0
6402,106.7,11,9.2,2.6,0.5647603830725552,1,1,0
6403,264.99,10,3.5,1.3,0.6510100601191615,0,1,0
6404,229.03,19,0.5,2.9,0.7237531724568691,0,1,0
6405,88.51,13,11.3,1.1,0.9875178029504069,1,1,0
6406,22.48,8,0.9,7.5,0.3552244187832765,0,1,0
6407,93.17,13,10.5,1.8,0.10253801399897045,1,0,0
6408,61.75,18,7.1,3.4,0.977724335575264,0,1,0
6409,65.29,16,0.1,1.4,2.2214337229220478,0,1,0
6410,14.5,14,9.3,2.4,1.3872187547468455,1,1,0
6411,70.61,7,0.3,3.9,1.0888491973685992,0,1,0
6412,50.76,15,0.6,4.4,1.2831757970617776,1,1,0
6413,170.25,21,4.7,3.0,1.3410788517110386,0,0,0
6414,44.07,7,1.1,0.6,0.1983056332688169,1,1,0
6415,45.36,15,4.1,1.8,0.728196616757403,0,1,0
6416,105.86,10,5.6,2.7,0.97280520379748,0,1,0
6417,64.41,14,2.0,0.8,0.1,0,1,0
6418,37.95,14,3.8,5.9,1.1473664372477541,0,1,0
6419,39.55,10,7.1,1.6,1.0685970845345838,0,0,0
6420,85.77,16,18.7,37.7,6.370361475551324,0,0,1
6421,74.02,6,0.8,1.0,0.908464275615537,0,1,0
6422,37.11,20,1.0,3.4,0.9395284359678644,0,1,0
6423,144.65,12,14.1,1.5,1.5470147538224062,0,1,0
6424,68.28,4,6.5,3.3,1.6956486808470856,0,1,0
6425,17.83,17,11.7,0.9,0.6274786459255641,1,1,0
6426,264.28,9,2.2,5.0,0.6919782422326077,1,1,0
6427,51.38,16,5.7,4.4,1.4209280418250503,1,1,0
6428,97.11,14,1.9,2.5,1.8005858447476504,0,1,0
6429,103.48,15,9.3,2.1,1.1441185072986544,0,1,0
6430,31.05,15,4.1,0.1,0.4417576932657711,0,1,0
6431,102.32,18,4.8,14.8,0.8113503225811479,1,1,0
6432,8.5,7,3.4,1.6,0.5917350264807711,1,0,0
6433,100.69,9,4.7,0.6,1.301100354515598,0,1,0
6434,100.74,20,17.4,1.1,1.3678195839872593,1,1,0
6435,260.52,11,3.6,4.1,1.0592063947082704,1,1,0
6436,145.96,10,1.8,4.4,0.8597420877290541,0,1,0
6437,52.98,9,4.6,3.1,1.0727861221850652,0,0,0
6438,56.72,9,5.6,0.1,0.4264993238153073,0,0,0
6439,69.42,11,3.1,5.2,1.3696370578187305,0,1,0
6440,116.61,8,5.2,10.4,0.7693568481682285,0,1,0
6441,32.17,16,0.5,5.2,0.5168179322172332,1,0,0
6442,241.33,7,1.0,2.8,1.1088906896160151,0,1,0
6443,27.82,17,3.6,0.7,0.7203693595236952,0,1,0
6444,56.36,18,4.8,0.1,0.919143438306655,1,1,0
6445,82.23,16,9.9,1.0,1.713161632287154,1,1,0
6446,245.32,8,0.2,0.3,1.7143405972221166,0,1,0
6447,61.62,13,0.9,6.1,0.5801172363751878,1,1,0
6448,94.6,10,4.3,0.1,0.7575030672383273,0,1,0
6449,34.27,12,11.7,0.0,1.1504426339425526,0,1,0
6450,71.8,7,0.7,0.0,0.813463032835678,1,1,0
6451,18.45,18,0.1,2.2,1.0221775048140362,0,1,0
6452,68.91,12,3.6,1.3,0.5192644622087381,0,0,0
6453,256.96,11,1.7,3.5,1.6709851305325905,1,0,0
6454,27.68,12,3.0,2.3,1.098838549109797,0,1,0
6455,117.88,7,5.7,1.5,1.4322349359546995,0,1,0
6456,88.74,15,5.9,2.1,0.6615972488127223,0,0,0
6457,63.15,8,1.1,7.3,0.9404736447649501,1,1,0
6458,26.25,5,6.4,2.4,1.1383747461147344,1,1,0
6459,54.69,18,12.6,0.1,1.150646529533165,0,1,0
6460,41.03,9,18.2,4.4,1.4046090770339799,0,1,0
6461,50.45,12,0.7,0.5,0.794456721445696,0,1,0
6462,32.75,5,0.6,4.5,0.2627124281909815,1,1,0
6463,140.47,13,5.9,2.7,1.8123580545619318,0,1,0
6464,26.68,18,6.5,3.1,1.2139793317821723,0,1,0
6465,54.08,11,0.2,5.2,1.0565962925154007,0,1,0
6466,80.78,19,1.5,0.9,0.9931401428703669,1,1,0
6467,105.62,14,2.4,7.9,1.0879617917458542,0,1,0
6468,18.8,10,0.2,1.6,0.6806675416099695,1,1,0
6469,64.99,11,1.9,1.2,0.7196852232145825,0,0,0
6470,21.59,14,6.6,2.8,0.7579975434137698,0,1,0
6471,30.58,12,11.6,8.3,0.5625199151785889,1,1,0
6472,35.12,12,0.2,0.3,0.8242848735023105,0,1,0
6473,92.13,21,1.0,7.5,1.4121650346329884,0,1,0
6474,136.72,17,5.2,0.4,0.5858338367461473,1,1,0
6475,61.36,14,7.8,1.4,0.7555807287451863,0,1,0
6476,25.86,17,1.4,1.8,1.1827418964645249,1,1,0
6477,19.87,13,1.0,0.9,0.5648540076998863,1,0,0
6478,227.96,14,2.9,2.4,1.2891259062940357,0,1,0
6479,88.54,10,3.6,3.7,1.2861062219235384,0,1,0
6480,221.25,11,0.5,10.8,1.485531751598086,1,0,0
6481,88.52,14,9.9,1.1,0.9783410584178353,0,1,0
6482,171.74,6,3.2,0.6,1.180108136745816,0,1,0
6483,49.2,11,15.9,0.3,1.3861773469545766,1,0,0
6484,518.72,22,23.4,26.9,2.5055091286681876,1,0,1
6485,119.46,11,2.7,3.9,0.5360200677247946,0,1,0
6486,67.53,10,6.1,0.4,1.316765909950768,0,0,0
6487,26.37,15,13.1,0.3,1.1120388336900986,1,1,0
6488,172.59,15,2.3,1.9,0.6390736997628417,0,1,0
6489,33.51,7,8.4,6.0,1.1096037824021003,1,1,0
6490,53.86,14,6.1,0.2,1.407278009780833,1,1,0
6491,6.65,11,14.5,1.6,1.0102137696184015,0,1,0
6492,42.2,12,1.8,6.2,0.968489451587091,0,1,0
6493,34.68,8,9.6,0.0,1.365869611768747,1,1,0
6494,181.84,17,8.6,2.7,1.657756162822432,1,1,0
6495,258.2,16,2.1,1.0,0.6983405466018475,1,1,0
6496,45.05,20,7.4,1.6,1.009493773728474,0,1,0
6497,124.83,16,3.1,6.3,0.4114455339771853,1,1,0
6498,66.45,14,1.1,0.1,0.5470723284454584,0,1,0
6499,43.26,22,0.4,0.9,0.6246197678686434,1,1,0
6500,88.2,16,5.0,0.9,0.9029793854631211,1,1,0
6501,26.58,10,13.7,1.2,0.63111437050466,0,0,0
6502,73.12,11,2.6,0.1,0.7122080200678669,1,1,0
6503,64.34,16,14.7,0.2,0.5868609926382428,1,0,0
6504,78.98,18,2.3,1.7,1.4280193837915551,0,1,0
6505,72.79,17,3.0,2.2,0.7142659805133456,0,1,0
6506,66.84,13,21.1,3.7,1.205980276088648,0,1,0
6507,95.37,17,1.0,0.1,1.0350926992048493,0,1,0
6508,63.84,15,2.1,1.7,0.8382945469223212,1,1,0
6509,47.96,17,7.8,0.7,1.091778395549674,0,0,0
6510,32.97,4,0.0,0.0,1.029836282370062,1,1,0
6511,32.21,13,1.1,1.0,1.3012313233625588,1,1,0
6512,32.53,10,4.3,4.9,1.0916718012226152,0,0,0
6513,57.37,19,3.7,2.9,0.4101157323088295,0,1,0
6514,147.75,16,0.8,2.3,0.9973930207358347,0,1,0
6515,123.92,11,1.9,2.9,1.595853115763644,0,1,0
6516,96.49,6,13.0,3.1,0.6690694092343359,1,1,0
6517,126.24,8,2.9,0.8,1.1144970925467548,0,1,0
6518,140.47,20,0.1,12.1,1.4414955051070426,0,1,0
6519,96.85,13,0.8,2.4,1.1484892991220466,1,1,0
6520,120.67,21,6.2,0.1,1.2784059834714687,1,1,0
6521,53.88,6,22.2,1.4,2.0684302894892097,0,0,0
6522,53.91,19,6.6,1.1,0.5400024168600364,0,1,0
6523,167.45,13,19.1,3.5,0.6804140347681445,0,1,0
6524,143.31,20,12.1,1.5,1.3481621870721603,0,1,0
6525,62.41,23,3.5,9.0,0.339122154095991,0,1,0
6526,35.26,13,21.6,3.1,0.9652845241502808,0,1,0
6527,100.59,14,6.9,0.9,1.4432331647811003,0,1,0
6528,721.67,21,148.2,20.1,4.172491322459595,1,1,1
6529,72.53,18,15.6,4.8,1.1382415820349805,0,1,0
6530,87.91,15,1.6,3.9,1.4579374101251605,0,1,0
6531,87.41,12,8.5,5.0,1.0739138577478677,0,1,0
6532,147.95,18,4.5,1.4,1.1451934526976624,1,0,0
6533,36.98,10,1.6,1.7,1.2669261855521696,0,1,0
6534,21.73,16,9.8,14.4,0.7468470659331036,0,1,0
6535,92.76,12,2.1,3.6,1.2231259581526341,0,1,0
6536,50.44,13,1.5,5.0,0.7253378829351846,0,1,0
6537,30.32,14,4.3,0.6,1.5988011541800324,0,1,0
6538,6.63,7,6.0,1.9,0.6923684504391524,0,1,0
6539,728.47,15,136.4,19.1,4.919270455084829,1,0,1
6540,55.92,12,5.3,1.0,1.5371690945177994,0,1,0
6541,37.24,17,7.9,2.0,0.8607196881839116,0,1,0
6542,36.6,13,6.3,8.6,0.4439439587007904,0,1,0
6543,28.47,11,0.2,0.8,1.0175822422329264,1,1,0
6544,121.64,15,6.7,1.8,1.1756870837442586,0,1,0
6545,108.44,15,1.5,0.4,0.4001208093041886,0,1,0
6546,44.65,16,8.2,1.7,1.0188789280951553,0,0,0
6547,107.94,14,4.0,3.8,0.7364605039435868,0,0,0
6548,57.82,13,5.2,5.1,0.3469259846121777,0,1,0
6549,293.84,9,44.5,18.7,4.4375680088989995,1,0,1
6550,138.04,12,2.6,6.4,0.8694024497347551,1,1,0
6551,25.14,14,4.7,0.5,1.1948135794345665,1,1,0
6552,50.13,16,1.8,5.7,0.9384792612088084,1,0,0
6553,133.8,6,0.6,1.9,0.9958168944672534,1,1,0
6554,90.76,15,1.5,15.4,1.1490516252684255,0,1,0
6555,151.19,9,3.4,1.7,0.34602599318904037,1,1,0
6556,51.28,16,0.2,3.3,1.09068113417437,0,1,0
6557,69.4,16,2.6,1.6,1.1439253783221859,0,0,0
6558,484.72,21,37.2,2.5,4.341072362972139,0,0,1
6559,136.9,15,2.4,12.6,1.497516181803109,0,1,0
6560,113.06,7,0.1,0.8,0.7965614074640226,0,0,0
6561,47.46,18,1.1,9.1,0.5068340475062837,0,0,0
6562,44.68,16,5.5,3.7,1.0241262911915068,0,1,0
6563,82.68,16,0.7,5.3,0.22121632738518904,0,1,0
6564,71.02,9,0.8,2.3,0.6798784124184916,0,1,0
6565,21.49,20,7.0,1.7,0.39684894814772154,1,1,0
6566,61.8,20,6.5,0.2,1.0783826522910696,0,1,0
6567,13.77,15,8.0,17.4,0.9411576353882763,0,0,0
6568,4.43,11,0.1,0.3,1.3979664568705372,1,1,0
6569,53.92,12,1.1,1.1,0.946495573455567,0,1,0
6570,129.01,23,1.2,2.9,0.834492616112086,0,0,0
6571,241.81,21,19.2,42.0,2.569982311548803,1,0,1
6572,20.54,6,3.1,0.7,1.0703400453599752,0,1,0
6573,131.99,19,1.2,1.3,0.6349043141069979,0,0,0
6574,59.22,18,5.4,0.1,1.1045155139326273,0,0,0
6575,66.46,12,5.1,0.0,0.7196584985841081,0,1,0
6576,29.55,14,9.5,4.9,0.6720523717381087,0,1,0
6577,47.75,13,9.9,1.1,1.3374046426655166,0,1,0
6578,363.83,12,3.1,5.0,0.9633314178886612,0,1,0
6579,410.49,23,7.4,14.4,2.587302576824241,1,0,1
6580,168.57,13,91.9,12.2,5.363892735815461,0,0,1
6581,108.15,19,0.6,1.0,0.9237381631750474,1,1,0
6582,59.76,12,15.6,1.3,0.42616816998836904,0,1,0
6583,65.75,12,1.2,2.0,0.1,1,1,0
6584,20.21,15,30.7,6.6,0.9219904158626373,0,1,0
6585,18.91,16,6.2,0.9,1.2852964171753722,1,1,0
6586,101.27,13,5.5,4.7,1.5247932931881292,0,1,0
6587,54.79,12,1.0,3.1,0.9341382109791752,0,1,0
6588,80.82,10,2.9,0.1,0.847865185236029,1,0,0
6589,45.85,12,3.3,0.7,1.6688001646903325,0,1,0
6590,170.34,15,6.9,1.2,0.437906820127698,0,1,0
6591,42.41,4,11.0,3.1,1.25000304802865,1,1,0
6592,343.9,7,30.0,40.9,5.502304235540358,1,0,1
6593,264.52,4,155.1,67.7,1.5,1,1,1
6594,8.71,8,8.5,1.9,1.0842445979987556,0,1,0
6595,79.59,16,0.7,3.4,1.3977090829059657,0,1,0
6596,71.13,18,4.3,7.0,0.5618782171365682,0,1,0
6597,118.38,3,2.7,2.3,0.8689274650577211,0,1,0
6598,13.75,9,5.1,6.0,1.0569267080079452,0,1,0
6599,34.82,16,8.1,0.3,0.6005102133995608,1,1,0
6600,174.41,4,0.4,5.8,0.46379989395042076,0,1,0
6601,70.64,13,13.2,5.1,1.2897937873133936,0,1,0
6602,52.99,16,7.2,11.3,0.7275506138222751,1,1,0
6603,49.22,12,2.6,0.2,1.034901007644655,1,1,0
6604,65.12,11,10.4,1.7,1.0152277355579982,1,1,0
6605,36.0,13,1.2,0.3,0.8869233912383776,1,1,0
6606,93.9,16,7.4,0.0,0.9248942420134273,0,1,0
6607,27.9,20,5.3,2.3,1.4671349966500935,0,1,0
6608,84.19,19,1.2,8.2,1.2444820300222983,0,1,0
6609,32.6,14,10.1,0.0,0.7584396138371101,0,1,0
6610,61.5,11,4.3,2.0,1.07825082024823,0,0,0
6611,23.16,12,3.2,8.0,1.7792631799204117,0,0,0
6612,108.48,10,1.8,2.9,1.2929812569883927,1,1,0
6613,58.23,18,6.2,1.7,0.13539987812115029,0,1,0
6614,74.07,21,3.7,0.2,1.5200099688288742,0,1,0
6615,196.16,11,7.7,6.1,0.47186893674167185,0,1,0
6616,114.71,15,6.4,0.7,0.9734794480615793,1,1,0
6617,54.53,9,4.1,0.1,1.1198588266620708,0,1,0
6618,88.73,18,66.6,0.2,3.692432041493282,1,0,1
6619,71.95,15,2.6,1.4,1.4982123626182153,1,1,0
6620,18.3,15,7.2,5.8,1.098145568770187,0,0,0
6621,69.33,16,1.0,1.3,1.0449517758530737,1,1,0
6622,143.09,9,4.8,0.2,1.012679263748481,0,1,0
6623,60.23,10,10.9,2.1,1.0305980010177287,0,0,0
6624,64.75,12,3.5,1.7,0.8179610610440401,0,1,0
6625,33.01,17,2.5,0.6,1.9379873580227385,0,1,0
6626,56.91,8,2.2,0.9,0.7439218254170747,0,1,0
6627,115.51,22,6.4,1.9,0.6797356343323286,1,1,0
6628,154.99,9,2.7,0.7,0.852175073153812,1,1,0
6629,46.99,16,4.6,0.1,1.0780157905321706,1,1,0
6630,59.79,23,5.4,0.4,1.398273029442659,0,1,0
6631,598.94,20,61.4,16.1,4.832752510442148,1,1,1
6632,38.49,17,6.9,0.6,1.2344234840367854,0,1,0
6633,21.47,12,1.0,5.6,0.9594663831909085,1,1,0
6634,20.89,16,17.1,1.3,0.7835369568189167,0,1,0
6635,232.08,16,5.0,4.2,4.233705279346821,1,0,1
6636,41.52,12,1.6,2.1,1.9315931787583893,0,0,0
6637,152.21,12,0.9,1.6,0.9226173124819305,0,0,0
6638,32.98,21,0.1,10.4,0.7959108735043292,0,1,0
6639,33.84,14,0.4,1.2,1.2855808018709822,1,1,0
6640,126.21,13,4.7,4.3,0.5368957214939263,0,1,0
6641,214.44,14,11.2,1.9,0.9958684206177836,0,1,0
6642,11.61,11,2.4,2.1,1.0176071175766703,0,1,0
6643,53.31,11,1.3,0.6,0.3610475790466322,1,1,0
6644,21.4,15,4.6,3.1,1.2859740845040721,0,0,0
6645,69.73,19,2.0,0.4,1.6805982345175905,1,1,0
6646,46.53,17,7.6,2.4,0.8088457175083521,0,1,0
6647,93.24,16,2.3,0.6,0.8384832900729395,1,1,0
6648,124.07,13,8.9,5.0,1.3146420184806415,1,1,0
6649,109.11,17,8.1,2.0,1.2593961262114322,0,1,0
6650,28.61,5,3.0,0.5,1.1658413402738124,0,1,0
6651,40.66,13,10.9,3.0,1.5283307356140368,1,0,0
6652,95.07,16,0.2,0.1,1.481473777803921,1,1,0
6653,75.25,7,7.5,0.2,0.13178486500790942,0,1,0
6654,45.6,15,0.8,1.5,0.6022630564084753,0,1,0
6655,180.24,9,5.4,5.8,0.7786942402851514,0,1,0
6656,75.02,12,0.5,0.6,0.6319416783652976,0,1,0
6657,61.27,5,3.4,6.4,0.1,0,1,0
6658,45.71,11,3.0,2.3,1.2632705753640958,0,1,0
6659,87.62,15,9.6,5.2,0.6261287088179391,0,1,0
6660,147.64,8,1.4,0.5,1.0732108006005798,0,0,0
6661,60.94,10,0.5,1.4,0.7967108339247728,0,1,0
6662,78.12,23,1.0,1.4,1.4024086204465211,0,1,0
6663,134.91,18,11.3,0.8,0.6833674188360594,0,1,0
6664,196.76,9,0.7,1.6,1.1984299473740996,0,1,0
6665,67.17,16,1.1,0.2,0.7546099092907075,0,0,0
6666,101.93,14,0.2,2.2,0.5622837314777027,1,0,0
6667,41.14,5,0.9,0.3,1.046827001574702,0,1,0
6668,81.12,16,0.9,5.5,0.4157170315933566,0,0,0
6669,76.24,8,0.3,7.2,0.8022557583295977,0,1,0
6670,84.74,13,2.7,1.0,1.2812069879455454,0,0,0
6671,145.55,12,0.5,0.5,1.2044872501121704,1,1,0
6672,28.94,19,6.8,0.5,0.9568929916797878,1,0,0
6673,22.39,8,2.9,0.7,1.2178797492349218,0,1,0
6674,84.31,17,0.2,2.1,0.812769675355256,0,1,0
6675,199.12,17,9.8,2.2,1.2227511238423736,1,0,0
6676,33.81,13,2.2,4.2,1.2558096926935693,0,1,0
6677,129.24,19,3.4,10.0,1.0295077788957496,1,1,0
6678,66.37,20,6.2,1.7,1.0572531572196733,0,1,0
6679,61.66,9,8.0,2.2,1.3682379886747345,1,0,0
6680,92.39,11,4.6,0.2,1.1504722132524483,1,1,0
6681,121.46,10,9.1,2.7,1.3854651511991483,0,1,0
6682,84.42,15,1.8,10.2,0.27006267045056453,0,0,0
6683,161.29,23,1.3,1.8,1.7085431142045215,1,1,0
6684,155.08,23,1.7,1.4,1.0492930363810262,0,1,0
6685,258.13,18,11.0,0.5,0.5569668346308185,0,1,0
6686,83.23,17,0.2,11.9,0.7255269679821476,0,1,0
6687,17.72,17,6.9,1.1,0.27347134681673535,1,0,0
6688,159.07,10,1.6,3.5,1.4497133906714905,1,1,0
6689,126.92,12,1.5,1.4,0.6769727804797208,1,1,0
6690,786.42,5,2.9,26.3,3.817681052573397,1,0,1
6691,100.17,14,3.2,1.0,0.801356305446269,0,1,0
6692,172.77,15,5.7,0.2,0.9260665165860161,0,1,0
6693,52.04,13,4.2,2.0,1.5248698080683671,1,1,0
6694,42.35,14,5.9,0.5,1.1494328553096254,0,1,0
6695,95.2,19,6.3,3.8,2.325589344161684,1,1,0
6696,53.13,12,4.1,0.3,1.159110930898953,0,1,0
6697,33.62,13,21.4,1.2,0.3712782296733178,0,1,0
6698,98.76,11,11.7,5.7,1.44786596206418,0,1,0
6699,73.4,15,3.3,0.3,1.8038072041682685,0,1,0
6700,168.57,12,0.8,1.4,1.0236464559347416,0,1,0
6701,62.94,14,11.1,1.0,1.37064210957845,0,1,0
6702,40.35,16,0.2,1.5,0.3884880889886628,0,1,0
6703,90.04,19,4.2,2.9,0.5798851433360976,0,0,0
6704,42.07,11,0.1,3.9,1.5077788730073658,0,0,0
6705,73.42,14,6.9,0.6,0.9505738675431367,0,1,0
6706,43.78,20,2.4,1.0,0.8780902477636622,0,1,0
6707,83.74,18,1.6,1.9,1.0644339591835954,0,1,0
6708,236.51,11,8.6,0.5,0.8666421384768073,0,1,0
6709,165.64,13,7.8,2.2,1.9015738260330366,1,1,0
6710,43.84,17,1.5,4.8,1.6539715293488868,1,1,0
6711,201.92,12,2.3,8.4,0.6923228308163736,0,1,0
6712,62.31,23,2.2,2.9,0.8857212399433777,0,1,0
6713,39.67,13,6.2,7.3,0.6854330288920611,1,1,0
6714,39.59,16,9.9,3.6,0.4702729722098985,0,1,0
6715,16.71,1,6.4,3.0,0.765527727590721,0,1,0
6716,280.96,7,70.9,7.1,4.734260293505816,1,0,1
6717,16.44,23,3.8,0.1,1.0877377494985527,0,1,0
6718,97.24,11,5.8,0.9,0.9403469690508158,0,1,0
6719,76.04,7,11.4,2.6,0.8707812898666212,0,1,0
6720,140.41,15,0.4,4.7,1.1381651547578884,0,1,0
6721,11.24,14,2.5,0.0,0.8825255548290182,0,1,0
6722,13.14,12,1.8,0.8,0.8905582477961799,0,1,0
6723,109.51,15,0.6,1.1,1.4122565789070942,0,1,0
6724,34.85,14,7.0,16.1,0.3354376013206172,0,1,0
6725,171.85,8,31.8,37.8,6.734275584962806,1,0,1
6726,66.04,12,2.8,0.8,0.7562630088106176,0,1,0
6727,84.07,16,6.0,1.3,1.0964859261863478,0,1,0
6728,109.25,15,15.7,3.4,0.7633758833218197,0,1,0
6729,82.15,8,3.7,1.2,1.0655393679141922,1,1,0
6730,78.61,16,1.1,8.8,1.328675658327094,1,1,0
6731,10.93,8,0.4,0.1,1.0740903251705194,0,1,0
6732,122.59,12,0.5,3.6,0.6487117903985093,1,1,0
6733,57.84,17,2.0,2.0,0.9705586473290069,0,0,0
6734,100.25,18,0.5,2.4,0.5438962088043309,0,1,0
6735,65.42,17,2.2,4.2,1.3014321863789526,0,1,0
6736,35.97,14,9.0,1.1,0.4187280811778231,0,0,0
6737,54.41,17,17.7,2.7,0.5417906316840572,0,1,0
6738,45.91,19,4.9,1.5,1.1797525328729794,0,1,0
6739,204.88,13,0.1,0.6,0.6347059129088162,0,1,0
6740,119.86,13,6.7,7.0,0.5083072484880857,0,0,0
6741,37.35,8,13.9,4.7,0.9971227527361634,1,1,0
6742,66.39,9,7.9,2.4,1.2141923160871153,0,1,0
6743,83.82,12,6.9,1.7,1.10050013604786,0,1,0
6744,51.11,10,6.0,10.0,1.0954719412259484,0,1,0
6745,47.39,14,2.4,2.9,0.6730215959481476,1,1,0
6746,87.72,8,2.3,1.0,1.2961981559874713,0,1,0
6747,33.23,19,12.3,0.1,1.5118682959578889,0,1,0
6748,5.18,11,2.7,6.3,0.8196615863628263,0,1,0
6749,176.38,9,3.3,2.8,0.9645993305011646,1,0,0
6750,62.66,8,3.2,2.5,0.9613431356326655,0,1,0
6751,20.75,9,2.8,0.8,0.9158263753334921,1,1,0
6752,115.94,12,1.6,5.2,0.9205756944338971,0,0,0
6753,35.23,11,0.9,4.0,1.4970128820988973,0,0,0
6754,68.88,13,1.2,2.8,1.4015131757067125,0,0,0
6755,46.93,8,2.9,2.1,0.9286119927500338,0,1,0
6756,58.27,10,0.8,2.7,0.2238071426438757,1,0,0
6757,15.31,15,6.2,6.6,0.32870500804753355,1,1,0
6758,77.92,10,3.0,5.3,1.3415981477482317,1,1,0
6759,70.5,13,1.1,1.1,1.2128695416668223,1,1,0
6760,69.67,12,10.4,2.6,1.4728745871108981,0,1,0
6761,234.81,14,2.9,0.2,0.8181128218397806,0,0,0
6762,116.14,8,9.3,24.4,2.9710366072949332,1,0,1
6763,132.42,15,2.3,2.4,1.6057624947276938,0,1,0
6764,139.38,12,17.2,42.2,4.115273148624618,1,1,1
6765,277.81,16,62.2,85.8,5.653581798159264,1,0,1
6766,122.77,13,1.2,2.8,1.8230432985325478,1,1,0
6767,100.96,10,2.2,0.3,0.7515419297074528,0,0,0
6768,80.95,10,2.1,0.1,1.532286829033226,0,0,0
6769,82.16,18,1.4,2.9,1.2282875988741735,0,1,0
6770,33.76,14,7.3,1.2,0.8123257791309373,0,0,0
6771,103.78,16,4.4,3.5,0.8528551009218079,1,1,0
6772,35.74,9,5.1,5.8,0.7066844733348332,1,1,0
6773,31.07,10,1.7,2.9,1.2523751466775708,0,1,0
6774,96.79,12,10.6,1.5,1.399886057915409,0,1,0
6775,91.75,10,12.4,4.4,0.5236221727469885,0,0,0
6776,407.8,6,27.5,48.0,2.5113285049199927,0,0,1
6777,22.53,18,2.2,1.0,1.614609791253177,0,1,0
6778,107.5,13,65.9,25.6,2.7559705519769917,0,0,1
6779,54.39,16,3.4,3.3,0.8051518737211055,0,1,0
6780,33.53,15,1.3,6.0,0.6130218992143548,0,1,0
6781,65.56,14,3.6,3.0,0.7359547073513883,0,1,0
6782,95.5,16,1.3,1.0,1.265439156276089,0,1,0
6783,175.78,19,4.2,4.3,0.8363537106991141,1,0,0
6784,8.31,14,6.9,2.7,0.661982938230653,1,0,0
6785,32.17,13,0.8,0.9,1.0832715534071684,0,0,0
6786,13.35,8,0.2,1.8,1.0321680158886175,0,1,0
6787,226.79,19,1.5,1.5,1.4899573221514932,1,1,0
6788,17.47,10,3.5,1.1,1.7731185659959592,0,1,0
6789,60.74,10,8.4,1.7,0.5278569648481358,1,1,0
6790,343.52,15,40.7,30.6,1.8221682328067157,1,0,1
6791,42.1,17,0.6,0.4,1.5051272634526343,0,0,0
6792,104.2,21,15.6,0.9,1.2307219228172257,1,1,0
6793,19.35,10,4.6,0.1,0.7364066819788468,0,1,0
6794,63.9,6,3.5,4.9,1.6017084381073694,0,0,0
6795,125.85,15,8.7,0.8,0.5708074589710692,0,1,0
6796,50.13,13,0.5,0.3,1.1872238967844082,0,1,0
6797,42.68,12,2.6,0.7,1.2321335533642246,0,0,0
6798,43.24,10,7.2,4.1,1.0364564342477578,0,1,0
6799,65.16,16,4.2,0.6,0.8886374226420343,0,1,0
6800,98.89,20,3.8,5.3,1.241951040701184,0,0,0
6801,95.72,16,3.1,2.3,1.54360349860467,1,1,0
6802,15.67,16,1.5,4.4,1.9866705797910085,0,1,0
6803,51.9,18,0.3,3.1,0.729308161655844,0,1,0
6804,89.38,15,3.3,1.2,1.0218450369954446,0,1,0
6805,36.52,16,3.3,19.1,0.5739739498911085,0,1,0
6806,198.51,16,16.8,2.1,1.50165880680419,0,1,0
6807,197.46,14,10.3,4.7,0.8455028319992687,0,1,0
6808,135.86,8,0.3,2.8,2.11691778883017,1,1,0
6809,82.72,16,3.7,3.4,1.1242096303100928,0,0,0
6810,12.7,15,6.0,3.5,0.6456961560162764,0,1,0
6811,21.21,12,2.6,0.3,0.9171895333270355,0,1,0
6812,173.56,6,1.0,15.5,7.48459051503381,1,0,1
6813,172.53,14,9.0,0.7,1.0776116299120593,1,0,0
6814,26.48,10,1.5,4.1,0.9916330116075377,0,1,0
6815,64.09,15,0.4,2.1,0.9643132192982422,0,1,0
6816,49.9,14,4.5,2.6,0.9221930258576545,1,1,0
6817,66.26,13,9.1,0.7,0.7712107761857299,1,1,0
6818,78.78,11,6.1,1.4,0.656838578449304,0,1,0
6819,76.52,20,2.8,0.2,1.023629946763131,0,1,0
6820,183.71,14,1.4,0.7,0.40894322487109414,0,1,0
6821,92.69,5,3.1,4.2,1.3637568252468732,0,1,0
6822,34.9,9,9.6,1.1,1.0972872571014705,1,1,0
6823,22.44,12,2.4,4.3,0.974070405659944,1,0,0
6824,84.96,12,6.2,0.5,0.7134843362907572,0,1,0
6825,14.84,14,2.6,2.4,1.115927464334375,0,1,0
6826,111.74,13,2.4,1.9,1.3218253751096445,0,0,0
6827,16.16,7,7.7,1.0,0.9524460960298495,0,1,0
6828,109.88,15,1.8,0.1,0.7943992214820845,0,0,0
6829,162.19,14,0.5,0.4,1.2169641477050472,0,0,0
6830,42.01,10,0.6,4.1,1.03677829838741,0,1,0
6831,87.91,10,12.1,14.7,1.674438849514378,0,1,0
6832,110.19,7,2.5,0.5,0.1,0,1,0
6833,50.45,11,0.0,1.1,0.7850179410701614,0,0,0
6834,90.4,9,4.4,4.0,0.6913359584049507,0,1,0
6835,67.99,16,0.2,2.2,0.9110235020124396,0,0,0
6836,94.78,14,4.7,8.4,0.6609379705706566,0,1,0
6837,103.12,9,2.1,0.4,1.0081274531013045,0,0,0
6838,55.38,16,9.2,1.9,0.71132637789294,0,0,0
6839,89.41,22,1.0,0.5,1.2404900913950947,1,1,0
6840,38.5,18,10.1,0.1,2.067036342883121,1,1,0
6841,36.76,11,0.4,1.7,0.4879461474540302,0,1,0
6842,40.5,22,4.3,0.2,1.244697599795425,0,0,0
6843,52.08,12,2.4,0.9,1.4694608519174,0,1,0
6844,72.0,17,0.8,4.8,1.0424753551817898,0,1,0
6845,119.0,12,1.9,0.4,0.6954760260485897,0,1,0
6846,60.8,8,15.2,4.2,1.1714436492619837,1,1,0
6847,56.06,13,8.1,3.6,1.2645605550017487,0,1,0
6848,12.07,15,16.7,7.4,1.7901123134224988,0,1,0
6849,88.84,20,30.4,2.1,0.9886069795097405,0,0,0
6850,10.78,11,1.5,0.2,1.4066978685437057,0,1,0
6851,54.39,12,6.5,10.3,1.5185365742219816,0,1,0
6852,63.12,19,3.6,0.9,1.5680337070521624,0,1,0
6853,151.01,8,1.5,10.2,0.9249530929555769,0,1,0
6854,89.52,14,5.6,2.0,1.6523697670733015,0,1,0
6855,79.21,19,8.6,3.1,0.6359228755551076,1,1,0
6856,75.67,22,7.2,0.1,1.4924417546226074,0,0,0
6857,22.89,10,2.2,5.2,0.6663410238186009,0,0,0
6858,22.1,9,0.3,0.9,0.967551851107378,0,1,0
6859,97.97,16,4.0,3.8,1.361626486040088,1,1,0
6860,53.07,11,4.0,0.8,1.0326348031544352,1,0,0
6861,100.27,16,3.7,14.7,0.2947651299506123,1,1,0
6862,148.68,14,0.6,7.5,0.4449593239789552,0,1,0
6863,120.24,13,7.9,1.6,1.1960370877352227,0,1,0
6864,45.58,14,11.9,4.7,0.6634854170117399,0,1,0
6865,22.01,19,0.4,6.1,1.1142341937953368,0,1,0
6866,51.65,14,18.8,5.6,1.0895846638924913,1,1,0
6867,90.42,10,10.1,1.4,0.8511003307108451,0,1,0
6868,63.18,19,0.8,16.9,0.7630817700738515,0,0,0
6869,16.95,8,0.7,0.1,1.1058524462946553,0,0,0
6870,71.97,16,8.0,6.6,1.1112237617286593,0,0,0
6871,51.35,14,0.9,1.7,1.2497175226864914,1,1,0
6872,7.68,18,12.7,0.4,1.1476531143661814,0,1,0
6873,24.24,13,0.0,4.3,1.6834279851233964,0,1,0
6874,50.16,10,4.1,6.6,1.128055251437571,0,0,0
6875,173.27,6,21.7,9.8,1.7109187642792085,0,0,0
6876,109.19,1,26.4,1.9,4.972430074559751,1,0,1
6877,67.6,19,5.9,6.0,1.515598961560525,0,1,0
6878,41.06,16,6.2,3.9,1.0172405770295079,0,1,0
6879,171.81,16,12.5,4.9,0.7988853166871881,0,1,0
6880,95.09,8,1.8,0.9,0.7807447203148007,0,1,0
6881,321.74,15,14.9,8.2,0.4460414973492579,0,1,0
6882,36.38,10,5.2,0.1,1.1739431670289902,0,0,0
6883,21.5,19,2.3,0.6,1.4132800912805492,0,1,0
6884,183.09,16,2.1,53.8,2.277426888269609,1,0,1
6885,136.77,21,11.7,0.3,1.3439550045519344,1,0,0
6886,97.85,18,1.0,0.7,1.0321010873901302,0,1,0
6887,92.61,19,3.3,6.7,1.4288968090623353,0,1,0
6888,485.56,15,134.2,12.3,6.577212129430018,0,0,1
6889,103.96,16,2.7,2.9,1.1761200484069816,0,1,0
6890,56.49,11,3.0,1.8,1.0779876658361518,0,0,0
6891,79.8,12,5.2,3.0,1.0233938983179989,0,1,0
6892,15.53,15,3.2,0.8,0.9786035377200862,0,1,0
6893,28.78,15,0.3,7.8,0.6612211991439996,0,1,0
6894,120.18,13,8.4,6.0,1.2703776206960948,0,1,0
6895,102.61,13,0.0,2.5,1.186523993940282,0,1,0
6896,98.66,16,19.1,2.6,0.8949873837948294,1,1,0
6897,66.35,6,1.7,0.5,0.999485289525777,1,1,0
6898,18.15,20,2.9,1.2,0.3802494079936093,1,1,0
6899,230.03,22,3.1,1.2,1.53312340713958,0,0,0
6900,48.93,9,4.9,5.9,1.3451906239619555,0,1,0
6901,47.94,15,2.9,10.6,0.4059912966489826,1,1,0
6902,49.19,11,1.3,2.4,0.8611913618064477,0,1,0
6903,81.05,10,7.0,5.3,0.7656633077004756,0,1,0
6904,6.68,8,6.7,0.2,1.0369862199144335,0,0,0
6905,13.82,16,5.1,0.8,1.353491720910812,0,1,0
6906,85.81,13,3.5,1.8,0.9407348413530797,1,1,0
6907,47.43,15,12.0,0.1,1.138147309334783,1,1,0
6908,63.57,19,2.2,7.7,1.3056239028502992,1,1,0
6909,94.57,5,2.2,2.0,0.2756645954533048,0,0,0
6910,8.12,11,1.3,3.7,1.185898740648639,0,1,0
6911,115.89,19,0.1,0.4,0.6467157848685503,1,1,0
6912,0.57,10,10.6,5.2,1.737267399925103,0,1,0
6913,96.09,12,1.6,6.9,0.9465354628900696,0,1,0
6914,92.68,13,3.7,1.7,1.0639250593745548,0,1,0
6915,23.6,11,10.9,0.3,0.6527958456175232,0,1,0
6916,42.21,21,2.9,2.4,0.798369522922715,0,1,0
6917,187.83,10,0.1,3.2,1.3446974897241912,0,1,0
6918,64.74,10,2.4,1.8,0.9629574647800273,1,1,0
6919,440.64,0,21.8,16.2,3.987508947344299,1,0,1
6920,86.57,14,2.5,12.4,1.0717645818226256,1,1,0
6921,381.26,17,4.2,1.1,0.8506024916754015,0,1,0
6922,154.68,10,4.9,3.0,1.201700262728178,1,1,0
6923,170.59,5,0.7,6.6,1.1644371173382693,0,1,0
6924,118.63,19,0.8,1.3,0.7857882556363105,1,1,0
6925,73.02,15,2.3,1.1,0.8040523670339301,0,1,0
6926,29.17,9,4.5,6.8,0.6262101200127863,0,1,0
6927,56.48,16,7.4,6.4,1.0945849951463453,0,0,0
6928,131.02,14,4.6,0.1,0.70018073420775,0,1,0
6929,55.26,11,0.1,1.7,0.9269925995546562,1,1,0
6930,114.71,18,4.7,1.2,0.7823860525540693,1,1,0
6931,197.74,13,5.4,1.5,1.6773733661904284,0,1,0
6932,61.31,14,5.3,2.2,1.0121788550288768,0,1,0
6933,120.5,16,14.0,12.2,0.7908625707525001,0,1,0
6934,41.33,9,5.2,0.2,0.47922082513427045,0,1,0
6935,70.64,15,4.1,6.2,1.4669577176857522,0,1,0
6936,216.07,7,0.7,0.7,1.2598200691462327,0,1,0
6937,66.7,14,2.5,1.3,0.9726758085828044,0,1,0
6938,207.6,10,3.7,3.5,0.9097280757428765,1,1,0
6939,110.64,19,3.9,4.1,1.2056762899116742,0,1,0
6940,27.92,13,6.0,5.9,1.2183264968272591,0,0,0
6941,4.93,11,7.9,8.4,1.2125012333155776,1,1,0
6942,124.96,17,53.0,42.0,1.8962578151917788,1,0,1
6943,111.32,11,2.7,6.5,0.6863978248019245,0,1,0
6944,63.79,18,1.8,1.4,1.2307859109114827,0,0,0
6945,218.88,17,0.6,0.9,0.5591202801547002,0,0,0
6946,136.77,15,4.9,1.1,1.780727147230813,0,1,0
6947,66.09,8,2.0,8.2,1.0121386128289727,0,1,0
6948,15.38,21,1.8,2.9,1.0089233753446702,1,1,0
6949,45.62,13,4.3,4.5,0.7524775258756231,1,1,0
6950,106.78,7,13.0,1.3,0.7377383046468327,0,1,0
6951,46.2,5,2.8,4.1,1.3431417900932612,0,1,0
6952,108.26,8,2.5,2.6,0.885467349260491,1,1,0
6953,39.21,15,0.2,3.3,1.7117094212794826,0,1,0
6954,36.31,15,4.6,2.4,1.7609865246254532,0,1,0
6955,161.76,16,1.9,9.6,0.5931692926209784,0,1,0
6956,60.46,16,3.3,1.2,0.6374612554101898,0,1,0
6957,74.41,15,0.9,0.6,1.3064558711448424,0,1,0
6958,163.1,13,3.9,0.2,1.8055597555469367,0,1,0
6959,106.48,11,5.6,6.5,0.7955377034443583,1,1,0
6960,111.77,22,1.5,1.6,1.275996855846997,0,0,0
6961,69.01,14,1.2,15.0,1.0760503847521568,0,1,0
6962,34.67,11,8.7,1.5,0.536787440022016,1,1,0
6963,94.41,12,4.1,4.0,0.5191974671782832,0,1,0
6964,81.14,12,1.3,0.3,0.6789905625140831,1,1,0
6965,211.01,5,15.4,11.8,5.974005039643986,1,1,1
6966,256.5,2,4.6,2.2,0.6711759533408586,0,1,0
6967,169.72,15,8.7,4.6,0.4028217233186824,0,1,0
6968,51.75,16,2.5,1.8,1.2027032698552316,0,1,0
6969,62.03,10,4.4,3.1,1.5726447285387684,1,1,0
6970,98.77,12,1.5,1.1,1.1187128359268368,1,1,0
6971,59.37,13,0.6,2.2,0.634031717969807,0,0,0
6972,49.76,21,2.6,5.3,1.0610322305892996,1,1,0
6973,57.04,7,3.7,2.8,0.9282924730161163,0,1,0
6974,23.17,15,1.1,0.8,0.6032387270578128,1,0,0
6975,69.38,8,0.0,1.4,0.8969510583135849,0,1,0
6976,228.67,16,17.5,0.2,0.8064607290178609,1,1,0
6977,68.95,9,6.0,1.1,1.092127431155867,1,1,0
6978,28.92,18,20.4,0.7,1.0972510962023732,1,1,0
6979,111.58,10,3.0,1.6,1.1395045407664546,1,1,0
6980,96.1,5,0.4,6.7,1.3613942073022587,0,1,0
6981,92.56,16,9.3,3.4,1.1019228757992956,0,1,0
6982,49.29,19,2.3,1.6,0.8976261485102461,0,1,0
6983,266.17,10,36.9,25.6,8.374272171648624,0,0,1
6984,100.12,15,2.8,2.0,1.0322932660488617,0,0,0
6985,26.3,11,2.0,0.3,1.3870345316211656,0,1,0
6986,41.32,11,5.1,4.2,0.6788564875178644,1,1,0
6987,341.13,12,28.1,12.7,4.982971143421659,1,1,1
6988,59.36,17,2.1,3.6,1.5223300857837865,0,1,0
6989,72.27,16,3.5,0.1,1.5491379136023142,0,0,0
6990,53.5,18,0.7,3.7,0.9434806577064861,0,0,0
6991,165.34,16,1.3,5.2,1.3293619378575816,1,1,0
6992,68.78,16,0.6,11.9,1.0419964278479734,1,1,0
6993,160.82,9,1.2,0.3,2.089520189060801,0,0,0
6994,132.84,13,0.7,1.5,0.2667931613674237,0,1,0
6995,163.48,9,3.0,0.3,0.6849363499410477,0,1,0
6996,31.23,15,11.9,10.0,0.7531510973134296,0,1,0
6997,94.48,1,60.3,22.5,5.614829168762064,1,1,1
6998,24.62,14,0.1,6.0,0.6970986715641998,1,1,0
6999,40.64,17,1.1,3.8,1.2846717929131453,0,1,0
7000,6.81,7,9.0,2.7,1.4532730858816265,0,1,0
7001,184.21,11,3.2,5.4,1.0255740386359176,1,1,0
7002,79.92,8,11.1,1.0,1.9007641628450955,0,1,0
7003,32.43,8,8.9,3.4,1.087955975062352,0,1,0
7004,84.39,12,1.8,3.7,1.241127620033417,1,0,0
7005,43.87,12,1.3,1.3,0.9185494636603687,0,1,0
7006,122.08,21,3.5,0.5,1.2159522498074535,0,1,0
7007,77.29,9,4.6,8.7,1.067689751599542,0,1,0
7008,63.37,10,0.5,0.9,0.8282911732294747,0,1,0
7009,37.83,18,18.3,8.7,0.5858045250569746,0,1,0
7010,67.42,14,0.4,0.1,0.7602111822763175,0,1,0
7011,450.13,23,25.4,7.4,4.198889045549414,1,1,1
7012,83.66,10,0.2,0.7,1.3867594710863151,0,0,0
7013,80.03,14,1.4,1.4,0.1146012025792259,0,0,0
7014,57.39,13,3.6,3.1,0.48010739425842053,0,1,0
7015,77.01,10,12.2,3.1,1.067112099501781,0,1,0
7016,31.88,15,0.5,4.5,1.5601356961972184,1,1,0
7017,41.26,14,0.1,1.4,0.9321785804947103,0,0,0
7018,34.71,9,4.0,3.9,0.539164989585248,1,1,0
7019,93.53,17,3.8,7.3,2.124026338508009,0,1,0
7020,126.82,14,3.0,2.8,1.1995246006811535,0,1,0
7021,120.24,12,4.2,5.6,1.0325449814098062,0,1,0
7022,28.33,13,7.0,0.3,0.9309144892239682,1,1,0
7023,32.88,4,0.4,8.7,1.015461464336206,0,1,0
7024,82.48,12,3.6,4.4,1.031725588487044,0,0,0
7025,91.86,20,4.5,1.3,1.7734887130580494,0,0,0
7026,31.47,5,3.9,0.9,1.0117175697241514,0,0,0
7027,17.93,7,2.2,3.2,0.6028929431860856,0,0,0
7028,68.16,14,3.4,0.3,0.4603972014222464,0,1,0
7029,122.48,13,1.2,3.2,0.24708842209655113,0,1,0
7030,90.01,18,2.5,3.4,1.3629943130505613,0,1,0
7031,30.31,14,32.3,2.7,0.5055365778209876,0,0,0
7032,222.96,0,0.0,52.3,2.4808773788439087,1,1,1
7033,250.68,13,21.9,0.5,1.2761113726304936,1,0,0
7034,7.38,12,2.1,2.3,1.0200624383301973,1,1,0
7035,28.24,14,2.1,3.4,0.7472830889787656,0,1,0
7036,63.66,11,1.6,1.5,0.9486321768908517,0,1,0
7037,43.56,19,6.3,0.9,1.273025693290465,0,0,0
7038,119.1,18,0.2,2.1,0.953327526524147,0,1,0
7039,94.65,12,2.3,4.7,1.38466903671379,0,1,0
7040,408.8,0,14.5,44.3,3.586408423786703,1,1,1
7041,151.21,15,10.8,0.9,1.919678660025462,0,1,0
7042,44.02,16,2.8,0.6,0.7036808447675262,1,1,0
7043,371.71,10,49.9,29.9,4.924708965767618,0,1,1
7044,150.49,13,5.1,0.6,0.9235020249820389,0,0,0
7045,71.27,9,3.9,6.7,1.7255087264893119,1,1,0
7046,48.41,13,8.1,1.2,0.5531646751949955,0,1,0
7047,126.56,18,1.2,0.5,1.2184644574477845,0,1,0
7048,83.52,9,3.8,1.9,0.9197838841853203,0,1,0
7049,79.28,9,1.5,9.6,0.521882663800389,1,0,0
7050,106.31,12,3.9,5.5,1.5494480090984748,1,1,0
7051,87.5,20,6.1,0.6,0.8083244885520451,0,1,0
7052,177.44,10,5.6,4.3,0.35831161171672277,1,1,0
7053,232.77,6,4.5,3.4,0.859971473242836,0,0,0
7054,14.55,19,16.1,0.0,0.8171031160073904,0,0,0
7055,132.11,12,4.8,1.6,0.6702267888612474,1,1,0
7056,119.26,7,0.9,1.5,1.2030627115271824,1,1,0
7057,46.57,14,2.9,6.8,0.8098577238219228,0,0,0
7058,56.85,14,0.9,0.3,1.151793215723608,1,1,0
7059,81.24,13,1.5,0.5,1.1380512311100903,0,1,0
7060,37.77,13,4.6,2.2,0.8148213852220196,1,0,0
7061,52.38,12,1.3,2.4,0.7691448883597329,0,1,0
7062,11.45,12,5.3,1.2,0.27920391875226325,0,1,0
7063,158.21,23,12.4,1.6,1.2842540753284177,0,0,0
7064,34.29,15,0.0,6.2,1.3899048362674553,0,1,0
7065,77.25,13,9.6,1.8,1.0099602542544714,1,1,0
7066,191.92,10,1.0,6.0,0.8390238160223507,0,1,0
7067,369.11,16,15.9,5.3,7.4434648621143245,1,0,1
7068,110.88,16,0.5,1.6,1.3118822468933153,0,1,0
7069,211.42,6,2.4,4.5,1.1359862310683853,1,1,0
7070,101.99,11,3.8,1.2,0.5598549812509999,0,1,0
7071,177.98,9,0.7,2.1,0.7521299921855674,0,1,0
7072,49.55,12,8.1,0.5,0.8770739408239037,0,0,0
7073,44.9,16,1.7,2.4,1.0093637997313931,0,1,0
7074,17.18,12,11.8,2.5,0.3966180740783454,0,1,0
7075,71.48,13,0.1,2.1,1.2486785698077334,0,1,0
7076,62.58,14,3.3,2.8,0.5153075223785744,1,0,0
7077,120.26,16,2.9,0.8,1.4282585274503758,0,1,0
7078,99.52,15,3.9,3.4,0.829959314957472,1,1,0
7079,84.61,15,7.1,2.2,2.4093219352468664,0,1,0
7080,5.96,12,11.7,6.1,0.8347205785960837,1,1,0
7081,78.18,11,4.7,1.3,0.5171192738342583,0,1,0
7082,98.46,12,6.1,0.1,0.4892866576233358,1,1,0
7083,234.11,16,2.0,1.2,1.139461525996701,0,1,0
7084,276.68,14,6.6,2.1,0.5780414324209457,1,1,0
7085,49.49,11,0.0,0.9,1.0210289283617395,0,1,0
7086,24.02,14,14.6,7.4,1.1195877236254375,0,0,0
7087,3.82,11,7.9,2.3,0.7925795062327854,0,1,0
7088,48.06,11,5.8,2.2,1.2374336333864961,1,1,0
7089,38.05,9,1.0,2.4,1.797682338017625,0,1,0
7090,4.97,11,5.0,9.5,1.124711021704933,0,1,0
7091,47.91,20,1.4,0.1,0.5262642386790297,0,1,0
7092,84.61,16,1.7,3.2,1.133712991425261,0,1,0
7093,72.32,16,0.8,0.2,1.718195310447297,0,1,0
7094,271.77,18,42.8,24.9,5.964831273866617,1,0,1
7095,204.85,13,8.5,8.5,0.6920754900874446,0,1,0
7096,8.95,19,1.8,4.7,1.8025565285450416,0,1,0
7097,315.66,18,5.8,0.2,0.7360745575396677,0,1,0
7098,101.9,12,5.9,1.5,0.8760844876814008,0,1,0
7099,48.64,14,15.1,0.8,0.7398115298921841,1,1,0
7100,31.76,12,3.8,0.2,0.1,0,1,0
7101,23.07,14,10.9,4.1,0.979073393324077,0,1,0
7102,63.82,14,4.2,2.3,0.4678622431846746,0,1,0
7103,45.01,12,7.0,1.2,1.3627031520741633,0,1,0
7104,107.93,15,0.9,0.8,0.7390542404106393,1,0,0
7105,71.43,11,2.8,3.3,1.3097043671766238,0,1,0
7106,62.46,9,3.5,4.9,1.2324564424448556,0,0,0
7107,31.12,7,12.8,1.1,1.5101380960719673,0,1,0
7108,30.86,13,2.5,3.0,1.286099958105428,0,1,0
7109,24.87,10,10.2,2.5,0.8921268778622514,0,1,0
7110,28.14,15,4.1,2.9,0.9768655991579708,0,1,0
7111,59.7,14,3.7,2.3,1.0826293750352503,0,1,0
7112,39.44,16,4.4,0.0,0.6145980232039476,0,1,0
7113,125.77,11,1.3,0.3,0.6006637273584168,0,1,0
7114,52.71,14,4.2,0.1,0.5654693639128755,0,1,0
7115,157.02,12,1.8,9.7,1.3790958406246667,0,0,0
7116,120.25,13,4.6,1.1,0.8475337466394779,0,1,0
7117,130.2,13,2.1,0.8,0.809605477712318,0,0,0
7118,53.99,7,9.7,4.1,1.1115211362935873,0,1,0
7119,33.2,8,2.0,1.1,1.0394660994772524,0,1,0
7120,78.05,12,2.2,4.5,0.9887969078201017,0,0,0
7121,86.92,19,3.7,2.8,1.9698776212943416,1,1,0
7122,41.53,16,1.8,2.0,1.0290386109018184,1,1,0
7123,168.01,16,1.9,3.9,0.36563817787057484,0,1,0
7124,58.44,11,2.4,1.6,1.1704686985349881,0,0,0
7125,48.19,11,11.8,3.9,1.350630056435373,1,1,0
7126,127.65,11,0.8,9.3,1.0144782746809236,0,1,0
7127,224.69,18,10.0,1.9,1.212683539977818,0,1,0
7128,28.22,17,3.9,0.9,1.2625880627345543,0,1,0
7129,14.13,16,0.5,0.5,1.0770281413645195,0,1,0
7130,50.23,15,2.8,13.0,1.3149043417156192,0,1,0
7131,91.92,12,5.5,1.7,1.052504692394046,1,0,0
7132,12.0,18,1.4,11.8,1.1244035877508827,1,1,0
7133,33.64,18,1.9,1.7,2.108769187067984,1,1,0
7134,105.55,13,4.3,4.0,0.9028967085369142,0,1,0
7135,27.47,11,8.5,0.4,1.1768050324999073,0,1,0
7136,85.33,13,3.1,3.7,1.410846429957779,1,1,0
7137,44.87,16,5.5,0.3,1.1957024541785872,0,1,0
7138,92.06,9,3.2,8.3,1.495997669109326,1,1,0
7139,131.71,4,24.2,192.5,5.351540547003126,1,0,1
7140,7.74,13,10.2,3.7,0.737309713405307,0,1,0
7141,112.34,9,0.9,3.9,0.7115960269776316,0,1,0
7142,75.67,13,1.5,0.5,1.0420209087193688,1,1,0
7143,146.62,21,7.0,0.0,1.4642522304388559,0,0,0
7144,19.53,16,10.5,0.3,0.8300134108517675,0,1,0
7145,74.31,14,2.5,0.6,1.3582191198983433,0,1,0
7146,60.51,13,10.6,1.6,0.5834574648925867,1,0,0
7147,115.08,13,0.1,1.2,1.3289471920799916,0,0,0
7148,55.56,15,4.2,2.2,1.487871134577661,0,1,0
7149,45.18,11,2.9,4.1,0.9288858942191013,0,1,0
7150,19.0,19,18.0,0.7,0.5960543173483612,1,1,0
7151,41.32,12,8.8,3.0,0.6734009683873752,0,1,0
7152,193.74,10,2.7,4.0,0.5067691220216299,1,0,0
7153,20.6,16,7.4,8.0,0.8510059514415783,0,1,0
7154,129.35,8,20.7,11.7,5.729813737665053,1,0,1
7155,24.81,14,6.7,2.9,0.30716827061651064,0,0,0
7156,15.23,12,3.1,5.5,1.3389078130010674,1,0,0
7157,25.53,7,4.0,0.6,0.6466467561216038,0,1,0
7158,17.67,16,10.4,1.9,1.273212973392093,1,0,0
7159,33.49,15,12.6,2.6,1.0170923158465575,0,1,0
7160,61.77,10,0.1,1.2,0.7061323555872723,0,1,0
7161,88.83,6,1.0,2.5,0.8054369319045815,0,0,0
7162,85.26,10,10.4,1.4,1.0882713762932459,1,1,0
7163,23.98,15,17.0,2.2,0.8257614715546547,0,1,0
7164,33.06,14,13.5,1.9,1.070344578694249,1,1,0
7165,106.55,6,1.9,0.0,1.6738911393043154,0,1,0
7166,27.31,9,9.2,1.8,1.3076944764049834,0,1,0
7167,29.35,10,12.0,2.7,1.3393232946250566,0,1,0
7168,107.99,17,3.6,1.1,0.9676481704564098,1,1,0
7169,82.86,20,17.7,2.6,0.912112987090573,0,1,0
7170,81.57,16,1.7,0.4,0.5317664661848129,0,1,0
7171,56.88,15,1.3,0.7,0.6782947934031736,0,1,0
7172,24.71,13,0.7,0.6,0.7571274513188283,0,1,0
7173,16.24,15,3.6,1.3,1.69811811873823,1,1,0
7174,21.91,10,3.6,4.2,1.0374385306802605,0,1,0
7175,506.95,11,80.6,0.7,4.794497184084635,1,0,1
7176,74.26,8,2.7,9.5,0.6039698983443664,0,1,0
7177,43.1,15,0.0,1.8,1.2866646703460722,0,1,0
7178,92.22,20,7.3,14.3,1.0206370672868657,0,1,0
7179,66.16,13,3.7,8.3,1.1865442932354162,0,1,0
7180,79.04,19,6.1,0.2,0.5337000641870817,0,1,0
7181,51.28,12,10.7,2.2,0.8753510626386296,0,1,0
7182,144.65,23,3.1,4.3,0.8884095722483222,1,1,0
7183,75.04,17,3.9,11.3,1.2474568816057663,0,1,0
7184,361.15,10,0.5,0.9,0.5992848406562015,0,0,0
7185,40.86,10,12.7,10.8,0.9074136921550164,0,1,0
7186,85.49,14,2.1,7.2,0.9100715623867426,0,1,0
7187,91.01,16,4.6,6.1,1.1360643017818985,0,0,0
7188,102.75,14,6.8,0.1,1.6767265255940074,0,1,0
7189,208.25,12,2.1,0.0,1.1878690724013405,0,1,0
7190,103.58,8,17.1,0.6,0.9679995733624569,1,1,0
7191,96.9,14,9.0,1.4,1.2868612595191562,0,1,0
7192,89.71,4,6.0,2.0,1.2435115123462017,0,1,0
7193,52.22,15,3.5,3.1,1.0126828696038899,1,1,0
7194,112.33,7,3.0,2.4,1.487166883974528,0,1,0
7195,88.79,18,4.5,1.4,0.9540152954352291,0,1,0
7196,130.04,18,6.3,3.8,1.1314280207984797,1,0,0
7197,130.64,20,2.9,0.8,0.8146876271512856,0,1,0
7198,24.64,11,10.0,7.1,1.6374250608712364,1,1,0
7199,58.41,9,1.9,2.2,1.6230157665345346,1,0,0
7200,168.82,11,0.3,1.3,0.7121859576455913,0,1,0
7201,15.6,11,4.8,0.8,0.5120765810342214,0,1,0
7202,4.92,17,2.2,4.1,0.5870241484467068,1,1,0
7203,4.05,19,2.6,4.2,1.8463759224473046,0,1,0
7204,114.73,10,7.2,2.4,1.2523368812473625,0,0,0
7205,131.91,18,19.2,1.2,1.6618569145934154,0,1,0
7206,40.41,13,1.5,5.4,0.967430915750716,0,0,0
7207,409.09,19,88.3,10.0,7.27432887075112,1,0,1
7208,219.88,18,0.1,0.1,1.5308453389025698,0,0,0
7209,84.71,11,0.5,2.4,0.8891119983357233,0,1,0
7210,80.83,20,0.8,2.8,0.7711153861716068,0,0,0
7211,138.49,15,2.1,1.8,0.9889946690407084,1,1,0
7212,60.3,20,4.3,1.2,0.9174119795159343,0,1,0
7213,6.07,23,1.3,3.5,0.88074831320265,0,0,0
7214,16.09,16,3.2,0.8,0.8161274955921144,1,1,0
7215,76.09,11,7.0,1.4,1.689177157299616,0,0,0
7216,43.77,11,3.6,3.1,0.8322886306030548,1,1,0
7217,88.73,12,11.6,0.7,0.7883178011913013,1,0,0
7218,316.79,16,110.3,24.9,2.0941280072794117,1,0,1
7219,72.79,20,0.3,4.4,0.6154221341933055,1,0,0
7220,68.08,11,3.3,0.3,0.7858037675944736,1,1,0
7221,123.06,7,4.2,0.7,0.7351399499054607,0,1,0
7222,58.03,20,5.6,6.0,1.0388095355669311,1,1,0
7223,89.14,12,11.2,6.5,1.5345256604031445,0,1,0
7224,32.65,11,10.7,0.3,1.7065898549462282,0,1,0
7225,165.43,20,1.0,3.9,1.221354863959398,1,1,0
7226,43.97,17,5.2,0.4,0.7210186156236422,1,1,0
7227,61.89,11,2.8,2.4,0.6508383208448926,1,1,0
7228,53.54,15,6.5,3.1,0.7163313359837153,1,1,0
7229,201.62,20,73.0,0.1,4.476299120783536,0,0,1
7230,106.11,8,6.2,3.2,0.11530683482911852,0,1,0
7231,343.77,14,12.4,2.1,1.133539695193656,1,1,0
7232,57.67,17,2.0,1.9,1.3169229415241273,0,1,0
7233,21.87,9,8.1,1.3,0.302855003948045,1,1,0
7234,62.31,16,2.2,10.3,0.8923091460481649,1,0,0
7235,149.48,9,1.8,1.2,0.8701336877013612,0,0,0
7236,184.28,20,0.4,4.0,0.5113770384216894,0,0,0
7237,20.11,11,4.7,6.5,1.0876992673194958,0,1,0
7238,44.48,13,14.7,0.9,0.5295696035248874,0,1,0
7239,101.46,12,8.8,9.1,0.9473935061762521,0,1,0
7240,39.6,17,11.9,3.6,0.37431090336055606,0,1,0
7241,170.45,12,15.8,13.6,0.2167702649371065,1,1,0
7242,117.72,12,2.5,13.1,0.6631140772148856,1,1,0
7243,19.5,20,3.3,2.8,1.6710361706236658,0,1,0
7244,71.12,17,10.9,3.7,1.4214650811448517,0,1,0
7245,39.67,8,0.3,4.7,0.5423333794702017,0,1,0
7246,58.18,15,5.7,3.1,0.34786995024486167,1,0,0
7247,55.17,17,5.7,5.0,1.7385006603289253,1,1,0
7248,158.18,12,0.3,2.0,0.636505089685989,0,1,0
7249,14.11,12,2.5,1.2,1.527850692107548,0,0,0
7250,44.67,19,0.8,0.8,1.4950122676858866,1,1,0
7251,14.12,15,5.8,5.4,1.1218117641087395,0,1,0
7252,11.82,15,0.1,0.7,1.3092782299737529,1,0,0
7253,63.52,13,6.1,1.1,1.2289672259004178,1,1,0
7254,217.43,4,1.2,4.0,1.5700004146508197,0,1,0
7255,83.77,13,11.6,10.8,0.8599019021918822,1,1,0
7256,145.5,17,9.5,5.4,0.8991443345341403,0,1,0
7257,135.36,15,0.1,1.3,0.5363515280344372,0,1,0
7258,15.92,11,5.0,17.7,1.381433859578781,0,1,0
7259,39.59,12,3.8,3.4,1.2769049560459536,0,1,0
7260,79.96,13,2.3,4.7,1.386317647254983,1,0,0
7261,35.51,17,1.2,0.1,1.5736447194172196,0,1,0
7262,54.56,12,4.2,0.6,0.5474212873747522,1,0,0
7263,56.22,20,6.0,0.6,1.136463118110097,1,1,0
7264,31.44,9,20.6,13.3,1.3419362341616796,0,1,0
7265,22.45,19,1.3,0.1,1.3229295244587571,0,1,0
7266,78.33,10,1.0,3.8,1.1154493756140393,0,0,0
7267,89.29,11,6.7,1.8,0.9734924028023993,1,1,0
7268,43.03,14,2.2,0.2,0.6746635488505871,1,0,0
7269,96.12,14,3.8,2.3,0.9922533969832527,1,1,0
7270,42.74,14,11.1,3.1,1.181729687917782,1,1,0
7271,13.04,14,54.9,0.8,0.939246340237603,1,1,0
7272,55.67,18,9.6,7.4,0.9052211666829134,1,1,0
7273,119.16,10,0.8,15.5,1.3195227546541797,0,1,0
7274,117.73,23,11.4,4.4,0.9749093073089949,1,1,0
7275,95.41,11,1.9,1.3,0.1,0,1,0
7276,27.62,13,4.0,1.3,0.9293170943657384,1,1,0
7277,111.19,15,5.3,0.6,1.0958020898142509,1,1,0
7278,340.32,1,6.9,27.9,1.7829507491230845,1,0,1
7279,317.38,6,24.3,21.5,4.880435644316101,0,0,1
7280,187.5,16,41.2,57.7,4.096473159413821,0,1,1
7281,101.49,8,0.5,5.2,1.4332668577486989,1,1,0
7282,12.16,15,3.1,0.2,1.025802853686584,0,1,0
7283,2.15,16,5.1,0.3,1.0947954393621513,0,1,0
7284,36.65,14,1.2,0.7,0.2273374854591983,0,0,0
7285,54.56,13,6.5,4.7,1.2863159006817522,1,1,0
7286,5.47,18,1.5,2.1,0.2933653151006821,0,1,0
7287,179.16,14,1.7,0.5,1.1951753192452848,0,1,0
7288,88.45,8,5.0,9.8,0.8274731872495434,1,1,0
7289,56.45,15,2.1,14.2,0.871681924980934,1,1,0
7290,286.31,9,6.7,7.9,1.126292285236235,1,1,0
7291,15.8,16,7.1,2.0,0.7594728401408187,0,1,0
7292,25.75,10,14.0,0.9,0.9858884958100278,0,0,0
7293,69.55,14,10.1,7.0,0.8841377517369404,1,1,0
7294,53.1,6,0.8,0.6,0.6834385800721948,0,1,0
7295,41.27,18,2.3,5.6,1.0037637701291982,0,1,0
7296,53.48,11,16.8,0.2,0.7824070304969244,0,1,0
7297,43.93,20,0.2,1.5,0.6725694534889171,0,0,0
7298,22.28,13,1.9,0.0,0.8217765190682969,0,1,0
7299,101.48,15,0.6,3.6,1.3024329702532507,0,1,0
7300,156.52,16,8.6,4.6,1.2206494080148307,0,1,0
7301,6.64,13,14.4,0.2,0.8085187562939761,0,1,0
7302,95.55,20,2.4,3.4,1.1944108987595243,0,1,0
7303,50.43,13,0.9,0.1,0.47092501168675904,0,1,0
7304,71.68,2,8.8,0.5,1.2122641307196131,0,1,0
7305,169.62,14,3.1,0.1,0.8145634428505508,0,1,0
7306,108.45,16,6.3,3.3,1.1882357282446872,1,1,0
7307,17.72,16,1.8,1.2,1.1921263416044339,0,1,0
7308,119.46,8,1.0,11.1,0.3729698573694342,0,0,0
7309,34.31,12,4.6,0.5,1.9179200840742077,0,1,0
7310,109.19,9,3.0,9.9,0.8479864443801154,1,0,0
7311,11.32,18,2.5,9.2,0.8442491436788382,0,0,0
7312,110.8,10,8.9,3.6,0.7327098400902781,1,1,0
7313,4.5,9,2.4,2.4,0.7382910745022335,0,1,0
7314,110.33,17,8.0,0.2,0.895473951116181,1,1,0
7315,44.62,11,4.2,11.4,1.3178076788240072,0,1,0
7316,203.89,11,2.3,2.7,1.4077993267382323,0,1,0
7317,88.13,11,1.5,10.6,1.1939375462885917,1,1,0
7318,250.99,16,7.6,1.1,0.914933448959841,0,1,0
7319,57.22,11,0.9,1.8,1.2044533057683122,0,1,0
7320,52.93,18,4.4,0.2,0.6572504027262509,0,1,0
7321,1.42,15,5.8,3.0,1.4097662488771245,0,1,0
7322,37.9,9,2.2,1.4,0.9171311804710325,0,1,0
7323,67.03,10,1.6,0.9,0.7907165738509112,0,1,0
7324,13.23,16,6.5,0.7,1.293920225189559,0,1,0
7325,48.21,10,8.8,0.0,1.381967877383889,0,1,0
7326,64.22,14,6.8,1.7,1.2197580986087297,1,0,0
7327,18.66,15,6.2,1.2,1.242521981492235,1,1,0
7328,81.11,10,6.0,0.3,1.1082266933320253,0,0,0
7329,146.64,16,3.9,1.6,0.6311506856978458,0,1,0
7330,300.48,13,3.5,1.9,0.6807973229371447,1,1,0
7331,176.09,17,0.6,0.3,0.7023397707468011,0,1,0
7332,38.72,8,0.4,1.9,0.5455288783126562,1,1,0
7333,49.19,10,0.1,0.6,0.47363260716625655,1,1,0
7334,194.54,7,2.2,4.2,4.353360144503324,1,0,1
7335,31.62,20,1.2,1.3,1.3956948070851265,0,0,0
7336,119.21,18,9.7,6.4,1.2204776820775531,1,1,0
7337,61.47,12,0.8,0.9,0.7944749637022435,1,1,0
7338,98.5,15,1.8,5.1,1.169038283409381,0,1,0
7339,128.61,18,14.4,0.2,0.889480017965037,0,1,0
7340,37.64,11,2.9,2.4,0.9964267420395704,0,0,0
7341,40.55,8,6.0,3.3,1.6539843879021827,1,1,0
7342,173.15,4,4.4,2.3,0.9399954689180876,0,1,0
7343,16.3,11,3.5,4.0,0.9917043249584341,1,1,0
7344,83.28,14,0.2,0.6,0.9083983298539748,0,1,0
7345,68.92,13,2.1,1.8,1.325468070920332,1,1,0
7346,37.46,17,4.3,1.4,0.7630298267463811,0,1,0
7347,32.4,17,9.6,10.1,1.0842258204382007,0,1,0
7348,108.74,6,6.8,6.0,0.5137527816213918,0,1,0
7349,29.13,13,6.5,1.3,1.2859375675392544,0,1,0
7350,50.72,11,22.6,12.9,1.427998362718926,0,1,0
7351,126.11,19,0.1,6.2,0.8542992419708677,0,0,0
7352,74.33,18,4.4,5.0,0.941295387212585,1,1,0
7353,158.97,10,1.3,0.9,1.5645503110780377,1,1,0
7354,38.45,14,5.2,1.5,0.2229021537611141,0,1,0
7355,70.73,19,2.4,0.3,1.2502349745887391,0,1,0
7356,153.52,12,0.9,0.2,0.672826383405428,1,1,0
7357,87.11,13,8.9,4.7,1.7184625150540587,0,1,0
7358,130.19,18,2.3,1.3,1.2115384534552334,0,1,0
7359,52.14,17,0.4,4.0,0.9173783695493725,0,1,0
7360,28.98,16,1.1,2.4,1.0860135304546996,0,1,0
7361,73.07,12,0.5,1.4,1.5561672975685543,1,1,0
7362,266.26,11,4.2,1.9,1.4494623986150525,0,1,0
7363,162.03,19,1.0,1.9,1.208979070549105,1,1,0
7364,14.86,15,7.3,11.8,1.238118919068519,1,1,0
7365,89.83,4,28.7,1.6,3.6412807189271046,1,1,1
7366,30.37,14,10.1,3.0,0.8940002848995874,1,1,0
7367,27.41,14,0.3,3.7,1.0052376942054138,1,1,0
7368,192.82,16,2.3,9.5,3.206551238115961,1,1,1
7369,85.22,19,2.5,3.6,0.7777013573214656,1,0,0
7370,637.3,23,84.0,16.3,3.5113900603415242,1,0,1
7371,54.17,11,6.0,0.5,1.2602758620049506,1,1,0
7372,65.11,17,0.6,1.6,1.1603155557586289,0,1,0
7373,145.82,13,6.6,2.6,1.025768608007246,0,1,0
7374,89.69,13,0.6,0.0,1.2611833524346974,0,1,0
7375,32.44,13,2.6,0.2,0.6162113788087324,1,1,0
7376,105.32,11,2.7,0.7,1.3594517959463237,0,1,0
7377,80.4,21,6.9,4.5,0.3216915362504583,0,1,0
7378,124.27,20,10.2,2.3,1.220987265249533,0,1,0
7379,46.95,16,7.1,2.0,1.6672333928196954,0,1,0
7380,124.14,9,1.0,0.9,0.4383774315015314,0,1,0
7381,32.34,23,10.1,2.1,1.3107083868188973,0,1,0
7382,170.34,12,0.3,0.9,1.503981050745571,1,1,0
7383,136.48,16,1.5,0.4,1.1498450481118794,0,0,0
7384,208.08,11,2.5,4.3,0.9975606470747986,0,1,0
7385,62.53,9,0.7,0.8,0.9740945632706878,1,1,0
7386,59.37,16,5.7,0.4,0.5973401164524401,1,1,0
7387,194.78,15,3.0,8.0,1.6154336445940243,0,1,0
7388,40.27,17,1.4,0.9,1.3816876840041021,0,1,0
7389,68.12,12,0.6,6.7,0.6330827020380243,0,1,0
7390,26.61,18,2.7,0.8,1.3125328442550328,0,1,0
7391,72.75,12,3.3,2.5,0.8978732683142394,0,1,0
7392,252.91,15,7.6,6.4,1.2998899653712621,0,1,0
7393,30.56,12,9.9,1.0,1.083186311433704,0,1,0
7394,321.57,13,1.7,7.8,0.7437201154896225,0,0,0
7395,44.92,15,0.9,3.7,0.5818458065775114,0,1,0
7396,156.05,11,3.2,5.3,1.3633079177955618,1,1,0
7397,77.39,18,4.6,4.4,0.6962090327368455,0,1,0
7398,247.07,4,6.4,1.8,4.017617679356101,0,0,1
7399,100.14,12,3.6,0.2,1.2223511240985063,0,1,0
7400,28.54,15,4.9,4.1,1.0745816045371321,1,1,0
7401,143.17,9,80.1,11.2,2.5825876636396643,1,1,1
7402,14.41,14,1.1,1.5,1.1951044338731807,0,1,0
7403,104.8,21,2.3,0.8,1.2152881149129082,0,1,0
7404,64.54,12,23.5,1.2,0.9156517396332852,1,1,0
7405,139.71,12,2.5,1.3,0.9427146538531888,1,1,0
7406,9.06,9,2.2,1.5,0.6918557098391285,0,0,0
7407,221.05,13,28.9,88.0,1.5,1,0,1
7408,98.99,11,9.8,0.0,0.7412078904074781,1,1,0
7409,60.04,5,1.2,6.5,0.5349856410331916,0,1,0
7410,361.38,2,35.6,47.7,5.0142337359191655,1,1,1
7411,126.5,22,2.9,2.4,0.19895039177003304,0,0,0
7412,161.94,11,4.0,1.5,1.8019814650054387,0,0,0
7413,70.14,11,11.8,0.8,1.0895887337639054,0,1,0
7414,159.49,17,2.7,2.6,0.1,0,1,0
7415,178.85,21,6.7,0.3,0.534978607044529,1,0,0
7416,22.17,17,7.7,4.1,1.234228323197732,0,1,0
7417,105.72,12,17.0,1.0,0.3238592458064814,0,1,0
7418,22.5,16,5.6,2.8,0.6832849020626091,1,1,0
7419,55.32,17,3.6,2.8,0.8819174732513626,0,1,0
7420,35.51,11,6.8,0.7,0.8121702667116676,0,1,0
7421,113.72,9,3.4,1.4,1.1569929333712115,0,1,0
7422,87.13,16,20.1,10.1,1.1053117372633328,0,1,0
7423,78.72,12,1.8,1.9,1.4536581655375669,1,1,0
7424,90.96,22,11.3,2.1,0.9810541233467716,1,1,0
7425,85.78,17,9.1,2.1,0.9467732555350543,1,1,0
7426,105.25,11,5.6,0.1,0.9625240011728922,0,1,0
7427,37.49,14,0.7,4.4,0.9079737343276025,0,1,0
7428,46.8,10,1.6,2.5,0.7708479223504214,0,0,0
7429,78.58,12,0.9,1.3,1.4022429636519553,1,1,0
7430,123.3,12,1.4,4.8,1.4409804925064416,0,0,0
7431,133.03,13,4.4,3.0,0.4584755771185284,0,1,0
7432,28.6,15,4.3,1.1,0.8431052058349734,1,1,0
7433,28.42,11,0.4,0.2,0.7315636137982985,0,1,0
7434,104.88,14,9.2,2.3,1.4972621316066699,1,0,0
7435,64.25,15,5.0,2.9,1.0612774808130283,0,1,0
7436,16.9,14,15.3,1.1,1.4334882914380667,1,1,0
7437,31.36,23,7.8,9.1,1.3079094037527765,1,1,0
7438,134.1,15,0.3,14.4,0.9939045573416105,1,1,0
7439,15.42,14,6.0,3.7,1.461785555910121,0,1,0
7440,23.54,17,1.1,8.2,0.9291536848055453,1,0,0
7441,32.13,10,19.9,1.1,1.2414274895002562,0,1,0
7442,40.39,12,6.8,0.5,0.6114310861655541,1,1,0
7443,51.6,16,8.1,1.5,0.5435763075329699,0,1,0
7444,217.15,10,12.3,0.5,1.536442839038934,0,1,0
7445,68.38,9,1.6,2.5,1.4699756301200673,0,1,0
7446,44.67,18,21.0,3.5,1.0083341368876628,0,0,0
7447,136.35,18,4.2,0.7,0.9535136835838668,1,1,0
7448,145.74,12,0.7,1.4,0.8343436126807795,0,1,0
7449,154.55,16,2.5,2.2,0.40332000051464667,0,0,0
7450,93.7,20,1.6,7.7,0.494701906450438,1,0,0
7451,57.6,8,13.5,9.1,0.8715453255202767,1,1,0
7452,15.94,22,0.7,0.1,0.8075845826402568,1,1,0
7453,7.53,13,6.7,4.8,1.2014682681178694,0,1,0
7454,36.92,6,5.7,3.1,1.2662816465901052,0,1,0
7455,189.97,15,4.6,1.1,1.2408144149627371,1,1,0
7456,18.36,21,4.8,1.8,1.0831580954366073,1,1,0
7457,66.46,12,10.4,0.0,1.1573892465197355,0,1,0
7458,107.47,13,2.9,1.1,0.3657281102842773,0,1,0
7459,437.98,1,23.2,11.8,4.568187664785285,1,0,1
7460,22.19,16,11.1,10.6,1.4629619893976362,0,1,0
7461,13.28,15,6.7,3.2,1.5175768414047512,0,1,0
7462,59.35,21,10.8,1.5,1.4167069502333232,1,1,0
7463,222.18,13,6.1,0.3,0.54287113198155,1,1,0
7464,91.14,14,6.5,1.8,1.4147167311249362,1,1,0
7465,112.84,19,6.5,3.6,1.938863961026918,0,1,0
7466,96.03,10,5.7,5.9,0.7147193346058294,0,0,0
7467,67.13,16,4.5,4.2,0.5418386085972291,0,1,0
7468,74.11,19,0.3,7.9,1.290384621809865,0,0,0
7469,74.61,8,11.9,0.4,1.0210301025941286,0,0,0
7470,95.35,19,1.0,3.0,0.36674522640266183,0,1,0
7471,202.49,12,12.6,0.9,1.016372400120348,1,0,0
7472,58.71,16,1.6,8.6,0.5659009607974066,1,0,0
7473,88.03,14,0.2,1.4,0.9751041927883377,1,1,0
7474,94.49,11,0.7,5.4,1.5160199178023994,0,0,0
7475,104.07,12,0.5,6.8,1.5879539419346957,0,1,0
7476,35.2,10,0.9,19.3,0.9812357277581888,0,0,0
7477,221.3,6,6.8,0.4,1.9380178789953928,0,1,0
7478,26.28,8,3.6,0.7,1.2949578794458183,0,0,0
7479,24.38,8,0.0,1.6,1.5057025097846046,1,1,0
7480,68.09,13,12.4,3.1,1.2987602670206488,1,1,0
7481,38.89,13,0.6,3.1,1.187269865274898,0,1,0
7482,20.84,14,3.8,0.5,0.8479286091500463,0,1,0
7483,42.3,12,5.3,3.6,0.822984444755081,1,1,0
7484,30.52,12,3.4,3.8,1.323499614035481,0,1,0
7485,1.35,14,17.4,1.1,0.5688628725962088,1,1,0
7486,11.19,3,0.5,8.9,0.4419202937494804,0,1,0
7487,68.98,12,0.9,2.1,1.088877782455383,0,0,0
7488,49.81,17,1.7,4.9,1.5403528540967493,0,1,0
7489,73.65,13,9.9,4.2,0.5124978075757969,0,1,0
7490,129.35,19,0.6,11.7,0.7871538489651968,0,1,0
7491,71.2,9,2.0,2.0,1.3362705262238654,0,1,0
7492,188.36,13,0.3,0.1,0.9787195126977343,1,0,0
7493,53.32,11,0.4,6.1,0.1,0,1,0
7494,96.07,12,1.1,1.6,0.1,1,1,0
7495,43.94,11,7.0,2.1,1.3006205778017443,1,1,0
7496,74.3,7,2.3,0.6,0.14529765312426457,0,1,0
7497,173.26,21,10.8,4.2,0.6736659249360171,0,1,0
7498,137.11,7,18.5,6.9,0.8755995279246869,1,0,0
7499,98.15,19,14.3,14.3,0.9685561297132617,1,1,0
7500,91.31,12,6.4,1.4,0.9326906014680637,0,1,0
7501,9.71,10,4.5,0.2,0.7383928398208075,1,1,0
7502,24.09,13,23.2,1.2,0.9601992662904809,0,1,0
7503,77.1,10,0.5,8.0,1.6831884656964304,0,1,0
7504,139.13,17,3.0,0.2,1.0550230867168997,0,1,0
7505,22.43,15,0.5,3.3,1.0590564778724418,0,0,0
7506,29.17,23,6.8,1.4,1.154551478432606,0,1,0
7507,126.24,12,2.2,0.1,1.316463849993275,1,1,0
7508,136.14,11,2.3,12.1,1.3743266450346419,0,1,0
7509,15.66,16,3.8,9.2,1.4485631528124632,0,0,0
7510,65.86,12,13.8,8.1,0.8553224664216462,1,1,0
7511,19.95,13,1.0,1.2,1.2633684261134674,0,1,0
7512,521.27,9,23.4,38.3,4.14983497626127,1,1,1
7513,18.45,9,4.2,5.6,1.1588458501756531,1,1,0
7514,85.1,11,5.3,1.1,1.5734961732526576,0,0,0
7515,64.21,13,5.7,3.4,1.0209161799206699,0,1,0
7516,107.52,9,1.9,4.6,0.4192737580211866,1,1,0
7517,24.23,15,12.1,1.7,0.6211313131806421,0,1,0
7518,56.99,15,4.4,0.8,0.8865548702894863,0,1,0
7519,157.82,12,2.9,7.9,1.0233090358586805,0,1,0
7520,80.71,9,0.5,2.2,0.8970052461237288,0,1,0
7521,78.78,13,2.3,1.4,0.9945363225429146,0,1,0
7522,77.99,23,2.2,1.6,0.3534416689026786,1,1,0
7523,85.04,23,5.5,0.5,0.8859490319383582,0,1,0
7524,152.51,11,3.9,0.1,1.0909583330662689,0,1,0
7525,101.21,16,6.9,0.0,0.9549210162498337,1,1,0
7526,26.76,11,1.1,11.4,0.5941720133885484,0,1,0
7527,2.92,13,2.4,0.5,1.3505402342437902,0,1,0
7528,125.44,9,2.5,1.1,1.1853499052516274,1,1,0
7529,61.73,20,0.6,1.6,0.6374033508713589,0,1,0
7530,127.14,14,1.3,0.8,0.8228069790248259,1,1,0
7531,96.62,21,4.8,1.8,0.7663644102473695,0,1,0
7532,13.55,14,9.4,1.2,1.044950071559523,1,0,0
7533,102.23,16,6.8,2.6,1.7616307734192667,0,1,0
7534,63.93,6,2.2,5.5,1.4813157926753788,0,1,0
7535,238.09,7,7.3,3.7,0.3074810856784166,0,0,0
7536,94.25,16,0.3,1.0,1.0649189630455835,0,1,0
7537,11.77,12,0.6,0.4,1.295660879945717,1,1,0
7538,77.1,13,4.5,2.2,0.3598916422895947,0,1,0
7539,13.92,14,4.8,1.9,0.7887676254552987,0,1,0
7540,97.67,15,0.3,0.6,0.6820652293357475,0,1,0
7541,42.3,16,3.2,0.1,1.1859040677636348,0,1,0
7542,105.89,18,9.1,9.9,0.5879418211143133,0,1,0
7543,37.35,14,15.9,2.5,1.5077558303261456,0,0,0
7544,107.83,12,7.7,2.1,1.5786777714992357,0,1,0
7545,33.54,9,5.2,2.2,1.0410510220353513,0,1,0
7546,178.26,10,2.5,1.3,1.1660120997479615,0,1,0
7547,153.84,12,0.1,2.1,0.7232840305531736,1,1,0
7548,28.03,14,3.3,0.5,0.21990906038793967,0,1,0
7549,30.23,11,1.4,3.1,0.5663474788247349,0,1,0
7550,100.96,10,9.3,0.8,1.1706533744782033,1,1,0
7551,75.03,14,7.6,6.6,0.16564029763230947,1,0,0
7552,12.76,11,0.2,0.7,1.056491057047526,0,1,0
7553,120.92,21,3.4,0.2,0.8738273167043186,0,0,0
7554,62.72,16,6.1,7.1,1.2091494794089321,1,1,0
7555,96.52,6,2.4,1.9,0.8561590492466488,1,1,0
7556,85.39,12,0.8,2.9,0.8953163358772073,0,1,0
7557,128.77,15,5.7,4.2,0.9386659249138432,1,1,0
7558,58.96,14,0.4,0.7,0.8415233075631984,1,1,0
7559,16.68,21,3.8,0.4,1.1599900228752118,0,1,0
7560,61.2,10,11.1,2.8,0.8896983370828919,0,1,0
7561,96.04,16,0.9,0.0,1.3603024679562545,1,1,0
7562,17.63,8,6.0,18.3,1.2130347507740837,1,0,0
7563,55.59,12,1.8,1.3,1.1885135596221899,0,1,0
7564,33.09,8,9.5,10.8,0.5114434864044297,1,1,0
7565,31.45,14,2.2,12.3,0.5758805264824932,0,1,0
7566,120.9,7,4.0,2.9,1.0113662917829906,0,0,0
7567,42.03,19,2.1,0.7,1.3046999353224125,0,1,0
7568,24.94,16,14.2,3.9,1.178207252060586,1,1,0
7569,102.6,8,2.9,5.6,1.4594395740610757,0,1,0
7570,124.19,10,5.5,1.2,0.7516295624638054,0,1,0
7571,96.43,15,2.5,0.9,0.345934404092307,1,1,0
7572,63.77,9,0.7,0.8,1.3908624144748156,1,0,0
7573,52.73,8,0.1,4.0,1.0430095479140415,0,1,0
7574,55.32,11,3.0,1.7,1.0202348150424423,1,1,0
7575,46.27,7,2.3,2.0,1.6808251773932017,0,0,0
7576,89.31,16,4.9,3.6,1.2397414541075615,0,0,0
7577,59.04,6,1.3,3.4,1.0907608091885712,0,1,0
7578,326.88,4,55.9,20.9,2.600917287263771,0,0,1
7579,178.03,15,1.4,0.3,0.7117655886570817,0,0,0
7580,144.67,13,6.0,1.0,0.8136004841420096,1,1,0
7581,128.58,7,4.9,11.1,0.30257134133355024,1,0,0
7582,117.56,14,0.4,1.2,0.6491219850760641,0,1,0
7583,35.61,15,1.0,0.9,0.5516580863124949,1,1,0
7584,215.75,11,0.1,1.5,0.36365210085066346,0,1,0
7585,82.98,9,7.5,2.1,1.2428928428461061,1,1,0
7586,72.02,9,6.0,1.5,0.38491674133068643,0,0,0
7587,39.63,12,6.1,1.6,0.610259480966284,0,1,0
7588,33.6,12,9.9,2.1,1.632867870804878,1,0,0
7589,217.91,21,21.9,6.7,5.586525418025714,1,0,1
7590,19.86,15,1.5,1.7,0.9574389748097476,1,0,0
7591,7.44,23,4.1,5.3,1.3278102382790549,0,1,0
7592,23.04,14,0.5,2.5,0.40194101258014303,0,1,0
7593,81.86,10,1.5,0.1,1.5921272687628287,1,0,0
7594,33.61,16,2.9,0.6,1.6413767395923782,0,1,0
7595,78.57,16,7.9,5.4,0.6903184463374314,0,1,0
7596,9.09,12,10.5,3.2,0.8848783461255998,1,1,0
7597,128.19,4,0.6,1.5,0.5016451945446223,0,1,0
7598,45.86,17,1.2,0.8,0.9468939575037914,0,1,0
7599,83.01,17,1.2,3.2,1.096843860511441,0,1,0
7600,27.16,17,14.8,3.4,1.2318286856270997,1,1,0
7601,41.9,21,0.7,6.8,0.9681309762456305,0,1,0
7602,34.57,16,1.7,0.1,1.1305504817362675,1,1,0
7603,166.68,16,3.1,2.1,0.9428459513682882,0,0,0
7604,75.63,9,1.8,8.8,0.9878216246154117,1,1,0
7605,16.6,10,10.3,3.0,1.1078117712138313,0,1,0
7606,87.84,11,5.8,1.6,1.5646178967491275,0,1,0
7607,58.32,12,7.6,0.3,0.5638329430967746,1,1,0
7608,34.77,20,0.4,6.0,1.1604586655102747,1,0,0
7609,65.74,14,3.3,2.3,0.34388616010135076,0,1,0
7610,110.94,23,7.2,1.4,0.3862264264426565,0,1,0
7611,72.39,10,0.6,5.2,0.9451321178976146,1,1,0
7612,125.77,14,14.4,5.9,1.5644970553243573,0,0,0
7613,18.12,13,12.2,2.0,0.9380587220153613,0,0,0
7614,2.76,15,1.3,0.8,1.414415393693528,1,1,0
7615,108.23,13,2.9,1.6,0.5686525735519226,1,1,0
7616,165.01,16,2.8,0.2,0.9516902679644502,1,0,0
7617,28.45,15,3.0,11.7,1.285642522986198,0,1,0
7618,79.55,19,2.5,0.1,1.3801313711355316,1,0,0
7619,146.24,14,4.7,1.2,0.9720830992614461,1,1,0
7620,58.17,13,4.8,0.9,1.80753965965234,1,1,0
7621,181.17,11,0.9,4.8,0.7571919417156802,0,1,0
7622,38.9,14,6.1,5.7,1.035062875158318,0,1,0
7623,151.07,9,9.7,5.9,0.8412183133305462,1,0,0
7624,43.06,7,7.1,4.1,0.9360230120924323,0,1,0
7625,71.33,13,1.2,1.5,1.7580125883425306,1,1,0
7626,57.93,14,0.4,5.3,1.200978012929945,0,1,0
7627,42.26,10,1.3,0.5,0.8493174968768249,0,1,0
7628,91.83,19,13.7,0.2,1.4596734957094137,0,1,0
7629,266.94,17,0.1,0.6,1.3919522554095751,1,1,0
7630,34.62,17,5.2,2.9,0.9881541671281279,0,0,0
7631,279.03,11,3.7,46.4,4.559801726363821,1,0,1
7632,16.21,14,2.0,9.9,1.3964654989204637,1,1,0
7633,22.97,11,2.5,0.5,0.8887283305785161,1,1,0
7634,8.47,15,7.5,3.1,1.1185921457883028,0,1,0
7635,86.54,18,9.3,1.8,1.3113099965802582,0,1,0
7636,53.1,14,4.9,0.4,1.048631021744221,0,1,0
7637,67.63,16,9.0,2.8,0.6607701785454383,1,1,0
7638,134.36,13,6.2,1.1,1.6131646905488064,0,0,0
7639,77.19,18,15.1,0.2,0.7923974794631983,0,1,0
7640,28.98,16,0.0,6.7,1.2698679871037846,1,1,0
7641,80.15,13,0.6,2.3,0.9532985853331553,1,0,0
7642,74.72,12,6.4,0.3,1.2888096869691565,1,0,0
7643,73.92,11,3.7,3.4,1.065282076705685,0,0,0
7644,18.43,13,1.4,0.6,1.3053017757343737,1,1,0
7645,70.08,8,8.6,3.9,1.108022433293569,0,0,0
7646,52.31,10,7.2,2.7,1.5446450042063917,0,1,0
7647,46.64,15,12.3,2.4,0.7559195121569399,1,1,0
7648,35.14,18,1.6,4.1,0.7125065669569013,0,1,0
7649,97.16,16,6.4,2.8,0.25351969753969816,0,0,0
7650,49.73,13,0.4,8.4,0.8948013881526384,1,1,0
7651,41.11,11,2.2,4.5,1.4884679155792515,0,1,0
7652,83.88,16,8.6,1.5,0.30492218728716614,1,1,0
7653,2.39,19,0.3,0.9,1.1667695541108802,0,1,0
7654,193.65,0,11.2,58.8,5.338692492612044,1,0,1
7655,62.81,16,1.2,1.6,1.3964718463623493,1,1,0
7656,117.55,14,2.0,1.2,2.0116565405740987,0,0,0
7657,446.66,16,5.9,1.6,0.5682199073522867,0,1,0
7658,53.78,18,15.9,0.2,0.3151823642499806,0,1,0
7659,130.4,13,4.4,3.9,0.653431490553344,0,1,0
7660,31.57,10,5.4,6.1,1.5373907246873322,0,0,0
7661,203.92,13,57.3,1.5,1.5,1,0,1
7662,55.34,10,16.8,1.3,0.874017081505969,1,1,0
7663,160.99,6,1.1,1.6,0.7967416289148607,0,1,0
7664,74.31,12,0.7,7.6,0.7954906763181102,0,1,0
7665,123.24,15,3.1,0.9,1.375877540943667,0,1,0
7666,66.48,9,4.7,1.0,0.801357728613992,1,1,0
7667,24.62,19,18.0,0.0,1.428905193210956,1,1,0
7668,74.99,8,1.5,3.4,1.4728456048454774,0,1,0
7669,5.94,16,0.2,2.4,0.5547869779558843,0,1,0
7670,34.08,14,1.5,5.5,1.389807248113281,1,1,0
7671,22.1,14,0.4,1.6,1.0379545211917798,1,1,0
7672,63.35,12,7.6,0.5,1.6213630623485098,0,1,0
7673,21.15,14,9.5,10.0,0.6601716893377039,1,1,0
7674,91.75,18,2.0,5.4,1.1396586228732972,1,1,0
7675,71.15,7,6.7,0.9,0.9141804827691418,0,1,0
7676,92.06,17,4.1,1.7,2.0111941973528853,0,1,0
7677,73.83,10,1.5,0.3,0.31975642852931196,0,1,0
7678,114.54,18,1.0,0.3,1.1318262039482905,0,1,0
7679,169.67,11,3.2,0.4,2.0943133767654665,1,1,0
7680,93.28,20,0.5,12.9,0.9258722500291882,0,1,0
7681,73.41,20,6.0,0.3,0.6744364133565891,0,1,0
7682,43.21,14,13.4,5.6,0.970427907599325,0,0,0
7683,122.66,12,0.2,4.3,0.9613835315094825,0,1,0
7684,20.93,10,1.0,0.6,1.2398423193150978,0,0,0
7685,185.46,13,6.6,0.3,0.9467342145729492,1,1,0
7686,52.36,19,10.7,4.0,1.278145218216559,0,1,0
7687,86.93,15,5.0,0.5,0.6045110193736285,0,0,0
7688,25.66,11,2.3,1.2,1.0243652830920678,1,1,0
7689,75.85,20,3.0,1.6,0.8079211934934873,1,1,0
7690,272.32,23,81.6,8.6,3.2427267488467892,1,0,1
7691,69.71,14,4.2,2.6,0.8001736762800162,0,1,0
7692,51.68,18,2.4,2.6,1.392013788990949,1,1,0
7693,39.39,14,0.1,1.2,0.9306941578774898,0,1,0
7694,107.1,19,6.5,3.4,4.447225757624664,1,0,1
7695,29.1,13,1.2,3.5,1.0549088670576456,0,1,0
7696,69.52,18,3.1,8.9,0.9247820079088733,0,1,0
7697,18.49,18,2.5,6.9,1.6096110100397887,1,1,0
7698,96.46,8,0.9,3.0,0.41616087240282484,0,0,0
7699,161.53,13,0.4,4.2,1.0175986778460684,1,1,0
7700,25.71,16,1.3,5.6,1.179487736380615,1,1,0
7701,151.41,15,41.8,5.1,1.3598518628615803,0,1,0
7702,94.12,12,3.5,0.9,0.4632417136164678,0,1,0
7703,56.27,9,0.3,2.2,0.8427137022874198,0,1,0
7704,178.31,13,1.3,4.5,1.4906086173754207,1,1,0
7705,19.82,15,3.0,1.8,1.0440792052259305,1,0,0
7706,31.61,12,3.2,2.6,0.5902366444460183,1,1,0
7707,97.96,15,0.2,13.7,1.3328014338685719,1,1,0
7708,48.52,11,2.6,1.5,0.6039064685096378,1,1,0
7709,54.84,9,2.7,1.3,1.0319919294913946,1,0,0
7710,101.78,15,3.9,2.2,0.5943435655942251,0,1,0
7711,112.2,14,6.5,0.8,1.3040394694494974,0,0,0
7712,125.29,10,8.4,0.2,0.6169112619974495,1,1,0
7713,57.84,11,2.7,2.1,1.072440101815372,0,1,0
7714,153.82,12,2.2,0.5,1.1627453639769705,0,1,0
7715,110.06,17,14.6,0.1,1.0774100468419783,0,0,0
7716,18.12,21,7.4,2.2,1.0982647814723108,0,1,0
7717,170.99,12,1.3,0.2,1.0236254013990507,0,0,0
7718,62.15,8,5.5,6.7,1.2838170210943298,0,1,0
7719,236.54,20,3.1,6.2,0.6087419792852365,0,0,0
7720,84.47,20,1.9,0.7,0.8700340826308404,0,0,0
7721,157.47,14,2.0,0.1,1.4947806505374832,1,0,0
7722,173.86,13,16.6,13.6,1.623768018474577,1,1,0
7723,30.36,16,14.9,0.3,0.5853044511437742,1,0,0
7724,134.22,11,10.1,1.7,1.0032746200135372,0,1,0
7725,64.9,9,4.1,0.6,0.8920420106145095,0,1,0
7726,38.92,19,12.1,1.1,0.9575594694362622,0,1,0
7727,57.64,15,2.0,2.7,1.2918526175096212,1,1,0
7728,27.23,9,7.3,0.9,0.9577921136029275,0,1,0
7729,225.19,8,8.2,0.6,1.3079485325265239,0,1,0
7730,30.11,8,0.9,6.7,1.6933509579920127,1,1,0
7731,96.21,6,3.0,3.5,1.308633726306442,0,1,0
7732,52.32,14,1.9,3.0,1.1576257448830405,0,1,0
7733,23.55,20,0.4,1.0,1.4010914029189325,0,1,0
7734,45.31,14,1.5,1.3,1.5191894224806284,0,1,0
7735,156.71,18,5.4,1.0,0.5324876935778018,1,1,0
7736,5.3,10,17.7,1.2,0.8563029454934126,0,1,0
7737,73.56,16,2.4,1.9,1.359002365580645,0,1,0
7738,73.0,10,6.7,3.2,1.4158209913174407,1,1,0
7739,55.09,12,5.8,0.0,0.9494439520171852,1,1,0
7740,50.62,11,2.1,1.6,1.2663198137913048,1,1,0
7741,22.19,17,2.1,1.8,0.9742845052092693,0,1,0
7742,118.21,20,3.8,5.5,1.175382392839476,0,1,0
7743,72.71,16,5.7,0.0,0.6682287903831468,0,0,0
7744,13.37,20,1.0,0.7,1.1388131700708073,1,1,0
7745,237.09,11,2.8,0.5,0.7515052338953127,0,1,0
7746,166.12,10,2.0,2.1,0.7721102988069848,0,1,0
7747,58.33,22,6.4,4.1,0.47275696572321657,1,1,0
7748,109.06,10,2.2,2.1,1.2168886304452535,1,1,0
7749,93.38,15,12.1,7.5,0.6756089974415724,0,1,0
7750,46.82,12,1.3,4.7,0.935732223633345,1,1,0
7751,137.59,8,5.1,34.8,2.290588171153585,1,0,1
7752,105.39,13,4.8,0.4,0.49924094263066154,1,1,0
7753,96.08,15,2.0,1.3,1.7202281651871671,0,1,0
7754,164.87,11,6.5,3.1,2.4422488764593657,1,1,0
7755,108.97,11,0.7,0.9,1.0387153493991836,0,0,0
7756,27.72,12,5.9,0.1,0.7323628009537678,1,0,0
7757,115.61,19,4.6,3.1,0.5503249202863265,0,1,0
7758,207.38,12,11.4,0.3,1.1441993800002659,0,1,0
7759,173.25,8,11.6,9.8,0.414214880965472,0,1,0
7760,64.68,16,12.3,5.7,1.0665398784173934,0,1,0
7761,716.36,7,39.0,41.3,1.576453295677955,1,0,1
7762,219.58,10,1.5,0.4,0.6957169735840913,0,0,0
7763,103.28,8,7.5,4.4,1.2363418270227908,1,1,0
7764,157.01,15,4.8,0.2,1.1319632578164278,0,0,0
7765,85.5,8,2.5,3.9,0.6000078461635879,1,1,0
7766,63.68,14,9.0,8.2,0.7332198086593982,1,1,0
7767,62.16,17,5.5,2.6,1.7624848553848762,0,1,0
7768,18.17,20,2.8,2.9,0.7250563198631221,0,0,0
7769,60.15,19,0.1,1.5,0.8930422025143215,0,0,0
7770,40.41,16,16.4,3.5,0.8672698525301907,0,1,0
7771,43.72,12,4.0,3.8,0.6468502902286428,1,0,0
7772,56.1,18,8.3,0.6,1.057852304791577,1,1,0
7773,37.32,21,0.4,4.4,1.1637882977908338,1,1,0
7774,74.33,15,3.6,0.5,1.6603241039519836,0,1,0
7775,78.09,14,0.7,0.3,1.307694373469171,0,1,0
7776,153.85,16,5.4,0.3,0.9269676697514289,1,1,0
7777,144.83,13,5.9,3.9,0.8088944052567938,1,1,0
7778,101.4,13,15.0,12.7,0.7860209620403373,0,1,0
7779,53.97,19,1.6,6.3,0.5632730300217756,1,1,0
7780,365.6,9,99.1,31.5,3.625059614162915,1,0,1
7781,281.34,7,0.2,2.9,0.7091062799782915,0,1,0
7782,29.73,11,20.9,1.5,0.5439741018673314,0,1,0
7783,25.94,14,0.4,2.9,0.9499411058338993,0,1,0
7784,433.66,15,26.1,7.3,1.5,1,0,1
7785,63.93,12,11.8,1.1,1.3698575861329194,0,1,0
7786,47.55,15,4.5,2.8,0.5557723664583589,1,1,0
7787,45.31,10,1.8,4.8,0.2839000806207874,0,1,0
7788,29.34,12,3.4,0.9,0.760946339722455,0,1,0
7789,18.15,12,2.2,0.8,0.9125707380081247,0,1,0
7790,98.17,8,0.4,0.5,0.3892148262816917,0,1,0
7791,34.68,9,15.0,8.5,1.0214774104766198,1,1,0
7792,203.5,6,5.7,2.0,1.0839262126208866,1,1,0
7793,14.0,12,5.1,3.1,0.5106364996663586,0,1,0
7794,247.33,18,7.4,83.5,3.738974972679586,0,0,1
7795,19.56,20,0.3,1.0,0.6366531900676102,0,1,0
7796,19.27,17,8.1,2.3,0.6353504816491813,1,1,0
7797,123.89,13,5.0,0.1,1.1203801281548038,0,1,0
7798,17.97,11,2.0,8.1,0.9360190001056773,0,1,0
7799,61.72,13,13.3,2.6,0.5914915800717218,0,0,0
7800,177.15,17,4.6,3.6,0.9246013416664906,1,1,0
7801,69.29,15,0.1,3.1,0.868855303405883,1,0,0
7802,20.84,13,3.7,1.8,0.1736663341754624,0,1,0
7803,65.88,7,7.5,3.1,0.6888826989239392,1,1,0
7804,34.8,11,0.2,14.8,1.3778090713625515,0,1,0
7805,103.03,13,3.7,8.3,0.18401824925582,0,1,0
7806,44.45,12,0.9,2.5,1.2600889020446595,1,1,0
7807,72.32,17,1.5,4.4,0.3450596758295714,0,1,0
7808,86.21,12,1.6,0.2,1.2440303057731765,0,1,0
7809,16.05,17,12.6,4.2,1.7154559565890204,1,1,0
7810,77.6,14,2.2,0.2,1.4264954990935472,1,1,0
7811,81.01,20,8.7,1.4,0.4651840630624676,0,1,0
7812,76.52,9,8.7,0.5,0.4603416367874035,0,0,0
7813,36.02,12,10.5,4.5,0.5754057935209861,0,1,0
7814,61.07,17,6.3,12.0,1.0656166622130072,1,0,0
7815,66.52,11,4.9,6.0,0.5681701817019507,0,1,0
7816,147.65,9,6.4,2.6,1.310899973516086,0,1,0
7817,16.51,11,4.4,1.1,0.8762656989327184,0,1,0
7818,148.97,20,1.4,3.2,1.4477438229673036,1,1,0
7819,132.7,12,0.4,0.5,0.680401914814277,0,1,0
7820,234.65,15,2.2,3.7,0.5259348403810962,0,1,0
7821,59.88,13,1.7,4.4,1.136369499892881,1,1,0
7822,58.24,13,2.2,2.4,0.2901965407000371,0,0,0
7823,298.96,0,52.6,6.2,3.734205546122729,1,0,1
7824,9.16,17,4.3,3.2,1.1030609213810139,1,1,0
7825,115.17,20,12.8,4.5,1.1200404370611916,0,1,0
7826,88.61,16,10.0,5.1,0.882145286118686,1,1,0
7827,82.66,19,0.1,3.3,1.3360186816141302,1,1,0
7828,406.3,7,48.5,10.4,3.3343766645002137,1,0,1
7829,87.03,16,10.8,8.0,0.5279156767309565,0,1,0
7830,157.24,11,5.3,1.0,1.021522735350527,1,1,0
7831,44.14,9,12.2,1.0,0.8408563775290945,0,1,0
7832,8.95,7,1.5,0.9,1.6043304016736402,1,1,0
7833,115.62,22,5.9,2.1,1.407429350801517,1,1,0
7834,19.14,14,20.2,16.5,0.30471182972314437,0,1,0
7835,25.7,13,0.4,0.6,1.0282411126896618,1,1,0
7836,117.97,11,5.0,3.6,0.26155075031469055,0,1,0
7837,12.97,7,3.7,2.1,1.0912504342136486,0,1,0
7838,62.7,8,12.0,3.5,0.5046529626629424,0,1,0
7839,51.95,9,0.9,1.8,0.7270100077594741,0,0,0
7840,44.39,10,5.1,0.2,1.013278032755698,1,1,0
7841,61.44,4,1.6,2.0,1.355952237817636,0,1,0
7842,58.96,17,6.8,1.4,0.7216038679853998,0,0,0
7843,183.56,16,2.2,0.4,1.3812197711074699,0,1,0
7844,59.67,23,4.6,1.0,1.1006450698344237,0,1,0
7845,78.46,15,3.7,0.7,1.1373379133780648,0,0,0
7846,22.65,15,7.0,0.9,0.5952949876380486,1,0,0
7847,7.16,20,7.9,0.5,1.5957984576222017,1,1,0
7848,73.71,18,0.4,1.2,1.1569203399082104,0,1,0
7849,218.37,15,11.6,13.6,0.6405777617343185,1,0,0
7850,116.79,15,2.1,16.0,0.9677880683284495,1,1,0
7851,139.96,20,0.5,70.5,4.273367286254522,1,0,1
7852,72.97,10,17.1,9.1,1.4015292197730043,0,1,0
7853,175.73,16,7.7,8.1,0.7880941009908392,0,0,0
7854,127.05,17,1.6,5.3,2.0156669836168786,0,1,0
7855,58.47,21,1.8,0.7,0.7788817322464257,0,1,0
7856,71.14,17,3.4,5.5,1.8312860163073075,0,0,0
7857,72.9,12,0.7,3.9,0.5560897452457714,1,1,0
7858,40.72,18,3.6,2.5,0.7933679177937132,0,1,0
7859,235.98,12,7.3,1.1,0.8104106063233001,0,1,0
7860,103.33,15,4.3,9.4,0.9927489755362711,0,1,0
7861,25.5,18,21.6,3.3,0.6062627019376443,1,1,0
7862,67.93,12,7.9,5.1,1.6613188002730008,1,1,0
7863,180.0,10,0.2,1.0,1.3945635453231882,0,1,0
7864,12.96,12,2.0,5.3,1.5443739147048747,1,1,0
7865,36.71,11,1.4,0.1,0.5342303913949298,1,1,0
7866,42.21,9,2.4,7.4,0.7612777616644322,1,1,0
7867,50.0,17,1.6,1.7,1.4635755320063464,0,1,0
7868,26.35,18,3.3,3.0,1.7667322826381417,1,1,0
7869,14.07,8,0.3,1.7,0.5654370994274551,0,1,0
7870,45.71,16,1.8,0.2,1.1404953062108398,1,1,0
7871,217.95,7,0.0,0.6,0.17985561050083565,0,1,0
7872,85.09,15,19.6,2.8,0.970524505107261,1,0,0
7873,82.36,19,1.3,1.0,1.1101405902600865,0,1,0
7874,26.52,18,6.3,1.4,1.0392434339628986,0,1,0
7875,43.32,12,6.5,2.5,1.227083692482839,1,1,0
7876,56.85,10,2.8,3.6,1.2439753991223894,1,1,0
7877,80.07,7,0.3,6.0,0.12063223728010097,0,1,0
7878,37.64,23,6.1,2.8,1.0555487875520795,0,1,0
7879,64.73,17,4.3,0.1,1.4606554506212495,1,0,0
7880,122.0,14,0.4,0.6,0.47991488510366564,1,1,0
7881,32.76,15,4.3,0.9,1.4625270475715129,0,1,0
7882,34.41,10,7.7,5.7,0.5420074505850132,0,1,0
7883,13.61,16,0.2,3.4,0.43182337128643844,1,1,0
7884,123.36,15,3.5,9.4,1.0712778080253071,0,1,0
7885,169.86,14,0.6,1.7,1.1110950501192423,0,0,0
7886,41.39,7,4.1,4.6,1.5124882676814213,1,1,0
7887,105.92,11,0.7,1.9,1.3008250275371787,0,0,0
7888,141.57,17,4.8,2.4,0.6520124434944559,0,1,0
7889,23.82,16,2.6,1.3,1.3243176109822323,0,1,0
7890,230.24,9,0.7,0.8,0.4491895753662818,0,0,0
7891,94.5,23,11.2,6.1,1.7402984837913533,0,1,0
7892,84.68,4,0.1,3.6,1.1027081773221388,1,0,0
7893,567.04,14,20.7,4.7,4.509369089116024,1,0,1
7894,113.79,17,6.8,0.7,1.220578115477983,1,0,0
7895,35.95,10,0.8,1.0,0.7055052653801762,0,1,0
7896,24.07,16,1.1,7.9,1.2590612637421144,1,1,0
7897,19.72,14,4.0,0.6,0.7770170465927765,1,1,0
7898,118.13,15,1.3,0.2,0.8841826675775546,0,0,0
7899,117.49,17,2.8,1.8,1.13419180756751,0,1,0
7900,57.08,21,3.3,6.2,1.561959216015738,0,1,0
7901,135.29,13,22.1,22.4,4.34004776688797,1,0,1
7902,67.36,21,0.2,4.8,1.0865326976579899,0,0,0
7903,26.51,15,0.5,0.6,1.2154843571969958,0,0,0
7904,41.37,14,0.9,0.3,0.6042770013194836,1,0,0
7905,76.13,6,3.7,0.7,0.6885357565671806,0,1,0
7906,47.45,11,13.6,2.7,0.8503274140274025,0,1,0
7907,23.59,15,1.6,2.0,0.5127197247068338,0,1,0
7908,54.42,11,0.6,1.5,1.0868577085882984,0,1,0
7909,114.02,9,0.0,2.6,0.1,1,1,0
7910,26.6,14,2.3,0.9,0.9121709942387444,0,1,0
7911,77.84,12,2.9,1.9,0.6085167144615322,0,1,0
7912,34.17,11,1.4,2.9,0.1,0,0,0
7913,63.38,14,3.9,2.6,0.48904680193726136,0,1,0
7914,74.34,15,3.1,5.9,0.6989846331850749,0,1,0
7915,34.6,10,1.8,1.1,0.9833144033038946,1,1,0
7916,247.33,8,1.1,5.7,0.49056532041054646,1,0,0
7917,86.3,13,0.2,6.2,1.0502108991834613,0,1,0
7918,45.98,22,0.1,0.9,1.4253159168201353,0,1,0
7919,46.3,15,7.2,2.2,1.8343251864196328,1,0,0
7920,104.84,8,10.8,1.5,0.7385586418741719,1,1,0
7921,100.18,15,7.4,3.2,0.6381346324831749,0,1,0
7922,57.94,13,0.1,0.8,1.4356259363165143,0,1,0
7923,44.76,8,4.0,0.2,1.7525148264731916,0,1,0
7924,90.49,18,15.1,2.3,0.8900756209932137,0,0,0
7925,137.16,17,3.3,5.0,1.2093906089244701,0,1,0
7926,64.53,14,0.4,8.4,1.0172586116080864,0,1,0
7927,47.06,12,10.8,2.5,0.4271164275536099,0,0,0
7928,64.37,14,5.2,4.1,0.8618403382637443,0,1,0
7929,77.89,13,1.9,0.9,0.6668630621406109,0,1,0
7930,9.54,14,1.2,4.5,0.7691778651616217,0,1,0
7931,60.63,16,2.2,4.4,0.7945201741394093,1,1,0
7932,52.28,20,2.8,3.6,1.0279653305140664,0,1,0
7933,41.48,19,15.3,50.7,5.776603545287269,1,0,1
7934,35.61,14,2.2,4.1,0.9064922951924124,1,1,0
7935,28.4,10,8.4,0.2,0.8832975471782918,0,1,0
7936,42.21,13,13.5,1.5,1.2609342802438794,0,1,0
7937,128.26,10,3.1,5.2,1.077563087777605,0,1,0
7938,56.82,11,9.6,9.3,1.7343230139063737,1,0,0
7939,187.0,3,40.3,46.9,2.5857293921784548,1,0,1
7940,28.86,11,1.1,3.8,1.2517134000452403,1,1,0
7941,82.3,11,3.2,5.1,1.252586933089086,0,1,0
7942,178.9,5,3.6,1.7,0.8474592124486213,0,0,0
7943,113.83,12,16.7,2.2,0.9487347813253901,0,1,0
7944,148.0,18,3.0,0.2,1.4610918390069676,0,1,0
7945,40.08,11,2.5,3.6,1.2172232958782117,1,1,0
7946,46.72,14,7.3,0.7,0.8523373459526484,1,0,0
7947,136.85,7,0.4,1.2,0.9456900003840889,1,1,0
7948,148.47,11,1.9,1.7,1.2525642356552364,1,1,0
7949,148.69,9,1.9,0.6,1.3566035089698707,1,1,0
7950,155.53,8,4.2,13.4,1.0716188831453823,0,1,0
7951,355.42,9,3.8,29.0,4.249522655092757,1,0,1
7952,88.3,7,25.7,2.4,1.3147975098427147,0,1,0
7953,133.86,21,1.0,0.8,0.853996547576741,1,1,0
7954,75.3,7,2.6,2.0,1.9151314859793285,1,1,0
7955,101.31,13,12.4,0.6,1.0524358453136895,0,1,0
7956,188.82,22,4.5,5.0,1.5,1,1,1
7957,208.25,13,5.1,1.5,1.5807151469846068,0,0,0
7958,46.66,14,4.3,4.9,1.0988156932503865,0,1,0
7959,206.6,0,11.6,0.7,1.5,1,0,1
7960,203.57,15,7.0,18.2,1.6874356044928256,0,0,0
7961,97.98,21,66.0,5.5,2.8882749930508247,1,0,1
7962,139.79,15,5.6,1.9,0.8344001873482241,0,1,0
7963,28.68,13,15.0,3.0,1.3977801447838454,1,1,0
7964,57.69,16,6.7,5.1,0.20717038937432253,1,0,0
7965,72.58,11,2.4,0.8,0.948777949783683,1,0,0
7966,48.88,14,0.9,1.0,0.8125069813900232,0,1,0
7967,54.89,23,1.5,0.6,1.1175566406561024,0,0,0
7968,39.81,9,10.0,1.9,0.48607288771966983,0,1,0
7969,160.05,13,3.1,1.7,1.4344050631533793,1,0,0
7970,17.73,18,2.9,0.2,0.37870828951588165,0,1,0
7971,404.57,2,84.5,9.1,6.968205169068727,1,0,1
7972,22.6,11,14.5,2.9,1.9233896257905159,1,1,0
7973,51.3,18,2.9,1.4,0.6538821097344962,1,1,0
7974,106.38,13,1.6,3.7,0.20819564909934185,0,1,0
7975,43.29,7,2.2,0.6,0.8794207822340849,1,0,0
7976,151.04,14,2.0,8.2,1.0945952950443951,0,1,0
7977,27.97,14,2.4,1.7,1.077999010240032,0,1,0
7978,85.05,14,6.4,1.5,1.183780746684638,1,0,0
7979,99.37,14,1.8,4.7,1.0992565506880627,1,1,0
7980,148.97,15,4.0,6.4,0.8963157641797079,0,1,0
7981,114.57,11,1.6,0.6,1.0555473797943271,1,1,0
7982,56.19,13,16.6,1.3,1.0016712452114174,0,1,0
7983,145.95,15,0.7,4.8,1.4477713588624774,0,1,0
7984,40.71,15,8.3,0.7,0.802498163338286,0,0,0
7985,31.45,10,8.9,4.3,0.7307741771961829,0,1,0
7986,51.89,14,0.5,0.6,0.8390322525816031,0,1,0
7987,20.74,22,6.2,0.2,0.8541959834922397,0,0,0
7988,170.25,16,9.2,3.5,1.1533677685863395,0,1,0
7989,83.35,11,2.5,0.2,0.8928151659334651,0,1,0
7990,120.83,12,5.9,1.6,1.6510450552248632,0,0,0
7991,10.03,19,1.6,1.8,1.7915047088175067,0,1,0
7992,37.75,15,1.5,7.1,0.37275539870318275,0,1,0
7993,14.22,5,4.3,3.0,1.32178972924354,1,1,0
7994,25.6,19,5.4,2.5,0.6204354843642095,0,1,0
7995,74.87,8,2.9,0.6,0.10176265963595232,1,1,0
7996,22.18,12,3.0,0.9,1.1809543251572685,0,0,0
7997,58.66,11,1.8,0.4,0.5319687037980314,0,0,0
7998,103.24,15,14.3,1.2,0.6627773535362376,0,1,0
7999,32.36,6,4.8,1.4,1.344753407482528,1,1,0
8000,31.03,10,6.4,10.4,1.4178998282320867,1,0,0
8001,110.38,15,8.5,9.9,0.4755709259510673,0,1,0
8002,15.32,12,2.8,6.9,1.2409702411456602,0,1,0
8003,116.8,20,0.9,0.0,0.2509841109130604,0,1,0
8004,30.44,13,2.9,6.2,0.7176746712303335,0,1,0
8005,104.9,15,2.5,2.9,0.8755066121579869,0,1,0
8006,194.47,12,26.8,5.2,0.7928289198991378,0,1,0
8007,75.18,8,2.3,6.7,0.3195718844011576,0,1,0
8008,96.87,15,17.3,1.3,0.9360917386857031,0,1,0
8009,19.44,13,6.8,0.1,0.8575160291173648,0,1,0
8010,64.51,10,10.5,4.3,1.2595114595725625,1,1,0
8011,113.1,13,5.2,2.3,0.9647056391148244,1,1,0
8012,62.54,15,0.3,3.2,0.8781850634254095,0,1,0
8013,18.58,16,0.0,2.0,1.0169036286202775,1,1,0
8014,116.82,11,3.0,0.9,1.207979802250104,0,1,0
8015,40.66,14,17.7,0.8,1.5493106708179543,0,0,0
8016,71.71,7,0.3,2.5,1.0332139966197202,1,0,0
8017,80.65,9,5.2,2.3,0.9294781397604853,0,1,0
8018,87.79,20,5.4,8.6,1.0750455692478598,0,1,0
8019,203.59,21,1.8,0.7,1.8287322209337384,1,1,0
8020,35.08,14,2.4,0.9,0.7337814117344441,0,1,0
8021,22.84,7,0.3,2.7,1.8759769456470372,0,1,0
8022,49.05,11,8.6,3.1,1.2560056351684772,0,1,0
8023,31.5,10,3.5,7.8,1.3764858289745874,0,0,0
8024,153.25,8,6.0,0.8,0.6488046156530975,1,1,0
8025,37.37,21,9.8,1.5,1.5894830015476773,0,1,0
8026,155.6,15,3.0,2.1,0.7791843764213622,0,1,0
8027,70.48,14,6.6,1.1,0.5179820096547791,0,1,0
8028,102.49,17,2.8,5.4,1.5467395966618271,1,1,0
8029,79.4,6,1.6,0.5,0.8003319562335959,0,1,0
8030,73.0,11,1.2,6.3,1.0735344448876134,0,1,0
8031,78.11,12,0.1,2.1,0.5705948974266633,0,1,0
8032,61.74,12,10.3,2.2,0.9286801252187515,0,1,0
8033,29.9,13,1.3,2.5,1.7845694963568315,1,1,0
8034,15.68,13,10.1,4.0,1.3740123392983847,0,1,0
8035,15.43,12,1.0,2.2,1.3133672072711107,0,1,0
8036,64.51,14,2.4,3.9,0.3347883875872474,0,1,0
8037,63.72,20,10.5,9.4,0.5527951592096557,0,1,0
8038,35.89,9,0.6,0.8,1.0960146291302106,1,1,0
8039,51.33,7,1.7,0.8,0.6876127780459512,1,1,0
8040,11.46,8,2.5,1.9,1.117837126046563,0,1,0
8041,37.71,9,16.8,0.5,0.1,0,1,0
8042,75.72,18,10.0,4.5,0.676964987351367,1,1,0
8043,133.82,12,3.5,1.6,1.0040959891683139,0,1,0
8044,4.99,8,9.9,0.4,0.5668837911978974,0,1,0
8045,68.46,13,6.0,4.1,0.7355700123577827,0,1,0
8046,44.89,15,24.2,0.8,1.5718208812411998,0,0,0
8047,215.7,12,65.5,20.1,5.786005145549279,1,1,1
8048,36.74,12,0.3,1.7,1.0261572559627612,1,1,0
8049,149.66,5,1.1,0.0,0.6161882423911097,0,1,0
8050,41.09,10,0.5,1.2,0.9710890724352983,1,1,0
8051,94.91,15,12.4,1.2,1.5087727523471413,0,1,0
8052,56.63,14,10.8,6.8,0.8301894390826481,0,1,0
8053,112.01,19,3.4,1.8,1.1454729248590676,0,1,0
8054,62.38,15,4.1,0.1,0.43270822831487366,0,1,0
8055,55.75,15,3.0,0.3,1.292082737585441,1,1,0
8056,103.73,8,27.4,9.1,1.0485320676432954,0,1,0
8057,39.85,17,2.7,5.2,0.1,0,1,0
8058,11.59,12,6.8,4.0,0.6545330884703311,0,1,0
8059,113.44,20,13.2,2.8,0.4947921212757952,0,1,0
8060,84.3,16,1.3,0.3,0.7199424166349708,0,1,0
8061,8.94,9,3.8,1.0,1.0754237182901818,0,1,0
8062,228.08,11,0.3,5.0,0.6783360339964902,0,1,0
8063,96.81,14,21.8,5.2,1.8815658736578968,1,1,0
8064,104.42,5,0.6,0.3,1.3898194975843845,1,1,0
8065,143.82,15,8.2,1.7,0.7882969114091254,0,1,0
8066,78.45,11,0.2,6.4,0.6996563666501816,0,1,0
8067,66.0,11,2.0,1.2,0.5934197605342438,0,1,0
8068,82.51,20,4.4,6.5,1.3142659131369956,0,0,0
8069,193.84,13,4.4,2.7,0.23197040279911563,0,1,0
8070,85.84,16,3.7,20.3,0.7493400213813395,0,1,0
8071,25.63,15,8.1,2.0,1.2579143485795727,0,1,0
8072,94.71,13,5.9,3.2,1.820578837935403,0,0,0
8073,348.35,8,60.1,13.8,1.5,1,0,1
8074,94.63,13,0.9,5.1,1.0109667938876268,0,1,0
8075,51.43,21,1.2,2.6,0.2507103097310803,0,1,0
8076,133.57,17,5.9,1.7,1.0684723221266035,0,1,0
8077,62.22,13,1.0,2.6,0.5896501337985043,0,0,0
8078,69.37,17,2.2,0.3,1.1603146965586493,1,0,0
8079,184.39,12,0.0,1.3,0.812504973849204,0,1,0
8080,229.34,13,6.0,1.4,1.3729649605076555,1,1,0
8081,140.41,17,0.2,9.9,0.8433097129179516,1,0,0
8082,83.96,11,8.8,0.9,1.22274158087638,0,0,0
8083,30.91,22,17.7,4.4,1.4555634534272959,1,1,0
8084,12.38,11,3.7,2.0,1.1483640387103455,0,1,0
8085,17.03,16,19.1,3.3,0.9207201719151668,1,1,0
8086,37.83,19,8.7,0.5,2.0359967271619372,0,1,0
8087,29.59,20,3.8,5.5,1.5935353273791768,0,1,0
8088,51.0,17,7.4,5.3,1.7600536913584865,1,0,0
8089,30.28,17,1.2,2.1,0.9594130158757411,0,0,0
8090,178.35,9,0.5,11.7,0.967162307723436,0,0,0
8091,56.86,15,11.8,6.9,1.7112163819544457,0,1,0
8092,97.21,9,21.4,4.9,1.5974951159544781,0,1,0
8093,52.15,12,0.3,1.6,1.3540353334888653,0,1,0
8094,59.94,14,1.9,0.5,0.8029332709793895,0,1,0
8095,45.45,4,5.5,2.7,0.8328672758350388,0,1,0
8096,222.98,11,1.1,4.7,0.5209166652025348,0,1,0
8097,55.46,14,17.0,1.1,0.8116816338828254,0,1,0
8098,74.81,10,3.3,3.7,0.6543566482330253,0,0,0
8099,15.97,18,4.8,0.1,0.6004517394822579,0,1,0
8100,120.31,13,0.5,1.7,0.36539778761592556,0,1,0
8101,63.45,14,1.3,2.6,0.5249020893937559,0,1,0
8102,60.79,8,5.5,2.3,0.922531400415582,0,1,0
8103,22.3,14,16.7,1.3,0.7768920853040542,0,1,0
8104,156.77,19,4.0,6.8,1.7336585540369986,1,1,0
8105,67.03,10,6.3,0.1,0.9601996492983706,0,1,0
8106,9.63,13,1.8,0.7,0.7860799744843614,0,1,0
8107,155.35,17,6.0,1.9,1.8573467592642603,1,1,0
8108,40.04,15,8.7,4.4,0.7899526399606402,1,1,0
8109,16.22,11,10.7,5.1,1.336334426510525,0,1,0
8110,87.03,13,22.9,0.2,1.456645668969712,1,0,0
8111,94.39,20,3.5,4.2,1.2989838322849319,0,1,0
8112,28.45,11,2.1,1.5,0.7583269090909804,1,0,0
8113,111.71,19,10.7,1.4,1.5687882327710836,0,1,0
8114,109.04,18,0.8,0.8,1.4374188907085195,1,1,0
8115,89.67,14,3.6,0.1,1.9374588306922622,0,1,0
8116,56.23,17,12.7,0.1,0.8945564014983364,0,1,0
8117,111.35,17,5.9,0.6,0.732094882678453,1,1,0
8118,63.43,12,16.6,10.1,1.0063262856404953,1,1,0
8119,104.33,6,3.9,1.7,0.7541549501533203,0,1,0
8120,20.72,14,0.4,1.2,0.8842548032699817,0,1,0
8121,103.97,15,1.9,0.7,1.1921812464740624,0,1,0
8122,102.8,20,0.3,1.1,1.054367786227415,0,1,0
8123,170.13,17,3.7,0.4,1.3009108322628258,0,0,0
8124,7.67,7,0.3,0.3,1.7667235943745523,0,1,0
8125,58.29,15,0.3,1.0,1.2536897907105584,0,1,0
8126,82.88,13,3.1,2.9,0.7492978821472687,0,1,0
8127,17.89,11,0.2,0.3,1.1305643394296954,1,1,0
8128,244.7,22,7.9,2.1,1.4020169822804893,0,0,0
8129,30.5,16,2.9,1.7,0.9564758738958051,0,0,0
8130,60.41,11,9.3,2.5,0.7647367507054106,0,1,0
8131,91.72,9,1.3,7.3,0.8403685045551497,1,1,0
8132,20.1,14,2.4,1.1,0.6318784266407458,1,1,0
8133,51.45,13,1.6,3.1,1.3920296606020572,0,1,0
8134,248.52,3,18.5,26.0,7.361949959329779,1,1,1
8135,123.47,9,7.2,1.6,1.0403464456566545,0,1,0
8136,151.09,13,13.2,0.3,1.319506594805611,1,0,0
8137,104.4,14,6.5,2.1,1.0827839831450912,0,1,0
8138,197.36,13,69.7,11.0,5.690979176667873,1,0,1
8139,115.97,13,20.0,64.6,4.905471058736218,1,0,1
8140,32.96,15,0.7,2.8,1.762713184842982,0,1,0
8141,128.61,20,13.2,6.0,1.0753609018805212,1,1,0
8142,253.85,15,1.7,3.1,0.591781111422971,0,1,0
8143,12.05,9,3.1,0.9,0.1,1,1,0
8144,41.44,18,1.1,4.2,0.6290007033313523,0,0,0
8145,29.75,14,6.1,1.8,0.1,0,1,0
8146,185.62,14,12.7,1.3,1.6635696126794866,1,0,0
8147,19.06,7,2.3,2.4,0.6218063259324207,0,0,0
8148,9.72,17,13.5,0.0,0.9753802990571829,1,1,0
8149,160.07,15,9.7,0.5,0.6768479833700838,0,1,0
8150,2.16,14,0.4,1.2,0.6543616302257036,0,1,0
8151,73.3,13,1.7,0.7,0.8657004790853798,1,1,0
8152,33.01,10,0.9,8.9,1.165005723537517,0,1,0
8153,100.38,10,0.3,2.0,0.9217577016965632,1,1,0
8154,32.59,14,9.4,0.6,0.15179424312328194,0,0,0
8155,176.7,15,0.1,7.0,1.354972760040786,1,0,0
8156,16.99,10,8.6,1.4,0.6604685966198087,0,0,0
8157,395.73,19,80.7,3.5,2.7469425899308217,1,0,1
8158,161.16,8,6.5,1.3,1.19465577152918,0,1,0
8159,5.66,16,3.4,11.1,1.2421995191297734,1,0,0
8160,163.29,14,1.4,0.8,0.6348191198809523,0,1,0
8161,157.52,14,5.7,0.3,1.6321681996846107,1,1,0
8162,81.54,6,3.1,4.1,1.0384995480616204,1,1,0
8163,31.46,6,3.9,1.3,0.3744411981200454,0,1,0
8164,155.02,9,4.0,0.3,0.3506476233398539,0,1,0
8165,19.55,15,0.5,0.1,1.0664892052249237,1,1,0
8166,89.54,10,2.0,5.0,1.334956738837771,0,1,0
8167,60.89,9,2.6,4.7,1.5014851040638493,0,1,0
8168,44.52,15,5.9,0.6,0.8069131155961202,0,1,0
8169,54.23,19,2.5,2.9,0.8529009956134999,1,1,0
8170,130.16,12,5.4,1.1,0.829859877783302,0,1,0
8171,28.44,15,6.5,0.6,0.7788109856000871,0,1,0
8172,133.92,14,4.0,1.3,0.8499380495316584,0,1,0
8173,141.28,13,9.0,6.3,1.124599429794666,0,0,0
8174,65.32,10,1.3,9.2,1.648369008643305,1,1,0
8175,50.5,17,10.7,1.0,1.389080531843067,1,1,0
8176,20.98,19,5.9,7.6,1.3162713159941333,0,1,0
8177,113.96,9,4.5,3.7,1.3047823839304868,1,0,0
8178,133.45,14,2.4,3.3,1.1516079724196069,0,0,0
8179,145.52,18,8.3,4.8,1.5,1,1,1
8180,97.7,19,3.1,0.9,1.042244475240789,0,1,0
8181,10.86,13,3.3,4.4,0.9555632226958193,0,1,0
8182,79.06,14,0.2,0.1,1.4406149251749016,1,1,0
8183,96.24,11,3.5,0.2,1.5464126698705463,0,1,0
8184,144.1,6,1.5,6.6,1.573329502908431,1,1,0
8185,503.58,10,21.1,7.3,6.480501442819659,1,0,1
8186,348.81,12,15.1,0.0,4.840167052542407,0,1,1
8187,262.17,6,40.1,0.6,4.9565013716270405,1,0,1
8188,70.88,12,6.0,3.4,0.5508928665034085,0,1,0
8189,264.52,16,1.9,9.1,0.6706633387286258,0,1,0
8190,85.19,22,10.9,5.0,0.8953281380779748,0,1,0
8191,54.2,14,24.3,8.5,1.9403001555816284,1,1,0
8192,92.58,17,1.7,2.6,1.372630164585964,1,0,0
8193,292.69,17,0.2,4.0,0.17748967746022482,0,1,0
8194,249.52,6,9.4,1.7,1.9409456037799058,1,1,0
8195,160.56,11,8.0,4.3,0.9101261800055139,0,1,0
8196,57.49,19,0.2,2.2,1.7348288493914183,1,1,0
8197,185.9,18,12.5,0.8,1.487973322440905,0,1,0
8198,103.67,17,1.4,4.9,1.728255564306014,0,1,0
8199,53.28,15,0.5,5.2,1.013675242242012,1,1,0
8200,16.07,4,0.8,4.9,1.765739244194634,0,1,0
8201,219.24,11,5.9,0.1,1.073735181222595,0,1,0
8202,134.42,11,1.8,3.7,0.23717764725573343,1,1,0
8203,88.86,13,3.3,2.4,0.7619794136986121,0,1,0
8204,23.36,23,3.6,10.7,0.9297643285939657,0,1,0
8205,34.11,16,1.2,0.6,0.6406755193281115,0,1,0
8206,63.42,10,5.4,6.6,1.0257904362340782,0,1,0
8207,61.88,12,0.5,0.4,0.5626662958179004,0,1,0
8208,126.6,7,6.6,0.7,1.5964250055262428,0,0,0
8209,66.54,9,0.1,0.0,0.5832154083120153,1,0,0
8210,120.87,17,0.2,6.5,1.3324419513771595,0,1,0
8211,56.41,13,3.4,10.2,1.2597656248748925,1,1,0
8212,86.06,16,1.9,0.1,0.6382123175873784,0,0,0
8213,19.2,17,5.1,2.2,1.9699797956378893,0,1,0
8214,117.98,12,1.6,0.2,0.7487652288765025,0,0,0
8215,53.12,13,6.1,4.8,1.2546977648969966,1,1,0
8216,57.67,16,12.4,2.4,0.7792544429579474,0,0,0
8217,29.75,11,2.4,8.5,1.9879027824576943,0,1,0
8218,45.57,15,0.7,1.9,0.9042134674075836,1,1,0
8219,145.34,7,1.5,7.7,1.6445948614574901,0,1,0
8220,93.08,9,3.4,1.8,0.67036603809799,0,1,0
8221,60.99,15,15.1,4.0,1.8038966491134023,0,1,0
8222,5.34,10,0.2,1.1,1.1953543228768542,0,1,0
8223,121.11,11,1.3,4.1,0.4844154167992545,0,1,0
8224,110.17,13,5.5,5.1,0.353099173812611,0,1,0
8225,163.22,9,4.1,5.8,1.3970171561564637,0,1,0
8226,32.28,15,2.9,5.7,0.5905766638891528,1,1,0
8227,60.35,18,4.6,1.4,1.5750665264166146,0,0,0
8228,113.28,15,16.2,0.8,1.618874386307508,0,1,0
8229,21.22,17,2.2,4.8,0.6310155529400622,0,0,0
8230,63.11,10,10.1,0.7,0.7154657508656008,1,0,0
8231,77.66,15,7.7,0.8,1.0685474711214522,0,1,0
8232,16.67,16,1.5,1.0,1.2800271605881184,1,0,0
8233,26.75,11,3.3,3.6,1.3625589409724095,0,1,0
8234,58.63,19,7.4,1.9,1.1301944773330883,0,1,0
8235,10.84,11,0.0,2.5,2.286755268811869,0,0,0
8236,51.69,9,6.0,10.3,0.9687134074603383,1,1,0
8237,28.62,12,1.8,3.1,0.9837892905054966,0,0,0
8238,25.86,16,0.8,3.2,1.1605368968440546,1,1,0
8239,98.06,19,7.5,1.4,0.6099397954667889,0,0,0
8240,121.65,18,3.0,4.7,1.3806311808003857,1,1,0
8241,134.53,9,3.2,0.2,1.1761664726157766,0,1,0
8242,88.98,12,7.2,1.3,0.5219251550905921,1,1,0
8243,58.37,15,3.0,6.3,1.6363739577793244,0,1,0
8244,93.94,12,5.3,1.5,0.3820441341259675,0,1,0
8245,35.47,10,5.6,8.5,0.8987492028973327,1,1,0
8246,84.54,14,8.8,0.4,1.093152424843321,0,1,0
8247,22.83,15,3.3,5.7,0.9789815669367175,0,1,0
8248,144.99,8,0.5,0.1,1.2515618176996819,0,0,0
8249,100.07,19,2.8,2.9,1.2824145944397811,0,1,0
8250,61.96,11,4.6,2.4,0.6132291549850355,0,1,0
8251,215.44,14,0.0,6.3,1.065515936357899,1,1,0
8252,193.57,6,1.7,3.0,1.1078441730320185,1,0,0
8253,75.09,14,8.8,1.9,1.1736651718337228,0,0,0
8254,60.93,19,6.9,0.4,1.7180698380229178,0,1,0
8255,107.17,11,0.1,1.5,0.1513627695591543,0,0,0
8256,123.47,18,1.7,0.9,0.5867261285527027,0,1,0
8257,95.21,11,8.8,1.5,1.2863440477284886,0,0,0
8258,26.76,15,2.1,0.8,0.5677727094120971,1,1,0
8259,69.04,13,1.5,4.5,0.898887559517364,1,1,0
8260,2.75,16,2.3,1.4,0.7925490892027484,1,1,0
8261,95.97,15,1.3,3.6,1.2103649190663877,1,1,0
8262,45.03,11,3.1,2.1,0.9379725024859882,0,1,0
8263,28.8,10,1.5,0.4,1.1387994130398504,0,1,0
8264,235.42,17,2.9,5.5,1.016790961159666,0,1,0
8265,46.45,11,6.4,5.2,1.0848373901445023,0,1,0
8266,105.89,12,4.7,0.1,0.539126036024651,1,1,0
8267,23.3,16,7.4,0.6,1.5328382819743684,0,1,0
8268,39.92,15,1.5,0.7,1.2561348820643636,0,1,0
8269,40.45,23,3.6,0.1,1.2156027759138277,0,1,0
8270,49.7,15,0.8,1.2,1.1311371445158747,0,1,0
8271,679.49,5,3.4,29.0,4.417200229965887,0,0,1
8272,71.68,8,4.2,0.4,0.9029728741495183,1,0,0
8273,21.65,9,0.2,2.2,1.2500914188752015,1,1,0
8274,53.47,17,6.7,5.2,0.5390202618150347,0,1,0
8275,24.63,17,0.8,1.9,1.9741127011249164,0,1,0
8276,127.28,9,6.7,0.2,1.267285656750363,0,1,0
8277,70.17,17,0.6,0.7,0.7467011729389752,1,1,0
8278,153.98,14,0.4,0.2,1.0016094320185673,1,1,0
8279,140.64,14,2.7,0.8,1.4592754366797194,0,1,0
8280,44.53,11,11.8,1.2,0.7997297403238015,1,0,0
8281,94.64,15,0.6,0.3,1.1138565983213826,0,1,0
8282,46.82,10,5.6,2.8,0.9087551851186403,0,1,0
8283,10.38,20,3.4,4.0,0.593594359865838,1,1,0
8284,26.41,23,3.1,1.5,1.231700350744254,0,1,0
8285,111.82,8,0.1,0.0,1.2940345732236387,1,1,0
8286,81.14,5,12.7,1.7,1.0858035501060366,0,1,0
8287,91.98,9,1.2,0.7,1.1049612754307498,1,1,0
8288,48.44,9,1.2,2.6,1.1354063008435031,1,1,0
8289,59.08,16,1.0,2.0,0.6719400888630036,0,1,0
8290,31.42,7,8.5,9.7,1.1305462475511159,0,1,0
8291,147.51,12,3.2,0.1,0.8734139167996391,1,1,0
8292,74.52,10,4.4,3.1,0.5951920326980693,1,1,0
8293,146.38,12,0.2,0.4,1.6986947184715753,0,1,0
8294,34.65,19,10.8,2.7,1.2044622060687413,0,1,0
8295,29.39,18,2.2,0.6,0.6762737684215281,0,1,0
8296,314.01,20,25.0,58.8,3.6218645726497907,1,1,1
8297,279.95,13,18.5,0.6,0.7784056467973925,0,0,0
8298,124.16,11,0.2,4.6,0.668459795798237,1,1,0
8299,34.48,11,1.0,1.4,1.4331403800837115,0,1,0
8300,140.64,21,9.7,0.6,1.091807789634337,0,0,0
8301,157.26,11,2.9,2.2,0.7709379693771419,0,1,0
8302,214.81,10,0.9,1.8,1.3660433875872602,1,1,0
8303,102.72,8,0.8,2.5,0.8686559183964127,0,1,0
8304,193.17,15,88.5,10.1,6.3368184531906255,0,0,1
8305,61.62,19,0.2,0.0,1.113502684665488,0,1,0
8306,17.42,19,5.6,5.8,1.1784662702492452,0,1,0
8307,72.07,8,5.6,3.7,0.8892463077050131,1,0,0
8308,113.76,11,4.4,0.6,1.4227734388487598,0,1,0
8309,133.31,11,12.2,3.2,1.529365573831163,0,1,0
8310,61.78,17,2.8,7.2,0.5005850462070676,0,1,0
8311,111.86,5,8.1,1.0,1.9686364901500772,1,1,0
8312,58.01,8,1.2,10.7,1.3733328860208278,1,1,0
8313,83.27,12,3.6,5.4,1.3822792194662568,0,0,0
8314,28.26,13,1.9,2.2,0.8574577383620906,1,1,0
8315,12.1,12,2.7,1.4,1.428413707536199,0,1,0
8316,47.07,17,9.2,1.0,0.6832519447834227,0,1,0
8317,48.12,18,4.4,2.2,1.1585112491424434,0,1,0
8318,94.75,10,1.3,6.2,0.7609370112565712,1,0,0
8319,229.38,16,1.4,1.7,0.4024457705114638,0,1,0
8320,42.75,14,12.9,7.3,1.0986582272146312,0,1,0
8321,80.98,8,3.1,4.9,0.8430492416197254,1,0,0
8322,72.75,14,2.6,3.3,1.674893350933109,0,1,0
8323,58.99,18,6.0,0.7,1.0495900585874895,1,1,0
8324,149.19,12,4.1,2.6,0.3708168813100633,0,0,0
8325,175.39,14,2.4,7.2,1.2219334733468812,1,1,0
8326,13.96,20,4.4,2.6,0.6272616974104477,1,1,0
8327,93.36,15,3.8,2.2,1.0865745662038069,0,1,0
8328,40.32,15,8.5,1.2,1.63825563468429,1,1,0
8329,60.96,19,5.0,2.8,1.0924352080005062,0,1,0
8330,37.21,14,12.1,0.4,0.9237160667776474,0,1,0
8331,27.11,23,4.0,9.9,1.6338103951055403,1,1,0
8332,14.87,17,6.0,0.6,1.4113568411900064,1,1,0
8333,105.27,14,2.1,0.5,1.096222221573477,1,1,0
8334,16.72,7,6.4,0.4,1.0094210766065606,1,1,0
8335,44.08,16,6.2,1.6,0.662429662029677,0,1,0
8336,76.18,23,6.1,0.2,1.312138664440874,0,1,0
8337,331.03,17,35.1,17.1,4.846000579577506,1,0,1
8338,47.19,18,2.6,1.6,1.1135524095407718,0,0,0
8339,108.86,11,4.8,1.0,1.3432197472796612,1,1,0
8340,6.28,14,5.7,1.3,0.11282190818969151,0,1,0
8341,26.58,14,2.0,3.7,0.9449792423472485,0,1,0
8342,72.06,8,4.0,3.3,1.036352019295821,0,1,0
8343,132.86,9,1.6,0.8,1.0925238325897346,0,0,0
8344,72.11,9,7.2,11.4,1.423435243007737,0,1,0
8345,246.7,17,4.4,0.9,0.5090960383379339,0,1,0
8346,20.46,10,1.3,5.2,0.19343041333274014,1,1,0
8347,106.99,12,5.7,2.0,0.4938449449472875,0,1,0
8348,52.43,9,1.7,5.3,0.3277360919524024,1,1,0
8349,172.44,8,6.4,1.5,1.0263012401213731,0,1,0
8350,86.12,10,1.5,0.0,0.9281615418938153,1,1,0
8351,45.98,16,1.6,0.4,1.418508553509882,1,0,0
8352,37.83,19,1.3,2.5,0.7134170532037726,1,1,0
8353,58.77,11,1.4,0.4,0.9377309876277047,1,1,0
8354,32.36,12,16.3,6.7,0.8010094105735565,0,1,0
8355,219.97,14,12.7,3.6,0.7887935729726512,0,1,0
8356,57.57,17,13.6,1.3,0.6237326154644302,0,1,0
8357,143.0,8,8.2,0.7,1.4054374891766048,1,1,0
8358,0.99,11,5.1,0.2,1.5824594332600008,0,1,0
8359,11.65,9,0.1,3.7,1.4226991561808002,0,1,0
8360,40.48,6,0.9,1.9,1.0583435665723877,1,0,0
8361,87.11,11,1.2,1.3,0.88757586168556,0,1,0
8362,13.72,6,0.2,1.1,1.1087756416578045,1,1,0
8363,216.32,11,0.4,2.2,0.8392237060968881,0,1,0
8364,63.36,12,2.9,7.6,0.4677284191771215,1,1,0
8365,85.85,15,0.0,1.3,0.8750428613370107,1,1,0
8366,52.07,16,0.1,3.2,1.0130813882758927,1,1,0
8367,36.81,10,5.4,3.2,0.7108749977244873,0,1,0
8368,27.96,15,8.3,5.2,1.2060998996439096,0,1,0
8369,177.55,13,2.2,2.7,0.8730596080989034,0,1,0
8370,19.23,15,4.8,3.6,0.9848764993437495,0,1,0
8371,351.28,17,17.6,16.9,5.989120686227573,0,0,1
8372,31.02,14,9.5,19.8,0.5459021927730969,0,0,0
8373,23.73,19,5.7,2.9,1.215769644148277,1,1,0
8374,97.88,16,10.6,2.2,1.7203092028694713,0,1,0
8375,107.68,8,0.3,0.2,0.9316620675088056,1,1,0
8376,128.54,15,6.0,1.2,0.4324431738531369,1,1,0
8377,155.02,9,12.7,0.0,0.9728733498686414,0,0,0
8378,125.34,17,1.1,0.4,0.9813331572867593,0,1,0
8379,62.15,20,1.8,1.6,1.2325437226909282,0,1,0
8380,53.99,11,5.3,10.7,1.2378922936079184,1,1,0
8381,70.75,18,10.0,0.0,1.3121960661034482,1,0,0
8382,44.52,19,4.9,0.5,0.5211604439449498,0,1,0
8383,157.8,11,9.2,3.8,1.1254240957042483,1,1,0
8384,43.26,6,6.9,0.4,0.5074000949935253,1,1,0
8385,193.25,10,1.1,4.6,0.7257182105710476,0,1,0
8386,59.76,19,0.7,3.9,0.3378077790323535,1,1,0
8387,59.54,13,1.3,0.5,0.46012136922919455,0,1,0
8388,134.62,20,1.6,1.1,1.1270702385310805,0,1,0
8389,58.72,13,0.6,5.8,0.8365856636151925,0,1,0
8390,85.35,4,5.4,6.1,0.5124549981956803,0,1,0
8391,61.0,19,2.4,0.6,1.0060269084789566,1,1,0
8392,40.82,11,8.4,16.3,1.389798387158737,0,1,0
8393,103.5,16,4.0,1.6,0.976459454933516,0,1,0
8394,77.79,15,0.0,4.3,0.9246857739581048,0,1,0
8395,43.22,14,0.6,0.1,1.48863168186775,0,1,0
8396,134.31,10,2.8,0.5,1.4039050495907537,0,1,0
8397,75.28,14,5.4,0.9,0.5063044137097235,0,1,0
8398,76.04,20,2.7,1.0,1.0079544450687483,1,1,0
8399,77.74,2,1.2,2.4,0.8021858064120181,0,1,0
8400,121.8,23,2.0,3.9,0.8710290775695426,0,1,0
8401,79.81,15,0.3,4.5,1.5411566550172848,0,1,0
8402,151.72,14,78.8,11.2,3.5536493983308084,0,0,1
8403,36.6,15,5.4,2.5,1.5544077949257356,0,1,0
8404,31.17,18,0.7,2.8,1.1414350379911526,1,1,0
8405,7.93,10,1.8,0.3,1.2457048785159226,0,1,0
8406,111.72,5,3.4,2.6,1.3615634130347536,0,1,0
8407,89.99,15,2.0,1.1,1.236247736623514,1,1,0
8408,176.74,21,0.3,4.3,1.4342736170372157,0,1,0
8409,64.07,16,12.8,5.7,1.7236746914444412,0,0,0
8410,81.88,21,0.3,0.6,0.8769246689788532,0,1,0
8411,106.51,14,5.6,1.9,1.0182202128564013,0,1,0
8412,44.79,16,19.4,2.1,1.5082448087531044,0,1,0
8413,137.23,15,4.9,0.0,1.537459845439874,1,1,0
8414,206.38,18,4.3,1.0,0.676751317590123,1,0,0
8415,48.6,17,2.4,3.4,1.3878319203257314,1,1,0
8416,142.72,16,0.9,2.4,0.29617395234236377,0,1,0
8417,118.17,10,2.2,7.2,0.6874236340781434,0,1,0
8418,46.1,14,5.1,0.6,0.30782486835898915,1,1,0
8419,43.95,14,2.9,0.1,0.6307047484353625,0,0,0
8420,122.94,16,2.0,0.3,1.8440634808648189,0,1,0
8421,140.46,23,0.2,1.1,0.7835082779070512,0,0,0
8422,26.12,9,0.5,7.3,0.9762514292813735,1,1,0
8423,59.97,5,7.3,1.4,0.7675023125724898,0,1,0
8424,63.7,17,0.5,4.1,0.6278240024493732,0,1,0
8425,43.84,10,8.5,4.4,0.4890625676553234,1,1,0
8426,94.55,19,29.5,0.9,1.3906126813464808,0,1,0
8427,238.63,6,4.6,2.6,0.1,0,0,0
8428,57.92,17,3.8,10.5,1.0373533262852321,0,1,0
8429,16.57,12,7.1,0.6,0.1,1,1,0
8430,136.2,15,0.3,0.0,1.351825210131355,1,0,0
8431,150.35,22,4.2,0.5,0.9328781976007574,1,1,0
8432,469.06,2,58.9,60.2,5.146922147607826,1,0,1
8433,96.83,16,2.2,3.6,0.6760070816500021,0,0,0
8434,50.83,15,11.2,3.2,0.891887295838262,0,1,0
8435,86.14,13,1.9,5.2,0.953200605414525,1,1,0
8436,59.5,7,22.4,3.3,0.7158639360194297,1,1,0
8437,22.83,18,0.1,1.3,0.643042723360022,0,1,0
8438,33.5,16,12.1,1.1,0.5668978148186099,0,0,0
8439,149.4,14,3.1,0.1,0.5247494838645033,0,0,0
8440,30.53,11,11.6,6.7,0.6749046959173528,1,1,0
8441,58.32,12,9.7,0.5,1.285143063278828,0,1,0
8442,36.38,18,3.8,1.3,0.5660828596626118,1,1,0
8443,52.53,22,0.4,1.1,1.0627575849964526,1,1,0
8444,23.51,17,4.5,1.1,0.9192603571438078,0,1,0
8445,75.66,16,5.8,0.9,1.1418243308678895,0,1,0
8446,114.32,13,7.3,4.5,0.5296015239754759,0,1,0
8447,150.42,10,1.0,0.0,0.4651939581773352,0,0,0
8448,176.87,7,6.8,0.3,0.884504435472681,1,1,0
8449,10.15,15,7.1,0.6,0.9900172173385833,0,1,0
8450,3.72,16,0.0,0.5,1.2498782631688385,1,1,0
8451,126.38,20,5.5,6.5,1.2927129194436544,1,1,0
8452,73.24,13,4.1,2.6,1.288442055811488,0,1,0
8453,228.48,2,22.2,39.8,4.896546234721441,1,0,1
8454,67.02,16,5.5,0.3,0.19281602643928375,0,1,0
8455,86.02,20,17.2,4.3,1.0037748822475614,1,1,0
8456,514.03,22,10.3,56.1,5.1550153791221405,0,0,1
8457,115.77,15,0.5,0.7,0.6340988790438483,0,1,0
8458,75.11,9,1.7,1.0,1.5061094392945467,0,0,0
8459,23.67,17,0.5,0.1,0.8488436731047476,0,0,0
8460,76.99,16,5.3,3.0,0.6296353330704377,0,1,0
8461,44.27,5,1.7,1.4,1.0115700999109254,1,1,0
8462,52.92,12,4.5,1.3,0.9677310077492057,0,1,0
8463,78.74,13,24.2,6.8,0.616565954407172,0,1,0
8464,84.89,13,1.1,6.1,1.4620378658261215,0,1,0
8465,12.26,19,21.6,0.6,1.1448577457040563,0,0,0
8466,55.49,15,0.6,4.8,1.0390799275870313,0,1,0
8467,53.9,10,1.0,4.2,0.1,1,1,0
8468,343.66,8,18.8,1.3,0.46643999643460143,0,1,0
8469,27.83,13,3.4,0.2,0.5242887856242429,0,1,0
8470,75.12,18,5.0,4.4,0.8743110175639609,0,1,0
8471,58.45,14,1.2,0.8,0.8661506503012902,0,0,0
8472,36.56,16,0.3,0.7,0.1,1,1,0
8473,228.44,20,4.9,0.1,0.6232346015221458,1,1,0
8474,124.55,16,1.1,4.3,0.7123438211539027,0,0,0
8475,64.96,16,1.3,6.0,1.145227517233437,0,1,0
8476,23.58,18,1.4,2.5,1.7977170815402848,0,1,0
8477,63.54,22,1.4,4.9,1.4871361244671428,0,1,0
8478,122.47,15,7.8,5.9,0.2752981263127613,1,0,0
8479,72.96,17,6.4,1.7,1.1474191417878887,1,0,0
8480,252.57,8,0.7,0.5,0.6273759862162807,1,1,0
8481,53.47,18,0.0,0.1,0.4502419522441362,0,1,0
8482,98.83,12,2.4,0.2,1.2820848258357305,1,1,0
8483,92.5,17,8.5,15.3,1.1281559213985992,1,1,0
8484,15.26,11,5.9,1.2,0.9857285644253884,1,1,0
8485,70.38,16,3.2,0.5,1.2519600258193098,1,1,0
8486,51.81,17,3.1,5.0,1.2593777888442799,1,1,0
8487,32.14,14,4.4,0.1,1.0918182098593496,1,0,0
8488,48.62,21,1.2,1.1,1.0731094534773689,0,1,0
8489,140.93,11,22.4,1.0,0.7346332038652226,0,1,0
8490,19.93,16,7.4,0.8,1.0248310571138401,0,0,0
8491,87.68,16,4.3,4.8,1.3858106767959655,0,1,0
8492,55.54,5,1.3,0.1,0.5162762697242463,1,1,0
8493,19.07,20,0.5,0.6,0.732089154716286,0,1,0
8494,39.33,12,1.2,5.1,0.5535783015139598,0,1,0
8495,92.65,12,3.4,10.1,1.6933414002779363,1,1,0
8496,50.92,16,0.3,0.8,1.5630101032629016,1,1,0
8497,51.73,9,6.8,2.9,0.7152638412992914,0,1,0
8498,41.42,11,7.7,0.1,0.7278686098946179,0,1,0
8499,63.65,12,1.0,0.2,1.380528484013366,1,1,0
8500,132.58,12,8.9,1.5,0.6149962204674861,0,1,0
8501,33.77,11,7.3,8.3,0.7512497631016214,1,1,0
8502,71.79,13,10.3,0.4,0.1,1,1,0
8503,30.86,4,0.0,0.1,1.2870056458896426,0,1,0
8504,75.77,22,11.1,1.5,1.0072075047531797,0,1,0
8505,57.88,8,9.0,3.1,0.7647824106350019,1,1,0
8506,46.03,17,0.3,3.5,0.7563873375801727,0,1,0
8507,146.15,12,13.2,0.0,0.7978030938574053,0,1,0
8508,113.88,6,8.2,0.8,1.2831442872025018,1,1,0
8509,125.58,17,7.1,1.9,1.5580357114925345,1,0,0
8510,12.77,14,8.4,5.0,1.800671173446204,1,1,0
8511,98.23,16,0.4,2.4,1.4210221419209113,1,1,0
8512,17.96,15,9.3,3.3,1.0727094728839721,1,1,0
8513,20.31,18,1.7,0.4,1.3757806073811345,0,1,0
8514,36.29,11,11.3,3.0,0.7081628767653945,1,1,0
8515,36.66,19,3.8,3.5,1.1712053426779525,1,1,0
8516,366.3,8,27.4,27.1,3.601970510912304,1,0,1
8517,66.97,17,1.0,0.5,1.119516284515393,0,1,0
8518,147.71,18,6.6,0.0,1.2995708545595583,1,1,0
8519,15.08,14,0.5,2.1,0.9313967458954383,1,0,0
8520,152.82,17,0.4,2.8,0.9102872571553525,1,1,0
8521,222.18,5,5.7,0.3,0.7745054456446909,0,0,0
8522,325.36,8,114.6,10.3,4.079968853684265,1,0,1
8523,64.96,12,0.4,0.9,1.0837048846431239,1,1,0
8524,93.12,16,7.4,0.3,1.2370227334517945,1,1,0
8525,83.32,11,8.9,1.5,1.0795611039088109,0,0,0
8526,86.46,19,0.3,0.2,0.631435818077906,0,0,0
8527,18.92,19,1.8,0.1,1.6592012100839324,1,1,0
8528,20.19,17,10.0,0.9,0.8664570106012757,0,0,0
8529,94.69,17,1.0,4.4,1.302415575013562,1,1,0
8530,105.98,13,1.9,1.9,0.7272226503470178,0,1,0
8531,130.21,15,1.3,2.9,1.0834411198301885,1,1,0
8532,207.65,9,1.3,0.7,0.757502117708503,1,1,0
8533,252.76,11,0.5,3.8,1.3229853762286101,0,1,0
8534,33.26,14,9.7,3.2,1.141638599821057,1,0,0
8535,22.48,14,3.4,0.7,1.9407370021861943,0,1,0
8536,24.61,16,3.8,2.1,0.7342741292821182,0,1,0
8537,95.74,10,0.8,0.8,1.2873920448119227,0,1,0
8538,47.1,16,1.1,3.0,1.3372476625074747,0,1,0
8539,51.48,6,2.7,2.1,0.8657365194416488,1,1,0
8540,25.32,17,12.4,0.5,0.5155051519435137,0,1,0
8541,97.83,15,5.8,0.9,0.45722831488844806,0,1,0
8542,125.33,14,0.8,2.7,1.2457705077306747,0,0,0
8543,19.41,18,7.8,1.6,1.3408174841503586,0,1,0
8544,20.76,14,10.6,1.3,1.1147109021688801,0,1,0
8545,159.04,14,0.7,1.8,0.8024877340271118,1,1,0
8546,59.42,13,15.6,0.3,0.8631152982827274,0,1,0
8547,85.1,18,1.5,5.8,1.2732429141067756,0,1,0
8548,327.46,23,19.3,6.6,1.5125445051647533,1,0,1
8549,46.03,8,0.6,0.3,1.014098229463455,0,1,0
8550,107.36,22,11.3,8.9,2.0776941977091465,1,1,0
8551,201.07,19,13.5,0.8,0.9189157387311615,0,0,0
8552,74.27,8,19.3,3.2,0.7399977986141177,0,0,0
8553,32.53,14,0.2,0.4,1.10973998854187,0,0,0
8554,69.88,9,2.0,6.0,0.6874025051506036,0,1,0
8555,186.58,13,4.7,1.7,1.1019613414516456,1,1,0
8556,98.65,11,11.7,2.4,1.2119494841292724,0,1,0
8557,54.34,21,0.9,3.2,1.4306503396470207,1,1,0
8558,216.91,17,14.9,4.3,0.9518950881045144,1,1,0
8559,10.53,8,2.1,1.9,0.915454424106383,1,1,0
8560,36.21,11,2.0,5.6,1.2684777384971346,0,1,0
8561,72.63,17,2.1,1.8,0.4705937306308331,0,1,0
8562,84.13,10,0.7,0.7,1.9703932300936073,0,1,0
8563,14.62,20,1.0,3.8,1.1549908930216182,0,1,0
8564,58.06,17,5.5,4.5,0.6069503087505809,1,0,0
8565,106.22,20,0.4,1.2,0.7040750207696256,1,0,0
8566,50.05,8,4.2,3.4,0.9088206415226058,0,1,0
8567,72.6,5,2.6,1.5,1.188167087747558,0,1,0
8568,14.68,12,7.6,5.2,1.4979162654076286,0,1,0
8569,8.22,12,11.3,0.9,1.637497881421118,0,1,0
8570,109.59,15,0.4,5.6,0.9991556621778381,0,1,0
8571,34.31,15,29.1,0.6,1.499162341042739,1,0,0
8572,94.09,18,10.7,2.6,2.592212388745386,1,1,0
8573,252.36,12,5.0,2.6,1.3427680064279337,0,1,0
8574,39.35,13,1.1,1.3,1.1858144810524438,0,1,0
8575,71.14,16,4.7,2.0,1.2448336756422849,0,1,0
8576,62.6,21,4.0,6.4,0.972788765849151,1,1,0
8577,91.63,13,7.3,2.5,1.3229926186263654,0,0,0
8578,120.79,16,2.0,1.2,1.0997115171806624,1,0,0
8579,156.17,14,7.4,4.2,1.1202419347471573,1,1,0
8580,158.82,17,22.4,37.1,1.5,1,0,1
8581,101.09,16,0.8,4.9,0.9090059958780207,0,0,0
8582,67.62,13,2.3,0.6,1.3466346596393377,0,1,0
8583,106.87,17,9.9,0.6,1.2598853322242984,1,1,0
8584,28.46,11,1.6,3.3,0.9751815059947966,0,1,0
8585,74.14,19,3.7,1.1,1.3451991940301755,0,1,0
8586,25.33,16,1.4,8.8,1.1081986268194375,0,1,0
8587,5.75,14,0.9,4.8,0.6932953093087266,0,0,0
8588,123.63,20,0.2,0.4,1.2008088444014458,0,1,0
8589,150.2,13,10.4,1.7,0.1,1,0,0
8590,88.33,13,20.7,1.9,1.915258567546458,0,1,0
8591,40.79,13,1.5,2.9,0.7533834926137708,0,1,0
8592,7.11,17,0.1,1.0,0.9000317350423133,1,1,0
8593,34.76,18,8.2,7.7,1.30600326107343,0,1,0
8594,191.18,10,5.2,3.3,2.0325336779224212,1,1,0
8595,71.62,13,15.8,3.8,1.7836210292400885,0,1,0
8596,32.64,19,0.2,4.2,0.7058907919402968,0,1,0
8597,88.77,14,0.7,7.3,0.6018553726655198,1,1,0
8598,93.36,12,0.9,3.9,1.1378627834422148,0,0,0
8599,23.98,17,0.9,4.0,1.2375997488618298,0,1,0
8600,100.97,13,11.7,3.4,1.072599531666298,1,1,0
8601,98.56,8,6.7,2.0,1.3286402491026588,1,1,0
8602,60.75,8,4.0,1.6,0.9507244231876201,0,1,0
8603,103.91,16,3.4,0.2,1.233305881518317,0,1,0
8604,22.01,10,1.0,0.7,0.7822367039911845,0,1,0
8605,93.83,15,3.9,0.0,0.5530977276166316,0,1,0
8606,21.07,17,0.0,11.3,0.635789424133431,0,1,0
8607,267.99,17,27.0,2.4,3.4912923196381134,0,1,1
8608,34.69,23,9.7,5.5,0.841669508819209,0,1,0
8609,60.36,16,10.5,0.9,1.5713622797198905,1,1,0
8610,186.01,10,1.9,1.2,0.8630445019471875,1,1,0
8611,23.6,10,10.6,3.4,1.3251304244380715,1,1,0
8612,80.68,13,0.1,2.6,0.6326906222170385,0,1,0
8613,293.81,9,2.1,5.2,1.1934296719868598,0,1,0
8614,53.48,13,19.5,4.8,1.4179236342795587,0,1,0
8615,725.19,7,19.3,7.1,3.916016221778612,1,1,1
8616,53.6,7,5.7,1.9,1.534675810470934,0,1,0
8617,131.98,14,5.5,4.3,1.0715976885483978,0,1,0
8618,74.84,10,1.0,0.1,1.3208864404350438,0,1,0
8619,42.37,12,8.8,3.0,1.3988449977097144,0,1,0
8620,47.3,13,11.0,6.7,0.4281712869603328,1,1,0
8621,66.32,17,1.7,15.5,0.923862490354534,1,0,0
8622,93.49,15,11.0,2.6,0.8029219199977201,1,1,0
8623,66.02,16,0.5,2.9,0.375394078807437,0,1,0
8624,110.13,5,6.0,1.1,0.43637512929619593,1,1,0
8625,91.55,15,3.4,0.7,0.3066651949200794,0,0,0
8626,146.75,20,5.4,6.9,1.3820566647822978,1,1,0
8627,59.9,19,1.5,1.2,1.4035702684568439,0,1,0
8628,32.29,12,1.1,5.0,1.4690734226835147,0,1,0
8629,61.95,23,0.6,21.0,0.7252725436088809,0,1,0
8630,12.79,13,1.1,9.4,1.2552542964334579,0,1,0
8631,33.65,7,13.4,3.1,0.9098646996886315,0,1,0
8632,184.69,10,8.2,4.7,1.1218269741104088,0,1,0
8633,42.91,10,1.9,1.7,0.47299763219781277,0,1,0
8634,76.19,8,0.7,1.0,1.1591601002134424,0,1,0
8635,224.45,15,0.7,1.0,0.6606437802147276,1,1,0
8636,58.69,11,0.1,0.1,1.2018738704770446,0,1,0
8637,24.69,13,2.1,2.2,0.5131202576279054,0,0,0
8638,57.31,12,0.8,0.9,0.40038041090540344,1,0,0
8639,44.42,10,0.5,1.0,1.1974964461966198,0,1,0
8640,70.98,17,7.7,4.4,0.8219513210531992,0,1,0
8641,53.13,17,1.6,1.5,1.5860829035285677,0,1,0
8642,52.16,19,0.4,4.0,1.7606043136800982,1,1,0
8643,166.51,16,2.1,0.9,1.1083848839891035,0,1,0
8644,30.19,14,4.7,3.9,0.4096050358165365,1,1,0
8645,44.03,11,2.9,1.0,1.368440165617248,0,1,0
8646,36.08,19,0.7,1.2,1.2211574705317136,0,1,0
8647,25.44,14,2.0,2.6,0.6311260565993602,1,1,0
8648,52.1,14,4.6,3.7,1.0429596942623707,1,1,0
8649,97.02,10,0.7,2.0,0.8162589773851077,0,1,0
8650,127.37,13,1.0,9.0,1.080014658652674,1,1,0
8651,101.45,18,2.3,1.3,0.6115332206615716,0,1,0
8652,47.77,17,6.0,6.3,1.6821974079396016,1,1,0
8653,175.47,13,2.3,8.0,0.6886804697730822,0,1,0
8654,49.37,15,2.8,1.8,0.5388748697390795,1,0,0
8655,419.08,22,85.5,7.1,4.6753026735402585,1,0,1
8656,9.1,15,0.3,1.1,1.7189142709699532,1,0,0
8657,41.72,10,1.9,1.1,1.3788123963197811,1,1,0
8658,163.93,13,8.2,9.7,1.2478623064393983,0,0,0
8659,42.81,12,0.3,10.0,1.728647126647517,1,1,0
8660,315.91,17,4.3,1.6,0.7338428277524618,0,1,0
8661,107.98,6,5.6,0.3,1.1893948698101107,0,1,0
8662,83.83,13,1.5,11.3,1.7367636517666973,1,1,0
8663,40.73,11,5.8,1.5,0.22576058325639892,0,1,0
8664,32.46,2,3.1,1.0,0.9552600434196954,1,0,0
8665,154.42,17,9.1,4.3,1.258844249806789,1,0,0
8666,239.47,6,4.6,0.1,0.7414607696183928,0,1,0
8667,193.45,11,4.2,8.1,0.3794974089707799,1,1,0
8668,39.36,13,0.1,3.2,1.240614108625931,0,0,0
8669,168.34,4,4.0,1.0,1.3501515468222287,1,0,0
8670,140.05,20,5.0,1.1,0.5442685877729645,0,1,0
8671,35.7,20,6.9,4.3,0.8728563665476203,1,1,0
8672,81.0,16,0.3,7.2,1.3923797726844835,0,1,0
8673,8.43,14,0.4,3.2,0.8807977169527209,1,0,0
8674,48.93,8,0.7,17.6,0.7069769494137045,0,0,0
8675,87.39,15,12.4,3.1,0.9242313944421954,1,1,0
8676,81.19,7,15.0,0.4,1.006579598372119,1,1,0
8677,47.37,22,13.0,0.1,0.808469225586518,0,1,0
8678,168.74,11,0.2,0.6,0.8496070067842835,0,1,0
8679,61.2,14,4.6,1.7,0.919404401169722,0,1,0
8680,182.05,14,0.7,3.0,1.1823499723517454,1,0,0
8681,50.3,12,1.6,5.9,0.9243821762276092,1,0,0
8682,297.33,17,8.2,8.0,1.5959494818866022,1,1,0
8683,77.97,7,7.4,0.9,1.6739583503789714,0,1,0
8684,51.06,12,1.4,1.3,0.6875848200550839,0,1,0
8685,417.54,21,23.9,4.3,3.588436311863263,1,1,1
8686,73.08,12,1.9,3.2,1.0958059515801621,1,0,0
8687,12.56,13,3.9,7.2,0.6447464037185885,0,1,0
8688,32.01,8,5.8,1.2,0.946221109456338,0,0,0
8689,60.09,8,2.0,5.1,1.163229809895296,1,1,0
8690,51.27,11,4.3,0.1,1.3126751443913316,1,0,0
8691,79.41,18,7.4,0.5,0.4801110111446053,0,0,0
8692,79.67,7,5.4,1.8,1.2627979711567687,0,1,0
8693,46.23,17,3.3,0.4,1.1469868416688278,0,0,0
8694,77.76,18,4.1,0.7,1.202940674363538,1,1,0
8695,95.77,4,3.1,3.8,0.7681227652961111,0,1,0
8696,15.59,15,2.3,2.7,1.122981884523356,0,0,0
8697,95.12,13,2.4,2.0,0.8609084683251952,0,1,0
8698,115.15,5,6.4,0.4,0.28167182565222204,1,1,0
8699,390.44,1,21.9,13.3,5.989085167328833,1,1,1
8700,61.65,10,7.2,6.6,0.7727946041700311,0,1,0
8701,93.79,17,16.1,1.2,1.2643447204099576,0,1,0
8702,110.8,8,3.2,2.2,0.7105651906651722,0,1,0
8703,22.39,10,12.5,3.6,1.575498298238304,0,1,0
8704,86.87,9,1.6,2.1,1.2567493834565806,0,1,0
8705,64.1,9,1.0,2.5,0.9978926005591804,0,0,0
8706,88.64,9,8.8,7.3,0.3915011867081064,1,1,0
8707,66.95,21,4.9,0.2,1.081087818295769,0,0,0
8708,11.15,21,2.8,1.3,1.3527378756830433,0,1,0
8709,29.86,14,17.0,1.1,1.2346613446993073,1,1,0
8710,99.79,17,7.6,6.1,1.2771961152633822,1,0,0
8711,118.92,13,8.3,0.5,1.036809543280826,1,1,0
8712,70.53,13,1.1,3.7,1.7141423894426424,0,1,0
8713,85.76,10,5.2,1.1,0.8868349697695377,0,1,0
8714,51.63,15,0.1,10.9,0.9555402117535629,0,1,0
8715,15.69,10,9.6,2.6,0.9088585829316477,0,1,0
8716,146.04,4,1.1,0.9,0.6055608661411794,0,1,0
8717,39.64,16,0.9,1.4,0.7130547695839735,0,1,0
8718,86.85,10,6.9,1.0,0.9674069967862848,0,1,0
8719,41.75,8,2.6,4.3,0.7925722862349268,0,1,0
8720,38.17,15,0.2,3.7,1.318419186673743,1,1,0
8721,150.06,12,1.1,3.6,1.308195541080837,0,1,0
8722,78.5,20,1.6,4.6,0.9589872678731842,0,1,0
8723,21.88,18,16.5,1.9,1.7330947647435706,1,1,0
8724,17.33,16,2.8,3.0,0.965593690266704,1,1,0
8725,123.47,13,1.5,4.1,0.716856347434243,1,0,0
8726,95.84,7,26.8,3.0,1.0977679963236946,0,1,0
8727,81.0,20,2.7,1.1,1.3777669610735204,1,1,0
8728,32.54,18,4.9,1.2,0.8686223193751479,0,1,0
8729,121.62,12,1.0,3.5,1.2570515988523812,0,1,0
8730,26.58,13,2.2,3.3,0.8186665175853964,1,1,0
8731,55.65,13,0.9,1.4,0.8604702096532315,0,1,0
8732,11.03,17,9.2,5.9,1.7198254360003782,0,1,0
8733,17.44,10,2.4,0.0,0.7518064025674668,0,0,0
8734,103.2,12,15.4,1.8,0.6903871644213009,0,0,0
8735,82.31,11,26.0,4.1,0.9573018983419133,1,1,0
8736,197.22,10,65.7,14.8,3.9561943461778957,1,0,1
8737,75.53,9,1.5,3.7,0.8422267109709402,1,1,0
8738,188.19,12,3.7,1.1,0.9596739409420523,0,1,0
8739,44.79,16,2.3,1.6,1.8178615238363265,0,1,0
8740,27.75,11,6.4,3.3,0.6159263494756492,1,1,0
8741,35.32,20,0.3,11.8,1.6438635317354595,0,0,0
8742,102.7,14,0.4,2.0,1.466494439895365,0,1,0
8743,51.32,9,4.1,1.9,1.393283415625746,1,1,0
8744,82.0,20,3.5,1.0,1.1186889908936979,0,1,0
8745,66.4,13,2.3,2.3,1.1155294264587057,0,1,0
8746,39.58,18,4.8,1.4,1.1529844299786356,1,1,0
8747,152.29,14,0.9,8.5,1.4055780412435728,0,1,0
8748,67.74,12,0.6,6.0,0.7897602048342186,0,0,0
8749,99.15,19,3.5,1.8,1.0920220099080207,0,1,0
8750,250.85,9,1.6,0.7,0.7388506127285812,1,0,0
8751,43.92,20,4.8,5.1,0.1,0,1,0
8752,38.66,20,3.8,1.4,1.4335199943445194,1,1,0
8753,67.03,11,2.0,0.3,0.26679200804886793,0,1,0
8754,147.11,13,2.0,3.0,1.1032326473374265,0,1,0
8755,10.34,16,1.1,0.8,0.8442658905980035,0,1,0
8756,13.95,15,1.5,0.0,1.1773020628214488,1,0,0
8757,193.05,11,4.5,1.0,0.8319135684317466,0,0,0
8758,134.82,14,3.1,0.5,0.8339872804956673,0,1,0
8759,47.54,13,0.8,2.0,0.8185167410888492,0,1,0
8760,243.33,14,12.0,0.0,1.429382360761313,0,1,0
8761,32.37,14,12.3,1.8,1.51525512957009,0,1,0
8762,67.49,16,7.7,1.7,1.1838535628988591,0,1,0
8763,53.22,15,1.2,1.4,1.0603407665882185,0,0,0
8764,9.52,17,1.6,0.0,1.0308497383517348,1,1,0
8765,34.08,13,0.2,1.5,0.5990602482173826,1,1,0
8766,32.18,14,1.4,4.1,0.6832725632200061,0,0,0
8767,75.29,18,10.5,13.7,0.913691292473403,0,1,0
8768,115.69,14,0.9,0.7,0.9634519481597308,0,1,0
8769,80.39,6,0.1,5.4,0.8367451158353658,0,0,0
8770,106.62,21,2.0,15.1,0.965432407357147,0,1,0
8771,74.83,16,0.5,1.6,1.370266045521923,0,0,0
8772,96.7,11,56.9,47.4,6.053798093262222,1,0,1
8773,48.15,8,4.0,0.9,1.3486033184069355,1,1,0
8774,114.19,17,4.5,8.9,1.1843880427735465,0,0,0
8775,26.46,9,1.3,8.1,0.961570275387907,0,1,0
8776,157.5,14,2.9,1.9,1.0798318635574395,0,1,0
8777,100.27,23,2.2,1.7,1.032524184777584,1,0,0
8778,77.76,15,0.1,6.0,1.1077867360433369,0,1,0
8779,74.96,9,1.9,0.8,0.6575484321679452,1,1,0
8780,114.69,11,4.1,12.7,0.9574730181472852,0,1,0
8781,92.82,15,2.1,0.1,1.1027862102994448,0,1,0
8782,322.71,17,33.9,72.5,3.270103683834596,1,0,1
8783,53.0,16,8.0,0.4,0.9460836603855217,1,1,0
8784,99.18,16,0.8,1.5,0.9361425228466371,0,1,0
8785,60.06,14,5.3,5.0,1.2359464847409627,0,0,0
8786,60.91,9,3.0,5.3,0.5940677235543088,0,1,0
8787,108.86,21,3.2,0.2,0.7794602243465876,0,1,0
8788,35.79,20,23.4,4.0,1.772968609476979,0,1,0
8789,57.99,16,3.2,6.1,0.19903817740295326,0,1,0
8790,65.57,13,31.9,0.1,0.7773993922503333,0,0,0
8791,14.05,12,9.5,3.1,1.1634808248934192,0,1,0
8792,222.7,14,9.4,5.7,1.2837116476505583,1,1,0
8793,43.18,14,3.0,0.8,0.6967203491365974,0,1,0
8794,83.2,11,1.5,0.5,1.2169605422835765,1,1,0
8795,14.18,5,5.0,3.3,1.2135247595053755,1,1,0
8796,155.57,11,0.0,1.0,0.4589247255047383,1,1,0
8797,8.96,16,9.8,1.4,1.1268978409249255,0,1,0
8798,28.97,8,0.3,0.6,1.0149679052812184,0,1,0
8799,106.94,10,13.4,8.6,0.12224108807452794,1,1,0
8800,37.76,18,4.9,1.1,0.4973587797434159,1,1,0
8801,61.25,17,0.7,1.1,1.5153993638478425,0,0,0
8802,73.22,16,0.0,4.0,0.600432681550986,0,0,0
8803,96.37,13,1.1,0.7,0.8748545068681219,0,1,0
8804,54.5,16,1.5,2.8,1.6396818972838163,0,1,0
8805,121.86,13,4.0,0.4,0.1341184946127716,1,1,0
8806,98.4,17,1.1,2.0,1.0450709774239548,1,1,0
8807,35.73,14,8.3,0.2,1.078158782001194,1,1,0
8808,62.31,12,0.5,0.6,1.3646253514616586,0,1,0
8809,88.31,21,0.8,4.5,0.6235962223378213,1,1,0
8810,190.62,9,0.7,3.3,0.8922552640518739,1,1,0
8811,18.83,14,1.3,2.6,0.24587780935647174,0,0,0
8812,121.77,20,7.0,6.7,1.4281324485558504,0,1,0
8813,41.45,16,2.2,0.9,1.1380747497609087,1,1,0
8814,58.03,14,6.2,0.9,1.4306633044673605,0,1,0
8815,129.76,17,0.3,3.7,0.8984714575578089,0,1,0
8816,45.48,17,16.9,10.1,0.717874433418213,1,0,0
8817,51.84,12,0.1,9.4,0.5463431639774285,0,0,0
8818,65.6,14,1.0,5.4,0.6336813785753876,0,1,0
8819,131.48,16,3.9,2.9,0.7847820606809691,1,1,0
8820,33.7,13,1.4,5.4,1.1006865852374674,0,1,0
8821,31.21,13,1.3,4.3,1.2606131810165309,0,1,0
8822,43.5,11,0.9,0.3,1.7456700412393547,0,0,0
8823,29.53,12,1.3,2.2,1.136227918223548,1,1,0
8824,84.39,12,4.7,1.3,1.0751588686215754,1,1,0
8825,147.69,11,13.1,5.0,0.8558147969688329,1,1,0
8826,18.61,9,11.8,4.0,1.7426534582988489,1,1,0
8827,44.4,15,2.8,2.2,1.5047126219881664,0,1,0
8828,161.58,8,7.0,4.4,1.0699271044798162,1,1,0
8829,90.16,10,4.5,1.1,0.3066287341511189,0,1,0
8830,33.37,16,8.2,3.2,0.7157433821341335,1,1,0
8831,37.38,14,6.8,1.0,1.6598732709283133,0,1,0
8832,40.62,17,1.5,1.7,1.0150397799269524,0,1,0
8833,131.99,18,17.8,0.5,0.12107534965384525,0,1,0
8834,24.37,12,3.8,3.0,1.8044704521362622,0,0,0
8835,109.59,12,7.1,0.7,1.5012894953202158,0,1,0
8836,53.26,19,1.3,0.1,1.69756126250358,0,0,0
8837,77.89,14,0.3,1.1,1.0754380734064177,0,1,0
8838,49.22,14,10.9,1.8,1.6900551418526968,1,1,0
8839,347.67,7,4.6,9.3,3.8682902967166397,1,0,1
8840,613.38,8,9.3,12.9,4.659560583834462,1,0,1
8841,29.98,21,1.4,0.5,0.48618858150612476,0,0,0
8842,117.14,17,0.9,0.9,1.6104374491271995,0,1,0
8843,123.1,9,2.2,6.8,1.1820975496637642,0,1,0
8844,24.4,13,1.1,0.1,1.1786014205278288,0,0,0
8845,71.53,19,3.7,0.4,1.0687946475971457,0,1,0
8846,198.22,13,5.8,0.1,0.8629932895331878,1,1,0
8847,138.63,9,4.1,3.9,1.3303500080906383,1,1,0
8848,15.22,18,3.0,0.8,1.104356115864693,0,1,0
8849,99.13,12,3.8,0.5,0.23750505254194865,0,1,0
8850,89.77,18,17.8,1.1,1.0264862646980977,0,1,0
8851,81.45,22,12.5,2.5,1.2586459703987616,0,1,0
8852,139.61,15,4.3,2.7,0.641692683478817,0,1,0
8853,114.61,19,0.8,0.9,0.6455250388666074,1,1,0
8854,202.8,15,2.2,1.0,0.6655915707082052,1,1,0
8855,72.76,11,8.9,4.4,1.3981028153351658,1,0,0
8856,261.72,12,0.3,6.6,0.5674920539921369,0,1,0
8857,47.94,13,1.6,2.6,0.8037584820949816,0,1,0
8858,351.35,16,30.5,45.0,1.5,1,0,1
8859,182.16,1,61.1,25.6,1.5,1,0,1
8860,34.74,12,1.2,0.2,0.9156734254721033,0,0,0
8861,87.76,7,6.8,0.0,1.0524070683030096,0,1,0
8862,15.11,12,1.4,1.1,1.231357704318644,0,0,0
8863,96.4,10,2.2,0.7,1.6927279819719292,0,1,0
8864,117.65,19,4.4,5.9,1.3715317929211068,0,0,0
8865,55.14,15,1.0,0.9,0.1,0,1,0
8866,29.51,9,2.6,1.2,0.8720883861655279,1,1,0
8867,26.04,13,3.4,4.6,1.0826204661096333,0,1,0
8868,42.8,11,0.1,1.4,1.1035139074415112,1,0,0
8869,68.28,16,6.2,0.2,1.4823528076926067,0,0,0
8870,56.3,13,1.8,2.5,1.3947561029950983,0,1,0
8871,259.64,20,4.4,4.3,1.4566547636221352,0,1,0
8872,65.92,17,4.2,2.8,0.45847857264809444,0,0,0
8873,119.19,10,14.2,0.1,0.679860871329692,0,1,0
8874,213.47,18,1.8,3.8,1.7211829649682961,0,0,0
8875,46.21,12,1.1,0.9,0.8744442055746005,0,1,0
8876,129.66,10,1.0,2.1,1.4815844027980751,0,1,0
8877,14.34,11,6.8,1.7,1.310429876286602,1,1,0
8878,64.9,14,4.2,0.4,1.0441479599077925,0,1,0
8879,37.15,20,5.3,1.8,0.6915213771993665,1,1,0
8880,233.97,16,0.3,0.1,0.9188100066075036,1,0,0
8881,34.78,21,3.7,1.1,0.6522022446725847,0,1,0
8882,98.87,19,5.3,2.6,1.1348005637760008,0,1,0
8883,137.02,20,11.1,1.5,0.9851917957757925,0,1,0
8884,132.23,7,0.8,3.0,1.2811668532365006,0,1,0
8885,45.11,12,5.1,2.8,0.8455465836038097,0,1,0
8886,57.77,10,1.7,1.6,1.265998492322039,0,1,0
8887,35.69,14,2.7,5.3,1.0942953026248485,0,1,0
8888,8.41,12,0.5,5.7,1.4229491477371172,1,0,0
8889,60.93,7,0.9,1.5,1.8261001359627298,0,0,0
8890,92.7,12,15.0,0.8,1.161551996580602,1,1,0
8891,58.77,4,12.5,1.7,1.376464437330018,0,1,0
8892,104.11,10,1.4,5.5,1.0295535582567543,0,1,0
8893,553.7,0,8.6,55.4,1.5,1,0,1
8894,93.51,20,6.1,6.5,0.8771561170055946,0,1,0
8895,32.59,14,10.5,3.2,1.3894727707218442,1,0,0
8896,90.33,6,15.0,6.3,1.6103826614562569,0,1,0
8897,39.41,21,2.5,3.0,1.0947582346985132,1,0,0
8898,22.02,16,4.8,4.4,1.2177241751162913,0,1,0
8899,58.93,19,1.0,3.9,0.6987912322957213,1,1,0
8900,105.49,18,8.5,1.5,1.3887597053816338,1,1,0
8901,67.52,13,20.4,0.4,0.29767391488226125,1,1,0
8902,220.59,15,1.9,0.5,1.2138525852929294,0,0,0
8903,66.7,16,0.1,2.6,1.3794498814817648,0,1,0
8904,83.18,12,6.7,0.7,1.553780575833223,0,1,0
8905,5.91,14,3.1,2.9,0.7083345618934237,0,1,0
8906,36.86,17,11.0,2.1,1.0230953263714777,0,1,0
8907,107.23,11,0.0,0.2,1.276847395302337,1,1,0
8908,54.42,8,2.3,3.9,0.5543945833278281,0,1,0
8909,9.42,16,8.9,2.8,0.9423111227660906,1,1,0
8910,131.18,10,2.0,1.1,0.45793176686788284,0,1,0
8911,95.25,18,0.4,1.4,0.1,0,0,0
8912,75.84,20,6.3,0.7,1.0137689032796697,1,0,0
8913,25.56,15,4.2,2.0,1.5120929801768255,0,1,0
8914,81.19,13,13.3,3.2,1.1039625719509354,0,1,0
8915,133.83,7,2.7,0.1,0.9015555177556904,0,1,0
8916,84.48,5,9.3,1.2,0.4132473159451112,1,1,0
8917,18.75,17,10.6,2.6,1.2392003252068478,0,0,0
8918,32.8,11,1.5,0.4,1.0152124661374167,0,0,0
8919,54.77,15,2.2,3.7,0.5621861527698344,0,1,0
8920,52.29,11,1.8,13.2,1.4172261395621182,0,1,0
8921,28.95,15,3.7,0.2,1.5979004401607364,0,0,0
8922,92.51,9,0.9,0.9,0.3663391080326708,0,1,0
8923,32.15,19,3.4,1.2,0.9411482030279773,0,1,0
8924,14.0,16,2.3,0.0,1.157543592577412,1,1,0
8925,64.81,22,6.7,5.6,0.9737862422854744,1,1,0
8926,238.0,13,0.8,12.7,1.0744742742328892,1,1,0
8927,121.87,5,0.8,0.0,0.6307198071085254,1,1,0
8928,111.34,9,5.5,7.9,1.1952300858489397,1,1,0
8929,56.43,23,0.1,2.2,0.8823726440062806,0,0,0
8930,21.66,23,0.9,0.6,0.5525828384628556,1,0,0
8931,15.25,5,7.8,0.9,0.7950142826954847,0,0,0
8932,9.56,16,1.1,7.1,0.9462064687530632,1,1,0
8933,177.63,13,6.6,1.4,1.2116881720157897,1,1,0
8934,116.68,15,7.3,1.3,0.966782688282824,1,1,0
8935,47.67,16,9.8,3.4,1.1876890716775907,0,0,0
8936,44.27,18,9.8,0.3,2.3349322903842102,0,0,0
8937,91.04,7,2.7,0.6,0.9137259116406888,0,1,0
8938,41.32,10,0.5,1.1,0.907825791940242,0,1,0
8939,238.11,16,6.6,1.5,0.6827001823791623,0,1,0
8940,9.27,9,2.3,2.5,1.0956184464965004,1,1,0
8941,69.91,18,2.1,2.1,0.7346922227140208,0,0,0
8942,43.6,8,4.7,3.3,0.9247811783311766,0,1,0
8943,166.12,10,12.2,2.0,1.3915930192589558,1,1,0
8944,29.86,23,3.1,2.3,0.767367216307667,0,1,0
8945,122.25,10,3.2,6.8,1.5666148104476385,0,1,0
8946,26.38,21,17.0,2.9,1.0091691874557027,1,1,0
8947,63.02,16,4.1,0.5,0.821514079627657,1,1,0
8948,47.16,14,4.3,2.2,0.9106148119737416,0,1,0
8949,68.74,17,3.1,0.4,0.9844554239320246,1,1,0
8950,49.9,6,7.1,4.4,0.577871190740827,0,1,0
8951,74.33,9,13.8,3.0,0.8853876993909501,0,0,0
8952,37.76,15,3.1,3.7,0.9723752373045613,1,1,0
8953,49.35,13,0.0,2.7,1.5530135210456937,1,1,0
8954,55.64,17,0.6,4.7,1.2161866341515435,0,1,0
8955,15.5,13,5.1,0.0,1.3819557634443775,0,1,0
8956,11.39,13,6.3,0.7,0.6249588162750668,0,1,0
8957,40.91,12,14.6,1.8,0.5746279751746738,0,1,0
8958,30.23,18,2.1,0.4,0.3644126565483332,0,1,0
8959,23.67,10,11.3,3.5,1.2528751782698229,1,0,0
8960,23.47,17,0.7,1.2,1.2363228820533723,1,0,0
8961,41.84,10,0.2,1.4,0.6249742139853744,0,1,0
8962,90.04,10,0.5,6.6,0.22737726591781238,0,0,0
8963,45.11,12,0.5,0.4,0.9136102070875154,1,1,0
8964,85.63,10,6.5,2.9,0.7966490708389967,0,1,0
8965,61.76,13,0.8,1.2,1.572174154365511,1,1,0
8966,312.35,2,2.7,4.8,5.400417325873351,1,0,1
8967,133.59,9,4.2,6.1,1.2366052904933185,0,1,0
8968,75.8,14,5.4,1.5,0.47766408396504956,0,1,0
8969,72.56,15,3.3,4.9,1.2132545150549445,0,0,0
8970,77.08,20,5.4,0.8,0.8915284132880148,0,1,0
8971,69.92,9,2.3,1.7,0.9925601761564625,0,1,0
8972,157.31,14,8.6,1.5,1.4459912055026676,0,1,0
8973,34.49,3,4.0,1.4,0.8676136856951847,0,1,0
8974,48.38,8,3.5,0.3,1.0557413287325443,1,1,0
8975,102.47,16,7.1,0.3,1.2079262029528026,0,1,0
8976,31.19,8,7.5,0.9,1.0280747613364918,0,1,0
8977,66.37,16,4.3,2.8,0.9470333574713711,0,1,0
8978,68.69,18,2.2,0.1,0.18885244042555005,1,0,0
8979,82.87,5,0.9,1.5,0.7487676154131053,0,1,0
8980,21.85,15,2.0,4.8,1.0719883197052396,0,1,0
8981,67.25,11,3.7,3.3,0.6753933641563714,1,0,0
8982,73.91,15,1.5,0.8,1.5506497885011288,1,1,0
8983,216.09,3,2.0,1.3,1.396252647834093,1,0,0
8984,24.72,11,2.6,1.0,0.9628829280480884,0,1,0
8985,79.57,15,1.3,13.6,1.4531078165550741,1,1,0
8986,127.53,5,2.7,0.8,0.7926134624347194,0,1,0
8987,136.3,15,1.2,1.1,0.32211939685058844,0,0,0
8988,45.03,6,0.9,1.2,0.3641881188005839,1,1,0
8989,45.28,12,3.9,2.9,0.8619053734724968,0,1,0
8990,66.17,10,2.2,0.0,1.3520490759788524,0,1,0
8991,72.2,14,9.9,0.5,1.4857723559165146,1,0,0
8992,15.56,14,4.3,0.5,0.9905519732897106,0,1,0
8993,78.17,10,5.1,2.4,1.0301068311691162,0,1,0
8994,4.48,5,1.4,7.1,0.43780246144540313,0,1,0
8995,119.05,15,8.1,4.3,0.6673189201040373,1,0,0
8996,60.4,12,7.3,4.1,1.4258268936696805,1,1,0
8997,133.92,6,6.8,2.6,0.1,0,1,0
8998,98.92,13,0.3,2.4,1.2860694743246448,0,1,0
8999,245.21,4,0.2,12.1,1.5034362822895684,0,1,0
9000,36.65,14,2.8,5.3,1.3426892172290965,0,1,0
9001,17.93,13,7.4,3.2,0.9932614976365254,0,1,0
9002,62.02,14,4.0,0.7,0.6521677098083966,0,1,0
9003,89.71,17,3.0,0.2,1.1429932211555978,0,1,0
9004,195.94,6,9.6,0.9,1.0831453679980463,0,1,0
9005,111.34,9,2.2,2.1,0.6518544837549267,0,1,0
9006,58.04,10,0.6,14.6,1.0321866480441027,0,1,0
9007,50.76,12,1.6,7.8,1.8350088004864133,1,1,0
9008,10.31,5,15.1,5.2,0.7486360803369017,1,1,0
9009,43.93,14,5.2,3.0,0.9425937481532375,0,1,0
9010,58.18,12,0.6,1.6,0.44958208576914316,1,0,0
9011,32.99,10,2.0,1.3,1.068059750133364,0,1,0
9012,55.95,12,9.5,3.7,0.9852299533767398,0,1,0
9013,94.24,15,15.9,1.5,0.7471419553965406,0,1,0
9014,84.16,10,2.5,2.0,0.7542233705666258,1,1,0
9015,54.22,15,4.2,0.6,1.2162993938653335,0,1,0
9016,25.54,11,8.1,0.2,0.2836533998472036,0,1,0
9017,25.39,17,5.8,4.4,1.061407674152243,0,1,0
9018,69.4,17,4.7,1.2,1.3614237733065297,1,0,0
9019,11.5,10,7.0,3.4,0.9754201594556667,1,0,0
9020,72.71,20,5.2,0.3,1.5807288285644756,0,1,0
9021,138.65,16,3.6,2.6,0.41561789990620257,0,1,0
9022,79.69,13,3.0,5.3,1.8015674879212091,0,1,0
9023,124.49,15,1.6,4.8,1.5181127635167504,1,1,0
9024,18.99,19,1.3,10.2,0.8950504251485817,0,1,0
9025,51.55,10,3.3,0.8,0.8964412799425726,0,1,0
9026,43.72,11,2.5,7.7,1.3701838735613092,0,1,0
9027,72.82,11,5.0,1.6,0.6838191835190222,0,0,0
9028,47.66,16,2.9,5.2,1.467955207942408,0,0,0
9029,24.08,6,21.6,0.0,0.7525597396617396,0,1,0
9030,96.46,8,0.7,3.6,1.2266124618733536,0,1,0
9031,158.53,11,2.2,4.3,0.8923709852744992,0,1,0
9032,148.1,13,0.1,1.1,0.9038282476309809,0,1,0
9033,192.92,7,2.7,2.8,1.4089721808155424,0,1,0
9034,353.6,0,8.5,5.6,3.246552892373799,1,0,1
9035,25.43,13,8.8,6.3,0.8441905219110633,0,0,0
9036,152.26,13,21.4,0.1,1.2453458968778899,0,1,0
9037,184.5,23,5.8,21.4,0.6559600946058464,0,0,0
9038,123.98,12,4.5,3.8,0.6951121576144605,0,1,0
9039,61.75,15,8.6,3.3,1.4119650029309325,1,1,0
9040,117.61,14,1.9,5.6,1.525395830703814,0,0,0
9041,30.9,14,0.5,0.9,1.0739246811761098,1,1,0
9042,90.34,14,1.3,0.6,0.5639681295607009,1,0,0
9043,60.85,17,18.5,0.3,0.9108749743329656,0,1,0
9044,58.0,12,5.4,5.7,1.1864833183209404,0,1,0
9045,286.97,15,3.9,86.2,4.300034255479483,1,0,1
9046,48.56,14,7.7,6.3,0.5272306557963573,1,1,0
9047,22.02,9,5.1,0.4,1.153913423182039,0,0,0
9048,38.35,13,13.4,0.3,1.246769685052036,0,1,0
9049,22.74,20,11.1,0.5,1.4302344656716823,1,1,0
9050,123.18,15,0.8,6.4,0.6246624686797079,0,1,0
9051,8.07,11,6.1,2.8,1.5512119790210286,0,0,0
9052,214.97,13,1.4,1.5,1.1900670085114384,0,0,0
9053,100.87,8,7.5,0.7,1.0978206772641066,0,1,0
9054,41.93,12,5.0,9.1,1.0797573260666882,0,1,0
9055,166.23,11,4.0,0.1,0.23668512896121618,0,0,0
9056,188.34,10,2.6,9.4,1.0630228258230183,0,1,0
9057,68.23,13,4.2,0.2,1.357581295737935,0,1,0
9058,78.64,9,14.7,4.0,1.4273397175770055,1,1,0
9059,92.34,13,0.6,1.1,0.8629593313619046,0,1,0
9060,58.31,16,2.9,0.7,0.8797162794496559,1,1,0
9061,95.59,12,0.6,9.4,0.8144493352421499,0,1,0
9062,103.7,14,6.2,0.4,0.1956969962896442,1,0,0
9063,56.16,7,0.4,0.4,1.3338402968589962,0,0,0
9064,298.25,7,0.7,3.7,0.31425213767952,0,0,0
9065,73.9,12,5.7,1.8,0.6941278474344565,0,1,0
9066,59.16,15,0.8,4.2,1.400606991046267,1,1,0
9067,252.21,17,1.2,1.0,1.651325315893947,0,0,0
9068,91.76,11,3.5,3.8,0.6744578126941909,0,1,0
9069,84.04,15,17.1,8.2,1.4746392697136057,0,1,0
9070,123.02,8,3.1,3.6,1.4887571649645424,0,0,0
9071,132.89,14,0.4,1.6,0.23223222906050545,0,1,0
9072,149.42,15,1.0,0.5,0.7719262887186173,0,1,0
9073,23.22,12,8.7,1.4,1.131173888510462,0,1,0
9074,38.08,18,4.9,3.1,1.0074154240933526,0,1,0
9075,110.14,16,0.6,7.7,1.1724263204158694,0,1,0
9076,10.58,19,0.4,0.9,0.7572851118680658,1,1,0
9077,98.78,13,7.4,7.0,0.5991172319626465,1,0,0
9078,27.57,8,16.5,1.6,1.7342846638919411,1,1,0
9079,112.3,12,5.7,8.9,1.5691226479844826,0,1,0
9080,92.9,17,7.6,2.3,0.9071770053866067,1,1,0
9081,89.65,20,2.8,7.5,1.4575252708868045,0,1,0
9082,8.65,10,17.4,1.4,0.1,1,1,0
9083,14.93,18,1.5,7.5,1.3282720068685505,0,1,0
9084,105.65,16,1.9,4.6,0.7234695071072211,0,0,0
9085,33.47,18,1.1,2.7,1.1508516592002358,1,1,0
9086,43.63,13,0.8,2.2,0.8499192229442637,0,1,0
9087,41.55,12,1.4,7.0,1.4064795833907588,0,0,0
9088,134.81,10,1.8,5.2,1.368587245401221,0,1,0
9089,75.08,11,3.8,4.8,1.0806156112225582,0,1,0
9090,114.74,12,4.5,0.7,1.5333552413048332,0,1,0
9091,169.85,9,0.4,1.1,1.3788984981754178,0,1,0
9092,140.01,14,4.2,8.1,0.20503094008523415,0,1,0
9093,85.99,16,0.5,3.8,1.3797736370355778,1,1,0
9094,100.11,13,9.5,1.5,1.014640136398122,0,1,0
9095,57.38,13,5.5,1.2,0.494920380989208,0,1,0
9096,138.5,14,7.6,1.4,1.3119471443949422,1,0,0
9097,253.63,7,12.7,2.7,1.1234055296388497,1,1,0
9098,28.75,12,2.0,0.8,0.8320754424477633,0,1,0
9099,12.73,16,9.1,0.1,1.278089002157524,1,1,0
9100,133.77,10,4.8,5.7,1.1403667257576309,0,1,0
9101,55.83,12,0.6,2.9,0.10615590617373627,1,1,0
9102,88.16,13,9.7,2.5,1.231071983746819,1,1,0
9103,82.31,9,1.5,0.4,0.5553586005799538,0,1,0
9104,119.73,10,4.9,2.9,1.502532079084038,0,1,0
9105,92.57,7,3.8,3.0,0.8716928617333335,0,1,0
9106,79.28,19,2.4,4.0,1.7424482498382843,1,1,0
9107,59.77,18,5.7,0.1,1.0427807605505683,0,1,0
9108,66.84,8,0.2,5.4,0.4673226052281473,1,1,0
9109,41.33,15,10.8,2.5,0.742649898751705,0,0,0
9110,172.06,11,3.3,1.5,0.38331632947746463,1,1,0
9111,148.52,10,3.5,1.0,1.211019053971899,0,1,0
9112,45.06,10,7.4,1.9,0.5018952794956222,0,1,0
9113,33.83,9,3.4,2.6,0.8143598898841657,0,1,0
9114,13.09,5,4.9,0.6,1.5875154545494228,0,1,0
9115,63.31,20,5.2,9.6,1.896652878681768,0,1,0
9116,65.74,13,2.4,2.5,0.6621293635127232,0,1,0
9117,12.86,23,0.0,3.2,1.3111729659610907,1,0,0
9118,148.73,19,5.4,0.8,0.8351204755802581,0,1,0
9119,29.25,14,0.4,0.0,0.7014668487253748,1,1,0
9120,47.84,10,7.7,6.2,1.3394917502506816,0,0,0
9121,43.77,16,3.7,0.8,1.1960062223133117,0,1,0
9122,13.97,17,11.0,3.0,0.6787766215728687,0,1,0
9123,125.16,14,2.8,3.9,0.7537987810077174,0,1,0
9124,25.89,15,6.5,0.3,0.9179386289083985,1,1,0
9125,118.46,17,3.4,1.1,0.7398917835840811,0,1,0
9126,53.38,14,16.6,1.6,1.397793328681467,1,1,0
9127,0.32,15,15.3,5.0,1.2342519050630294,1,1,0
9128,111.21,17,5.4,3.6,1.3316452779149273,0,1,0
9129,77.44,11,1.2,0.8,1.510120318573068,0,1,0
9130,97.66,13,13.9,0.3,2.1348730976442365,0,1,0
9131,39.34,19,6.1,1.3,1.5296289839192172,1,0,0
9132,81.38,6,1.6,1.2,0.9233744666272914,0,0,0
9133,118.53,7,1.3,0.7,1.6144326394844382,1,1,0
9134,70.87,10,1.9,1.2,1.362039137631363,0,0,0
9135,22.36,9,3.6,4.0,1.1753229742556925,1,1,0
9136,213.86,10,5.9,7.1,0.8856822078702341,0,0,0
9137,157.22,15,6.4,2.2,1.2570158932024498,0,1,0
9138,41.99,13,5.4,1.3,1.0369430025756132,0,1,0
9139,134.04,12,11.0,0.2,1.4130407748156157,1,1,0
9140,107.66,13,8.4,6.2,1.1367979753897237,0,1,0
9141,123.99,15,1.9,2.4,1.2144057328588933,1,0,0
9142,58.75,17,5.5,1.2,0.7798408996029536,0,0,0
9143,40.91,11,5.5,10.9,1.3549058255233841,1,1,0
9144,65.06,10,3.0,2.2,1.1007070428961423,0,1,0
9145,144.57,14,14.8,1.7,0.9963403398354637,1,1,0
9146,51.81,7,12.5,2.5,1.169620285252672,1,0,0
9147,76.29,13,5.8,0.2,1.323859333018164,0,1,0
9148,96.18,9,1.6,0.2,0.5983728290442809,0,0,0
9149,698.2,14,15.7,1.2,2.6809353165512997,1,0,1
9150,87.33,8,4.9,1.8,0.19449230518436,1,0,0
9151,25.11,11,2.5,5.4,1.4688017999170744,1,1,0
9152,41.84,12,1.1,9.3,0.44469830388506604,0,1,0
9153,86.51,13,7.2,8.2,1.0568409746225715,0,1,0
9154,63.69,16,12.4,2.0,0.3471591705055048,1,1,0
9155,73.42,22,3.9,1.4,0.7436623835076849,1,0,0
9156,207.59,10,5.8,2.5,0.9197999236268175,0,1,0
9157,48.55,17,4.9,3.5,0.4806112359644549,1,1,0
9158,80.96,15,5.8,0.3,1.4592387050364786,0,1,0
9159,35.54,7,0.5,1.7,0.9793047365742031,1,1,0
9160,257.13,14,0.1,0.3,1.231655849560433,0,0,0
9161,30.3,16,0.2,4.8,1.4791031548625906,0,1,0
9162,123.03,13,6.8,10.9,1.004115476110717,0,1,0
9163,228.67,11,7.9,47.6,5.5576952363169445,1,0,1
9164,33.88,9,3.8,1.6,0.4117148698006361,0,0,0
9165,169.88,5,1.6,0.3,1.1452808161987855,1,1,0
9166,38.84,17,0.6,2.9,1.7943855715605492,0,1,0
9167,98.84,21,2.2,2.8,1.3914803611948043,0,1,0
9168,102.06,10,5.4,2.0,1.4010943564762146,0,1,0
9169,61.25,8,3.6,5.8,0.42011390713821417,0,1,0
9170,215.77,10,1.6,5.3,1.130410671582764,1,1,0
9171,114.48,6,5.8,3.4,1.7817726257194586,1,1,0
9172,23.19,6,0.6,4.5,0.8813870724441307,0,0,0
9173,122.12,12,4.2,1.9,0.3169024682951209,1,1,0
9174,14.75,11,2.2,2.9,1.094439039330095,0,1,0
9175,124.46,14,5.9,2.4,0.44204164786398503,0,1,0
9176,126.99,20,3.2,1.0,0.8345168097084177,1,1,0
9177,78.42,15,11.9,6.6,0.8561831508529258,0,1,0
9178,144.99,15,5.4,0.4,1.080954993838763,1,1,0
9179,178.81,17,4.6,0.2,1.0721438256744096,1,1,0
9180,151.11,0,15.4,1.5,0.44321852514885907,1,1,0
9181,113.08,9,6.7,0.4,0.9859924471306707,0,1,0
9182,41.87,14,3.2,0.2,1.3971422220503902,0,1,0
9183,75.3,12,5.3,1.5,1.2881710363375776,0,0,0
9184,342.12,6,14.5,27.7,6.16279509950729,1,0,1
9185,87.86,17,1.3,2.2,0.5601488372557348,0,1,0
9186,118.06,15,2.7,0.9,1.5861930233542427,0,1,0
9187,76.61,23,0.5,1.4,0.9668433485904019,1,1,0
9188,10.56,15,2.0,7.9,1.9691654825117137,0,0,0
9189,184.27,15,3.0,5.0,1.3118411349672523,0,1,0
9190,78.49,11,1.8,3.0,1.2786649751336872,1,0,0
9191,68.98,7,0.2,3.9,1.17066707134153,0,1,0
9192,157.41,19,0.8,0.7,1.096451282441943,1,0,0
9193,100.23,17,2.8,3.1,0.8781808025916995,1,1,0
9194,55.58,14,27.2,0.9,0.1,1,1,0
9195,121.8,18,3.7,8.6,0.5059509312772883,0,1,0
9196,101.81,11,5.3,3.8,0.9459476893147772,1,1,0
9197,87.66,10,2.5,10.8,1.026302950312489,0,1,0
9198,80.03,7,1.0,22.4,1.227031022967048,0,1,0
9199,73.71,8,2.3,2.5,0.7749275145355676,0,1,0
9200,232.85,11,9.7,2.5,1.3939978823794061,0,1,0
9201,35.11,9,2.0,1.9,1.173925801080129,1,1,0
9202,34.27,14,3.6,2.2,0.7614427167871378,0,1,0
9203,24.32,11,7.5,1.1,0.9271604493017499,1,1,0
9204,54.71,13,3.0,1.0,0.8405222473451138,0,0,0
9205,144.54,7,4.4,8.3,0.4357287366245174,0,1,0
9206,121.62,16,5.8,1.7,0.3262340188180469,0,1,0
9207,32.12,15,6.5,1.4,0.9957889804701598,0,1,0
9208,94.13,16,7.6,0.6,0.5836460033928104,0,1,0
9209,5.12,10,5.5,8.1,1.1190392449194777,0,1,0
9210,88.04,10,2.8,1.5,0.6807425300079004,0,1,0
9211,21.53,15,7.6,0.4,0.6047960408945735,0,1,0
9212,159.34,15,1.0,8.3,1.2344706650400075,1,0,0
9213,63.13,18,6.0,0.5,1.1996723772238802,0,1,0
9214,103.06,18,17.0,6.9,1.7541247243052345,0,1,0
9215,31.02,14,11.7,0.9,1.0205108704704189,0,1,0
9216,111.55,16,2.4,4.2,1.050603901980367,0,1,0
9217,115.42,16,6.2,0.3,0.6105459555010577,0,1,0
9218,50.66,17,5.2,2.7,0.8159115193597909,0,1,0
9219,60.32,19,3.2,7.8,0.8403796091798451,1,1,0
9220,39.51,10,9.2,0.1,0.8232005320565831,0,1,0
9221,95.87,13,20.8,0.3,1.3834506265476707,1,1,0
9222,55.13,9,5.9,5.8,1.3855260708929908,0,1,0
9223,265.42,13,3.8,2.8,0.8435623051981709,0,1,0
9224,34.89,6,2.6,3.5,0.7604208333810241,1,0,0
9225,39.11,9,6.7,1.2,1.1838565744171305,0,0,0
9226,60.22,12,5.2,3.5,0.779359657053146,1,1,0
9227,27.62,13,1.5,21.3,1.2808362915769693,0,1,0
9228,28.08,11,3.4,1.1,1.2592392378961104,0,1,0
9229,180.27,7,1.2,1.2,1.7748641006735564,1,1,0
9230,136.46,10,12.5,1.0,0.5194116395570794,1,0,0
9231,420.76,10,11.0,7.5,1.6184656822390875,0,1,0
9232,123.94,11,3.8,0.6,1.3038908511280176,0,1,0
9233,240.95,10,4.8,1.1,0.1,1,1,0
9234,155.67,12,10.9,0.9,1.35599864826147,0,0,0
9235,33.83,17,3.8,1.2,1.3118548743152176,1,1,0
9236,51.8,14,8.1,0.7,0.6045482624113138,0,1,0
9237,83.39,11,3.1,0.6,1.3636643999771252,1,1,0
9238,106.55,13,10.0,1.1,1.1445713616644302,1,1,0
9239,174.44,18,0.8,2.8,1.4319326887743749,0,1,0
9240,227.38,21,0.3,0.1,1.2291750573521214,0,1,0
9241,124.32,12,9.9,1.7,1.3691363457758698,0,1,0
9242,61.51,20,0.5,8.0,0.6051385960516742,0,1,0
9243,137.54,17,8.7,4.8,1.0709141072250314,0,1,0
9244,228.65,16,0.3,8.3,0.9754904928143754,0,1,0
9245,430.46,2,22.4,35.5,5.75709212137557,1,0,1
9246,93.12,13,18.7,2.5,1.2952655749002813,1,1,0
9247,35.91,13,13.5,0.1,0.7583089487630618,0,1,0
9248,90.53,19,8.5,1.5,0.9978922384054685,0,1,0
9249,41.61,13,1.0,4.3,0.9860615286355547,0,0,0
9250,162.95,11,0.4,1.8,0.29350755888458124,0,1,0
9251,89.15,13,2.1,4.3,1.4792675349738296,0,1,0
9252,41.25,18,3.3,0.2,0.9418023328316562,0,1,0
9253,42.4,9,1.4,1.5,0.6282083549168918,0,0,0
9254,51.85,10,8.5,0.3,1.2152465394862335,0,1,0
9255,184.61,13,1.3,1.4,0.7896227853602943,1,1,0
9256,1.78,7,0.5,1.8,1.2198281782924056,1,1,0
9257,96.61,12,6.4,2.5,0.8815306608806055,1,0,0
9258,59.66,9,0.9,4.0,0.969676085314075,1,0,0
9259,56.46,15,3.0,1.9,0.7729972140864954,0,0,0
9260,46.17,16,0.1,2.6,1.0105972145488311,0,1,0
9261,64.71,10,9.2,4.5,0.10643570589655615,0,1,0
9262,116.47,12,1.1,7.2,0.558259955411028,1,1,0
9263,44.79,22,0.7,0.1,1.155829254415947,1,1,0
9264,19.57,15,0.3,4.7,1.8084369078312532,0,1,0
9265,17.4,15,3.9,7.2,0.9800124583287498,0,1,0
9266,86.06,18,5.7,2.0,1.119408631421127,0,1,0
9267,75.0,9,0.6,2.8,1.1854297164522953,0,1,0
9268,141.07,11,16.3,4.5,1.3663580769837242,0,0,0
9269,21.13,19,7.5,1.7,0.6912758047682899,1,0,0
9270,57.69,19,0.4,4.0,1.0218024590060764,1,1,0
9271,66.94,17,16.3,0.5,0.9597382677151485,0,1,0
9272,76.15,10,5.9,2.3,0.7314947239183587,0,1,0
9273,37.21,20,0.1,1.1,1.113827612324462,1,1,0
9274,199.48,18,4.3,1.1,1.276229837002348,0,1,0
9275,30.2,8,5.6,0.3,1.2180865590933803,1,0,0
9276,20.65,16,1.4,1.0,1.509069644856976,0,1,0
9277,16.46,14,0.8,3.7,0.3566455470067853,0,1,0
9278,25.11,5,3.4,3.4,0.9326578126432638,0,1,0
9279,98.16,15,0.3,0.6,1.1244518043719116,1,1,0
9280,103.42,14,3.3,1.7,0.519126909458123,0,1,0
9281,33.45,11,1.3,0.9,1.2933816303303487,0,1,0
9282,165.34,9,35.0,24.3,1.9503843945417296,0,0,1
9283,63.85,18,0.4,0.1,0.6388054094955022,0,0,0
9284,20.06,13,6.7,2.9,1.52173978758566,0,1,0
9285,5.57,6,4.5,1.7,1.5063514484473854,0,1,0
9286,118.11,15,4.6,0.3,0.4978404857423525,1,1,0
9287,59.81,14,0.2,4.1,0.365402512060078,0,0,0
9288,3.05,15,3.9,2.0,0.828282764186479,1,1,0
9289,36.31,13,3.4,9.1,1.0677915081432385,0,0,0
9290,121.7,11,10.6,0.1,0.6509243490182819,1,0,0
9291,16.8,20,5.3,19.2,0.8470052163599818,1,0,0
9292,31.49,15,7.1,0.7,0.9878638701346004,1,1,0
9293,39.4,18,0.5,0.3,0.8365407597937706,0,1,0
9294,41.24,19,5.9,0.1,0.2777613873675957,1,1,0
9295,128.72,4,11.7,1.4,0.8490002154761529,0,1,0
9296,121.37,14,6.2,5.8,1.50321374393046,0,1,0
9297,16.17,11,1.3,5.1,0.2318658424309329,0,1,0
9298,100.78,20,0.6,0.3,0.20016780660151046,0,1,0
9299,205.01,14,1.9,1.2,0.9593239722237136,0,0,0
9300,69.45,16,5.2,0.9,0.5685275614674443,1,0,0
9301,113.71,13,2.0,1.4,1.351358831467053,0,1,0
9302,142.31,14,7.2,6.7,0.39017734147487415,0,1,0
9303,54.69,15,15.6,5.6,1.2329910283795333,0,0,0
9304,108.98,14,1.0,1.5,1.2572409171097778,0,1,0
9305,69.53,12,12.9,0.5,0.8939805199312953,0,1,0
9306,207.01,16,17.6,1.0,0.8067862665717679,0,1,0
9307,48.42,13,9.8,3.2,1.258123102068568,0,1,0
9308,81.17,7,1.6,2.3,0.7724372564124877,1,1,0
9309,251.03,18,20.4,4.7,0.5955134117432647,0,1,0
9310,134.73,16,0.7,0.4,1.604868192553266,0,1,0
9311,37.86,21,2.4,3.4,0.8189259445854995,0,1,0
9312,123.91,9,6.0,2.0,0.8187470160006033,1,1,0
9313,12.84,13,0.3,1.0,0.6275503731563858,0,1,0
9314,94.22,18,2.1,4.1,0.8713820522609034,0,1,0
9315,130.87,15,0.9,2.2,1.3964373745771503,1,1,0
9316,129.18,7,2.5,1.2,0.9894501623300118,0,1,0
9317,11.64,20,0.8,2.0,0.4589909492585519,1,1,0
9318,67.02,18,11.4,1.2,1.0217251737009656,0,1,0
9319,74.06,20,2.1,3.6,1.2372056296888856,0,1,0
9320,127.93,16,0.4,0.9,0.9483766842509562,0,1,0
9321,49.46,17,14.7,0.6,1.1258714390436066,0,1,0
9322,152.63,13,0.5,6.0,0.887556757213672,1,0,0
9323,40.83,20,1.0,0.3,0.5637647688832075,0,1,0
9324,69.22,14,5.7,5.3,0.700014326083135,0,1,0
9325,32.51,19,2.6,3.8,1.2862006581123304,1,0,0
9326,163.72,4,8.4,1.7,0.39603003841788587,1,1,0
9327,8.72,16,4.9,3.8,0.9247530664917243,1,1,0
9328,108.1,15,17.2,0.9,0.6904936842950815,1,1,0
9329,55.51,14,8.3,4.5,0.9859196084430852,0,1,0
9330,5.62,3,2.6,11.6,0.7528266643788832,1,0,0
9331,166.4,17,3.6,3.3,0.7321003710775151,0,0,0
9332,122.74,12,5.1,3.4,1.2437331067218955,0,0,0
9333,36.58,13,0.5,1.3,1.0481634378898335,0,1,0
9334,220.81,9,43.8,12.2,2.952819894120867,0,0,1
9335,29.31,9,0.3,4.7,0.7920324139359993,0,1,0
9336,35.39,14,0.8,2.6,0.4950604020801096,1,1,0
9337,333.42,11,14.5,18.4,4.23553517839697,1,0,1
9338,150.8,10,0.6,3.2,1.7150851017271358,0,0,0
9339,27.67,16,21.1,0.2,1.0382054341671871,1,1,0
9340,73.33,14,2.4,1.7,1.279306865905665,1,1,0
9341,118.16,12,1.2,9.1,1.0933260900374413,0,0,0
9342,33.93,15,1.0,10.9,0.6068083668089308,1,1,0
9343,90.06,8,2.6,2.7,1.1786532168258257,1,0,0
9344,96.69,20,2.6,2.6,1.0172288375923273,1,1,0
9345,93.23,14,2.9,7.1,1.4111964946960995,1,1,0
9346,63.28,17,3.5,6.8,1.5375910856743213,0,1,0
9347,66.33,12,2.2,0.8,1.2514321374187185,0,1,0
9348,62.66,16,5.1,2.6,0.8168116134869347,0,1,0
9349,411.85,22,1.6,3.0,2.8492101186269023,0,0,1
9350,40.64,14,1.1,5.1,0.8390962010729067,1,1,0
9351,64.59,17,2.0,1.7,1.1335839431150374,0,1,0
9352,162.47,9,0.5,1.1,0.9284057181090166,1,1,0
9353,60.29,13,22.7,6.8,0.920998183457046,0,1,0
9354,43.1,11,2.2,0.8,0.9108681995377423,1,1,0
9355,104.48,15,3.1,10.0,0.9270434485427885,1,1,0
9356,116.83,18,16.6,7.0,0.8523010576772058,0,0,0
9357,64.08,17,2.6,1.7,1.9031506807849934,0,0,0
9358,84.95,15,8.3,3.7,0.9001491042563984,1,1,0
9359,229.22,18,6.2,13.9,0.4377498381977307,0,1,0
9360,92.65,16,3.8,5.1,0.6240856291359274,0,1,0
9361,76.92,18,6.0,0.2,0.6907623159482572,0,1,0
9362,60.61,9,1.5,5.2,1.6225020812162612,0,0,0
9363,47.7,14,5.2,10.4,1.3433539120231501,1,1,0
9364,296.78,4,31.5,18.6,3.783663241176642,1,0,1
9365,29.66,10,1.9,5.0,0.3407998200842095,0,1,0
9366,19.7,15,3.4,3.1,0.9341678314079842,0,1,0
9367,117.37,16,1.4,5.0,1.310489410784272,0,1,0
9368,93.36,19,1.8,6.4,1.2371791308212736,0,0,0
9369,52.43,9,0.7,2.8,0.8796465366436406,1,1,0
9370,248.73,4,4.9,26.3,1.5,1,0,1
9371,24.79,15,8.0,1.6,1.2068212944028873,0,0,0
9372,110.21,13,16.3,0.5,1.4871939389296034,0,1,0
9373,76.77,12,2.2,3.6,1.1675517740624861,1,1,0
9374,91.25,14,0.5,0.6,1.3025936175911652,0,1,0
9375,122.73,13,3.5,5.3,0.9306053161005833,0,1,0
9376,118.31,9,4.3,8.4,0.48914075062148465,0,0,0
9377,57.67,10,3.1,1.2,0.627904491146729,0,0,0
9378,16.97,11,5.1,2.8,0.7073426015584648,0,1,0
9379,10.37,19,9.1,1.7,0.15166604260795447,0,1,0
9380,65.32,13,2.1,1.4,0.46344549069093377,1,0,0
9381,34.4,18,1.3,1.0,1.0773462582653233,1,1,0
9382,68.0,15,6.1,0.5,1.1501689623575766,0,1,0
9383,29.49,17,1.6,2.6,1.3750895998295671,0,1,0
9384,77.26,23,10.0,5.6,1.1693761680383572,0,1,0
9385,72.77,10,3.7,0.2,0.9104455722590495,0,0,0
9386,192.86,17,46.9,184.4,3.7232741627073844,1,0,1
9387,31.67,14,14.0,1.2,0.5725233113829232,1,1,0
9388,91.41,14,3.5,1.5,1.1768756005752583,0,1,0
9389,77.86,14,0.6,4.3,0.4544487181430865,0,1,0
9390,70.55,16,3.3,1.9,1.4908692705696467,1,1,0
9391,27.65,18,19.8,2.1,1.0746518141211543,0,0,0
9392,178.47,13,4.5,3.4,0.8591043813898979,1,1,0
9393,92.65,19,14.0,1.9,1.547591063115652,0,1,0
9394,150.19,12,0.9,1.9,0.589934264401978,0,1,0
9395,73.23,12,4.8,1.6,0.7256795871803757,1,1,0
9396,122.03,15,2.6,1.1,0.9446255830742853,0,1,0
9397,112.04,10,1.4,3.1,0.5418596075715055,0,0,0
9398,173.76,12,3.0,0.6,1.4493026419301474,0,0,0
9399,65.57,20,10.7,2.6,1.1340531213049678,0,1,0
9400,85.26,13,3.3,3.6,1.262425836542845,0,1,0
9401,14.51,11,0.8,0.9,0.6722078434264935,0,0,0
9402,291.62,11,2.8,0.6,1.0303805540596356,0,1,0
9403,95.64,15,3.2,0.5,1.2848549614852898,1,1,0
9404,126.07,12,3.4,2.2,1.4986223986844132,0,1,0
9405,36.84,16,1.9,3.3,0.5074198314762712,0,0,0
9406,139.22,13,0.1,0.2,1.0907961607549166,1,1,0
9407,246.71,14,3.6,0.2,1.1860245804391194,0,1,0
9408,196.72,14,4.9,1.3,1.433783976397297,0,1,0
9409,49.21,12,1.1,0.8,1.060314106872347,0,1,0
9410,104.57,16,0.0,4.2,1.6203943886399996,0,1,0
9411,45.65,15,3.3,3.4,1.838437863123331,0,1,0
9412,34.97,9,3.6,5.7,0.8895356330584071,0,1,0
9413,95.86,19,16.4,2.0,0.632795282405691,0,1,0
9414,132.26,20,6.1,0.1,0.617242835778868,1,1,0
9415,104.47,6,5.6,1.6,1.1359325683609727,0,1,0
9416,15.98,13,7.0,1.3,1.3108366137953182,1,1,0
9417,58.11,17,7.6,1.1,0.5555895105924227,1,1,0
9418,217.46,15,4.2,6.7,0.8061902096025769,0,1,0
9419,128.92,12,1.7,0.8,0.8117023716863648,1,1,0
9420,93.85,14,1.3,17.0,0.627827905682655,0,1,0
9421,31.98,12,3.4,0.4,0.14281339798600068,0,1,0
9422,79.41,11,5.8,3.4,0.23604131014245766,0,1,0
9423,57.32,9,0.1,1.8,0.7622123689684762,1,1,0
9424,107.82,11,4.0,1.6,0.924842415753955,0,1,0
9425,67.77,14,3.6,2.8,1.5988508132910675,1,1,0
9426,59.1,0,103.2,3.3,4.869132194152036,1,0,1
9427,90.26,12,15.0,0.0,1.069561266233337,1,1,0
9428,43.84,8,0.6,10.9,0.9510214208305817,0,1,0
9429,5.52,18,3.7,6.4,1.2416601429355227,1,1,0
9430,133.13,18,4.5,3.6,1.106848764167489,0,1,0
9431,71.18,14,9.7,0.6,0.11644214835269662,1,1,0
9432,65.62,15,11.8,4.8,1.3576670823727384,0,1,0
9433,521.71,23,14.7,2.9,8.024668032309336,1,0,1
9434,86.64,10,4.9,0.7,0.29672120857724193,0,1,0
9435,29.94,11,2.2,0.9,1.387698657334948,0,0,0
9436,12.23,17,8.0,1.1,1.4704855859795676,0,1,0
9437,58.87,15,1.4,0.6,0.5475566629343213,1,1,0
9438,28.18,15,3.4,2.1,0.8325669072546142,1,1,0
9439,166.53,13,7.5,3.7,0.40234957999747645,0,1,0
9440,25.79,6,5.5,1.3,0.5630027500761681,0,0,0
9441,100.15,21,1.8,6.4,1.2481828689062497,1,1,0
9442,82.58,8,3.5,6.0,0.7668238602584695,0,1,0
9443,27.48,12,3.3,0.4,1.5195389623832474,1,1,0
9444,105.14,20,0.2,2.3,1.2697772189686798,0,1,0
9445,115.85,13,1.2,0.8,0.7088762565028421,0,1,0
9446,91.15,9,1.1,0.1,0.8758231529333117,0,1,0
9447,6.02,13,0.7,0.5,0.7919068758115371,0,1,0
9448,104.44,17,1.0,0.7,1.1737347227091413,0,1,0
9449,72.05,22,2.5,0.0,0.9697382971053649,0,1,0
9450,156.89,9,0.6,0.4,1.3510996260064765,0,1,0
9451,76.55,19,26.7,2.0,0.5860363287394601,0,1,0
9452,83.04,13,3.8,1.3,1.490239414230626,0,1,0
9453,49.41,17,2.3,0.6,1.2343572593331196,1,1,0
9454,14.75,13,3.6,4.8,0.6688585016512529,0,0,0
9455,27.07,19,1.8,7.4,1.2891887487122196,0,0,0
9456,82.6,18,4.6,4.4,0.8586871833177394,0,1,0
9457,64.39,12,1.3,4.3,1.2058867716631598,0,1,0
9458,161.04,8,31.1,10.3,1.5302862699190842,1,1,1
9459,39.16,11,2.4,6.3,1.3421037786987025,0,1,0
9460,5.94,5,5.5,4.4,1.0162549147403137,0,1,0
9461,126.11,13,8.3,6.8,0.6662693182634167,0,0,0
9462,32.02,11,0.0,1.6,1.0461301648617314,0,1,0
9463,57.2,15,2.8,0.8,0.47249272328825953,0,1,0
9464,58.09,13,1.1,0.8,1.1591357738561214,1,1,0
9465,119.14,17,2.7,2.1,0.9685224985097188,1,1,0
9466,42.81,7,5.7,1.8,1.7453505711827502,0,1,0
9467,37.52,15,0.1,0.3,0.9030202815440374,1,0,0
9468,41.04,9,3.3,0.5,1.2360251488893255,0,1,0
9469,310.6,16,5.2,1.2,0.874327104477743,0,0,0
9470,58.95,14,13.8,9.4,0.6875846190426538,0,1,0
9471,121.35,22,0.7,2.8,1.2937906678860776,0,1,0
9472,33.45,14,3.4,2.7,1.2904845559192788,1,1,0
9473,127.21,10,5.0,1.6,1.504538997181986,0,1,0
9474,63.52,6,1.2,3.5,0.3796879114398021,0,1,0
9475,31.41,15,0.3,0.4,0.9726282278661599,1,1,0
9476,48.7,20,2.2,2.3,0.7224141671874806,0,1,0
9477,19.27,14,5.3,7.8,1.0298616707861494,1,1,0
9478,90.92,7,0.8,5.6,0.9475911813074398,1,0,0
9479,109.79,7,0.1,1.0,1.3911373359308168,0,1,0
9480,71.78,11,6.5,3.3,0.7869795150965821,1,0,0
9481,96.63,17,1.2,4.5,1.2316573464346852,1,1,0
9482,57.4,12,15.2,5.4,0.8459554887665778,1,0,0
9483,114.23,19,2.4,1.5,0.90796698384778,0,1,0
9484,117.21,15,9.2,1.6,1.2466323317742716,0,1,0
9485,110.48,10,7.4,6.2,0.955209935729245,0,1,0
9486,70.64,15,4.7,0.6,1.2535203496473164,0,1,0
9487,217.58,8,5.7,1.3,0.948251709434611,0,1,0
9488,89.28,11,0.4,13.4,0.5625416273620927,0,0,0
9489,42.58,14,0.4,0.1,1.0936829225976175,0,1,0
9490,36.74,12,25.4,2.8,0.9642167320626569,0,1,0
9491,53.6,8,3.1,0.8,0.6405978552919696,1,1,0
9492,122.81,1,7.1,0.4,0.8488312023459201,0,1,0
9493,385.77,5,40.7,17.1,4.618513876070215,1,1,1
9494,74.59,10,0.8,1.1,1.0633609173475118,1,1,0
9495,16.0,21,0.9,3.9,1.110631433396047,1,1,0
9496,20.23,11,0.3,4.2,1.3972509070291173,1,1,0
9497,439.5,13,2.0,1.3,1.1809407149963325,1,1,0
9498,39.37,18,0.6,1.0,1.3170778828422602,1,1,0
9499,53.06,15,1.6,17.5,1.624140701169201,0,1,0
9500,58.4,15,0.2,6.7,0.6967577886265631,0,1,0
9501,101.8,10,33.3,2.2,0.6656890143093164,0,1,0
9502,48.09,16,2.7,1.2,1.5592538618192853,0,0,0
9503,69.36,8,3.1,4.1,0.8080819255336993,0,1,0
9504,83.27,9,0.1,6.8,0.6707480314006311,1,1,0
9505,279.93,22,47.7,5.0,1.5,1,1,1
9506,50.16,7,1.9,1.3,1.4852501693225508,1,0,0
9507,36.27,8,7.9,2.1,0.7230096693907366,0,1,0
9508,35.03,11,24.4,2.4,0.8667621097496462,1,1,0
9509,76.29,8,4.5,6.9,1.4936403153164255,0,1,0
9510,81.33,15,3.6,8.8,1.0686879305307049,0,1,0
9511,47.7,19,1.1,5.7,0.6701768628291761,1,1,0
9512,30.76,19,0.1,1.3,0.9158456006541593,0,1,0
9513,193.38,23,3.0,5.9,0.845699824633664,0,1,0
9514,222.59,22,2.2,2.1,0.3156129454530493,0,1,0
9515,132.2,12,1.8,0.2,0.6562768551941455,1,1,0
9516,77.83,19,14.2,6.0,1.5271708993745907,1,1,0
9517,54.17,16,1.9,4.1,1.5690668707120805,1,1,0
9518,16.52,12,5.1,0.7,1.7051162498890116,1,1,0
9519,105.52,8,0.9,1.9,0.8937391536298747,0,0,0
9520,102.33,14,19.0,0.2,0.5237626358642995,0,1,0
9521,19.14,9,1.5,1.6,1.092803113021486,1,1,0
9522,44.65,18,0.6,11.0,1.397872268471283,0,1,0
9523,64.84,18,1.4,2.6,0.8905809118872821,0,1,0
9524,38.74,5,6.0,2.2,1.2967736539760857,0,1,0
9525,26.76,4,4.4,2.4,0.4265097643065624,0,1,0
9526,51.99,16,13.4,0.7,1.2725070222268386,0,0,0
9527,22.77,21,3.2,3.1,1.1846512791578967,0,1,0
9528,28.78,19,8.1,1.9,0.6243893734506438,1,1,0
9529,70.99,21,12.9,2.3,0.7062001490654937,0,1,0
9530,73.16,15,3.9,0.2,0.4824007092632049,1,1,0
9531,81.0,15,5.1,7.3,1.6162285030951353,0,1,0
9532,130.44,6,5.6,1.3,0.8057666468384841,0,1,0
9533,101.38,13,6.3,3.7,1.561267653383589,1,1,0
9534,118.85,14,10.8,0.5,0.34809033812986734,0,1,0
9535,62.0,13,5.7,1.7,0.38026928245610403,0,1,0
9536,27.94,9,5.9,1.1,1.5929694493726108,1,0,0
9537,75.63,11,0.8,2.4,1.085444500975364,0,0,0
9538,19.81,5,3.0,3.9,1.3953513479397988,0,1,0
9539,108.09,7,8.5,0.2,1.0678110445154787,0,1,0
9540,98.59,16,0.7,4.5,0.8568927164405893,0,1,0
9541,18.66,15,3.5,1.9,1.2320094294652266,1,1,0
9542,72.96,23,0.3,1.6,1.0128030608953695,0,0,0
9543,21.55,16,5.2,3.6,1.1738906384500722,0,0,0
9544,148.18,15,4.1,0.8,0.6154660665918721,1,1,0
9545,52.0,21,2.3,3.6,1.8763657402781742,0,1,0
9546,46.45,13,4.6,0.1,0.30934039116078627,0,1,0
9547,77.5,9,3.7,0.6,0.6742999770450565,0,0,0
9548,30.36,11,1.0,0.5,0.8699154078597638,0,1,0
9549,135.56,16,14.6,1.6,0.7951544843168306,0,0,0
9550,45.94,13,6.4,0.7,0.45932908077091583,0,1,0
9551,26.56,12,0.9,1.5,0.8285383108773701,1,0,0
9552,73.19,13,0.4,1.6,1.135037600836109,1,1,0
9553,55.9,11,0.9,2.6,1.4096464988511526,0,1,0
9554,171.79,11,2.6,1.4,0.6659824365229663,0,1,0
9555,84.8,12,0.3,0.9,0.6513651800043516,1,1,0
9556,239.33,9,2.0,0.2,1.5399767509338194,0,1,0
9557,79.91,10,1.1,3.4,1.288299314407369,1,1,0
9558,144.19,18,1.0,0.2,0.6651177750688313,1,1,0
9559,120.76,10,1.5,2.4,1.9904731254879549,0,1,0
9560,123.2,16,0.6,10.0,1.0045919622004165,0,1,0
9561,119.4,7,5.1,3.7,1.782091831825513,1,1,0
9562,17.68,14,2.7,0.9,0.4149455752031771,1,1,0
9563,150.99,8,1.3,0.8,0.435680265540886,0,0,0
9564,30.5,11,2.9,2.5,0.3484134678040871,0,1,0
9565,72.3,5,1.2,1.2,0.7817207628931035,0,1,0
9566,74.36,11,8.5,6.4,1.502609478872817,0,1,0
9567,56.0,10,2.7,5.3,0.5294568320484803,0,1,0
9568,39.06,4,25.8,1.0,1.19530112271323,0,0,0
9569,68.2,12,1.2,6.3,1.644857379553343,1,1,0
9570,41.23,5,2.2,2.2,1.1180198218909179,1,1,0
9571,102.82,16,2.6,0.1,0.2383567995622805,0,1,0
9572,27.63,18,2.3,1.2,0.17066206930257888,0,1,0
9573,75.56,14,4.2,1.3,0.5551081565412916,0,1,0
9574,80.29,13,10.3,3.6,0.944759688402282,1,1,0
9575,119.85,15,4.2,1.5,1.1312979389762015,1,1,0
9576,115.1,9,6.8,2.1,0.7913749158955222,1,1,0
9577,65.66,16,5.9,1.2,0.5673708165961349,0,1,0
9578,120.92,17,1.6,0.5,1.0748129820915449,0,1,0
9579,45.99,12,4.4,0.7,0.9467803241896856,0,1,0
9580,103.9,15,4.8,6.6,1.4427473452041117,1,1,0
9581,44.91,15,12.5,1.2,0.9381214582106828,0,1,0
9582,14.74,12,9.5,0.5,1.4187768157794545,1,0,0
9583,52.16,8,0.2,7.2,0.5727515590367933,1,1,0
9584,30.63,17,4.1,2.0,1.5245287633804034,0,0,0
9585,47.91,15,0.4,5.9,0.5843128273099569,0,0,0
9586,16.8,14,2.4,1.2,0.2152284274217925,0,1,0
9587,94.82,20,4.1,0.8,0.710762502094789,0,1,0
9588,181.15,17,4.0,2.5,0.7973686191407977,0,1,0
9589,13.06,10,0.1,3.7,1.213968237584885,0,1,0
9590,55.71,9,3.6,2.5,1.1712807659645061,0,0,0
9591,102.33,16,2.6,1.7,0.232226854989647,0,1,0
9592,132.11,14,0.0,1.4,1.1203021544101008,1,1,0
9593,121.19,19,6.7,0.7,0.24833438176934153,0,1,0
9594,23.01,12,0.4,1.2,0.9145534385937777,0,1,0
9595,39.96,15,3.0,1.9,0.4391020949627631,0,1,0
9596,69.01,13,0.1,1.0,1.3462590727453998,0,0,0
9597,47.95,9,14.5,2.1,0.9345103548604919,0,0,0
9598,91.41,3,24.3,3.8,1.0229174177299238,1,1,0
9599,41.19,4,18.1,2.9,0.7514042456618206,1,1,0
9600,90.88,14,5.9,9.2,1.8137196038558925,0,1,0
9601,29.28,14,9.8,0.7,1.556646888953142,0,1,0
9602,82.08,14,2.5,0.4,1.0415176749784794,1,1,0
9603,47.08,21,10.8,0.8,0.9743402192129916,0,0,0
9604,26.31,13,9.2,4.5,1.1804916245974164,0,1,0
9605,116.77,14,2.6,1.5,0.9773613578314538,0,1,0
9606,212.07,7,3.0,2.4,0.4710244548784469,0,1,0
9607,9.37,13,15.2,0.6,1.4099904872442868,0,1,0
9608,184.33,10,0.4,1.7,0.9899710968870141,0,1,0
9609,60.6,11,12.5,1.4,0.8723472377508794,1,1,0
9610,112.18,22,18.2,5.0,0.7414049991702428,1,1,0
9611,103.35,15,3.4,1.0,0.8778831550261121,0,0,0
9612,65.48,15,3.6,10.5,0.9323497954178872,0,1,0
9613,97.86,12,3.6,0.9,0.5849408124368769,0,1,0
9614,23.83,19,3.4,0.0,1.0038183658737336,0,1,0
9615,439.99,4,39.8,20.3,4.496018814076503,0,0,1
9616,37.23,12,1.8,7.6,0.42187816191281335,0,0,0
9617,69.92,22,36.9,30.3,4.246402083558328,1,0,1
9618,28.88,16,4.2,1.4,0.8127000643410252,0,0,0
9619,60.97,15,1.7,3.4,1.1366478601392904,0,1,0
9620,182.32,5,0.5,0.9,0.4450220370833563,0,1,0
9621,114.27,15,2.1,4.1,0.4376590777380952,0,1,0
9622,147.76,18,1.8,2.1,0.9070715379187786,0,0,0
9623,183.59,16,1.7,1.8,1.6054738218837996,0,0,0
9624,57.53,18,15.4,0.6,1.081192712979836,0,1,0
9625,48.84,11,2.2,1.8,1.1114703009368199,0,1,0
9626,68.19,12,1.6,14.4,0.8063501504823545,0,1,0
9627,45.64,14,6.3,1.2,1.5903669663097304,1,1,0
9628,126.41,10,4.5,1.8,1.2624819883828318,0,1,0
9629,101.96,17,11.3,3.9,0.7440934158799528,1,1,0
9630,86.86,12,1.2,1.5,1.0805520226521363,0,1,0
9631,42.61,13,3.2,0.8,1.1368926429876318,0,1,0
9632,94.9,10,3.1,1.2,1.6728938647658982,1,1,0
9633,57.87,16,2.4,1.2,1.1060141616779615,0,1,0
9634,152.07,16,11.3,5.1,0.4266776553038213,0,1,0
9635,5.55,14,17.5,1.5,0.787056604540405,0,1,0
9636,78.69,11,5.8,7.2,0.5527293892550953,0,1,0
9637,121.58,15,3.6,0.0,1.00039975626846,1,0,0
9638,128.64,18,7.3,0.3,0.8500009206788129,0,1,0
9639,142.83,14,2.2,0.1,0.7975423486135327,0,1,0
9640,118.08,20,0.7,0.2,0.8231113208928635,1,0,0
9641,71.13,20,0.3,1.4,0.7490671164189524,0,1,0
9642,46.01,14,0.8,2.3,1.3744686053694726,0,1,0
9643,30.28,21,1.6,3.4,0.9210843133088694,1,1,0
9644,31.3,16,14.3,1.6,1.0411063203637776,0,0,0
9645,145.99,11,1.5,0.2,1.1252252859426657,1,0,0
9646,12.83,18,7.0,0.4,0.28344943550275503,0,1,0
9647,100.11,18,5.0,0.3,0.6751253046524794,0,0,0
9648,48.24,23,1.3,4.1,0.40005512445183145,1,1,0
9649,218.51,11,12.8,7.9,1.37875332530096,0,1,0
9650,56.56,14,2.1,0.7,0.5591198196198888,1,0,0
9651,134.39,12,4.4,0.5,1.1964388222009008,0,0,0
9652,264.18,18,7.9,3.2,0.9294039950060151,1,1,0
9653,138.9,11,2.0,2.2,1.0809585318871646,0,1,0
9654,85.38,13,2.7,6.3,0.3958554962050498,0,0,0
9655,158.66,10,1.9,3.2,0.6900898119848492,0,1,0
9656,13.17,13,6.9,0.7,0.7477933258284555,1,0,0
9657,71.31,18,4.9,1.7,1.1608912841427874,0,1,0
9658,114.68,14,3.8,0.4,0.8444278850368463,1,1,0
9659,93.56,13,6.2,3.4,1.0080541488003232,0,0,0
9660,99.09,12,0.8,0.1,1.3886523574597784,0,1,0
9661,88.54,12,4.3,2.1,0.7340231169439912,1,0,0
9662,7.54,9,0.0,0.3,0.5170986375072328,0,1,0
9663,54.36,22,0.8,0.2,1.1645112107458,0,1,0
9664,87.78,13,0.1,6.6,1.2854962456410624,0,0,0
9665,91.52,13,4.3,1.1,1.266653920770864,1,1,0
9666,116.78,19,4.1,1.4,0.6104351136095185,0,1,0
9667,64.49,5,5.9,3.4,1.0075629957421839,0,0,0
9668,8.14,11,8.7,3.8,0.80918826151478,1,0,0
9669,19.41,10,3.8,4.6,0.8956984225388036,1,0,0
9670,97.6,16,5.0,2.1,1.2512954022558074,1,1,0
9671,108.37,9,17.3,1.9,1.0965356771910388,0,1,0
9672,61.67,10,2.0,2.2,1.2141272181209641,0,0,0
9673,37.09,15,3.9,0.1,0.5994342346311161,1,1,0
9674,230.92,15,15.2,5.3,1.0209681943732725,1,1,0
9675,86.78,14,32.5,5.3,0.8889753892300453,0,1,0
9676,212.7,8,2.3,5.8,0.9033252136495173,1,1,0
9677,31.29,12,15.0,0.2,1.3208472504813646,1,0,0
9678,9.78,15,2.9,3.1,0.33429973169701743,1,1,0
9679,11.34,12,2.9,2.6,1.3566815885575747,0,1,0
9680,38.54,11,0.5,3.2,1.0616389780226638,1,1,0
9681,249.16,23,0.1,7.2,1.4622966761450704,0,1,0
9682,254.32,11,3.3,1.7,1.2592140799912974,0,1,0
9683,42.76,19,8.3,1.3,1.0592461918077973,0,0,0
9684,43.18,10,0.8,21.2,1.321360412583173,0,1,0
9685,61.02,13,2.8,5.0,0.9631278267052725,1,1,0
9686,174.51,14,8.5,2.3,1.201883720144452,1,0,0
9687,88.04,13,5.7,1.7,1.2264202600120206,0,0,0
9688,74.52,13,9.2,1.4,0.5562869216336035,1,1,0
9689,61.69,9,1.6,2.1,1.5232105820652766,1,0,0
9690,193.12,9,3.3,3.5,0.5427933474230104,0,1,0
9691,85.06,9,0.2,1.1,0.9779801508651823,0,1,0
9692,103.65,16,0.6,1.0,0.7273020175464393,0,1,0
9693,90.65,18,2.0,1.0,1.0498402403903793,1,1,0
9694,28.47,18,1.5,4.1,1.041463770804021,0,1,0
9695,25.18,9,1.1,3.4,0.9459797414542829,0,1,0
9696,79.68,23,7.3,4.6,1.1174081970151961,0,1,0
9697,126.54,11,11.5,5.6,1.2434828366686903,0,1,0
9698,62.9,9,4.4,2.2,0.987435615192266,0,1,0
9699,209.21,17,19.7,70.8,4.643224075911475,0,0,1
9700,141.93,10,3.2,3.4,1.5794265612607667,0,1,0
9701,123.69,0,112.4,14.9,5.691893580421647,1,0,1
9702,69.82,6,0.1,2.2,1.1835821380593843,0,1,0
9703,32.51,12,1.5,1.7,1.103089907423161,1,0,0
9704,82.45,16,5.4,0.8,1.0997601960400392,0,1,0
9705,42.78,23,3.3,1.2,0.8804215432358532,1,1,0
9706,86.48,12,5.9,11.3,1.0826118108500609,0,1,0
9707,117.87,20,7.7,0.6,1.087921015998245,1,1,0
9708,201.22,14,5.5,1.9,0.9772042239484506,1,1,0
9709,33.41,14,12.4,2.9,1.823670193150582,0,0,0
9710,1.04,17,10.1,3.3,1.7581328504745262,0,1,0
9711,13.67,15,2.5,0.7,0.1,1,1,0
9712,46.4,14,0.4,9.3,1.1248016655689066,1,1,0
9713,22.66,9,13.9,1.0,0.9187309774332297,0,1,0
9714,223.63,1,26.6,17.5,5.693514907026946,0,0,1
9715,186.94,15,8.5,0.8,0.5849365353747396,0,1,0
9716,115.11,7,3.7,1.4,1.210201049893603,1,1,0
9717,135.15,14,5.3,1.3,0.8067756167197964,0,1,0
9718,17.32,19,6.1,3.1,1.2595975184591544,1,1,0
9719,29.4,11,1.2,1.4,0.3552532073746204,0,1,0
9720,46.62,19,10.4,5.3,0.7862305183905237,0,0,0
9721,3.19,17,1.1,5.9,1.0401572705769357,0,0,0
9722,93.66,11,2.4,2.5,1.331955783078367,0,1,0
9723,100.35,8,2.1,4.7,0.8169590908200649,1,0,0
9724,16.8,13,4.8,0.0,0.9653929176820435,1,1,0
9725,328.08,9,9.7,1.8,1.1293503846312887,0,0,0
9726,55.0,17,2.9,2.4,1.289570322151635,0,0,0
9727,183.47,16,3.1,0.7,1.0108624945400704,0,1,0
9728,53.66,4,11.6,6.8,0.8936971131305367,1,1,0
9729,53.84,19,9.6,11.1,1.7081088182613726,1,1,0
9730,157.56,19,3.5,9.9,1.439522223599591,0,1,0
9731,86.83,10,6.6,0.7,1.0053501037118255,1,1,0
9732,31.46,17,4.4,2.9,1.4848564941943256,0,1,0
9733,27.03,8,0.1,2.1,0.9327965077992237,0,1,0
9734,40.07,18,0.2,1.4,0.8759834807899042,0,1,0
9735,14.95,14,1.0,0.2,0.8162097087355421,0,1,0
9736,67.87,11,15.4,0.5,0.9202901764877075,0,1,0
9737,109.03,13,0.6,1.3,0.6159759102234986,1,1,0
9738,62.52,10,1.7,1.1,1.4085504172127647,1,1,0
9739,45.34,13,2.8,0.9,1.1121544775827636,0,1,0
9740,55.82,13,19.3,0.8,0.8817004203425859,1,0,0
9741,157.55,16,3.6,1.1,0.5899068355498058,0,0,0
9742,143.45,15,10.7,3.0,1.5213481811248566,0,1,0
9743,87.97,19,0.0,1.6,1.1909859561859315,1,0,0
9744,209.44,11,15.6,0.3,1.037736483870785,0,1,0
9745,42.84,20,0.1,1.3,1.6244606342273458,0,1,0
9746,62.24,9,6.5,1.4,0.8399876661487502,0,1,0
9747,36.23,14,5.1,0.6,0.9667881865054034,0,1,0
9748,334.14,20,10.3,0.3,1.1816542831241172,0,0,0
9749,13.09,15,0.1,1.5,0.9810096436406781,1,1,0
9750,121.65,18,0.1,1.2,1.303150494315913,1,0,0
9751,57.76,17,0.2,1.3,1.2850114094472538,1,1,0
9752,163.18,7,3.7,3.6,1.3141837435751178,0,0,0
9753,68.91,9,3.5,4.4,1.4272721474077197,0,1,0
9754,86.32,17,1.1,2.3,0.9920745842486225,0,1,0
9755,24.18,17,5.5,3.0,1.592561675409014,0,1,0
9756,271.71,11,0.2,0.4,1.5340275305153392,0,0,0
9757,135.57,12,9.5,1.4,1.415700472453925,1,1,0
9758,119.18,7,7.5,9.2,0.725493770705768,0,1,0
9759,48.96,19,6.2,10.8,0.9822044456482288,0,0,0
9760,14.24,16,1.1,3.8,0.6175170689328258,0,1,0
9761,81.13,16,2.9,0.7,1.0805147661456327,1,1,0
9762,124.79,13,7.4,4.6,1.0134180440388536,0,0,0
9763,54.71,16,3.3,0.7,0.6156055054159428,0,1,0
9764,61.47,9,20.4,2.5,1.0622255131447027,1,1,0
9765,262.56,13,0.2,2.0,1.4434778415513179,1,1,0
9766,38.31,6,0.2,3.5,0.6522183317207357,0,0,0
9767,52.19,12,6.4,4.7,1.5145619010273976,0,1,0
9768,90.1,12,8.5,3.5,0.85869018309589,1,1,0
9769,38.48,12,0.1,0.0,1.295283604170516,1,1,0
9770,24.54,17,2.3,3.1,0.5276155427714049,1,1,0
9771,172.09,18,0.2,2.4,0.7521300715617556,0,0,0
9772,113.72,16,4.0,1.6,0.9518533140194771,1,1,0
9773,87.23,8,6.3,2.6,1.746918001142821,1,1,0
9774,107.07,14,1.3,0.1,0.9436461175952893,0,1,0
9775,37.46,19,6.3,6.8,1.7398415085186825,1,1,0
9776,131.67,10,0.8,12.8,1.17746973989742,0,1,0
9777,41.92,22,5.9,1.3,1.2435793609131292,1,1,0
9778,51.53,15,4.0,0.2,1.0482592807910949,1,0,0
9779,98.84,15,1.8,5.0,1.47641528496879,0,1,0
9780,127.72,15,2.5,3.3,1.070872390575198,1,1,0
9781,76.25,10,0.5,0.5,1.3716184457668328,0,1,0
9782,97.73,17,3.3,5.5,0.6990750858478093,1,0,0
9783,159.78,17,0.5,0.5,0.8462349863718291,0,1,0
9784,59.92,7,14.9,5.9,1.0576356899024217,0,1,0
9785,158.17,11,3.2,1.3,1.1317705807240963,0,0,0
9786,41.78,15,7.2,0.1,0.33542867361629036,1,1,0
9787,149.15,15,6.7,3.8,0.29985864415149777,0,1,0
9788,170.38,16,8.0,0.4,1.0052001284612408,1,0,0
9789,151.63,15,0.4,9.3,0.9044631929284069,0,1,0
9790,115.66,17,6.4,2.2,0.5973678563080103,1,1,0
9791,54.8,16,1.1,5.3,1.4226005585440946,0,1,0
9792,115.83,14,1.9,6.1,0.63892267673402,0,1,0
9793,56.51,14,11.5,0.5,1.1578335650385756,0,1,0
9794,108.54,7,0.1,2.8,1.2361253994581467,0,1,0
9795,10.37,11,0.1,5.8,0.8344996512023226,0,1,0
9796,84.5,5,5.6,0.4,1.2674577080429168,0,1,0
9797,39.48,9,2.9,4.0,0.8685205542934,0,0,0
9798,24.38,13,19.8,1.3,0.5692178868127933,1,1,0
9799,90.23,8,1.3,0.6,1.145234472259151,0,1,0
9800,64.79,15,7.8,1.2,1.2280421946459863,0,0,0
9801,74.92,18,5.9,2.7,0.8706390044632732,1,1,0
9802,59.18,14,6.2,7.6,1.2292429308549222,0,1,0
9803,83.99,10,3.9,0.4,0.22018380708291518,1,1,0
9804,40.23,10,1.8,5.9,1.255947425471993,0,0,0
9805,82.73,11,6.1,1.1,1.0689123889184222,0,1,0
9806,134.51,6,0.7,0.3,0.684095496664374,0,1,0
9807,183.77,19,1.2,1.8,1.282904485012761,1,0,0
9808,116.08,19,5.7,0.8,0.771326928932029,0,0,0
9809,78.94,10,1.7,6.8,1.2832132749369265,0,1,0
9810,19.27,12,7.1,0.2,0.5097109384030014,0,1,0
9811,45.57,16,12.9,3.9,0.8551608095445431,1,1,0
9812,90.89,16,1.5,4.8,0.7235341480396145,0,1,0
9813,163.16,17,7.8,4.0,0.6534534326636787,0,0,0
9814,42.84,22,5.1,6.0,1.2901864240448886,0,0,0
9815,131.8,15,10.2,3.8,0.9351275746345172,1,1,0
9816,66.09,11,2.7,1.9,0.360047728609348,0,1,0
9817,342.76,23,7.9,12.2,5.998626273551496,0,1,1
9818,42.51,14,12.8,7.7,1.4117114088939025,0,1,0
9819,38.65,14,18.7,0.1,0.7953656901969473,1,1,0
9820,23.88,16,4.8,1.9,1.198263074565792,1,1,0
9821,173.53,11,1.6,9.5,0.39191187177100495,1,0,0
9822,75.91,23,23.4,0.3,1.0656812338347668,0,1,0
9823,161.41,7,2.8,0.9,0.8368534751323142,1,1,0
9824,149.51,7,0.2,0.0,1.6424513720708118,0,1,0
9825,29.02,13,2.5,0.1,0.6719967354714163,0,1,0
9826,120.81,22,2.6,5.3,0.5872680637641706,1,1,0
9827,108.65,19,4.2,5.5,1.066919553597887,0,1,0
9828,80.71,6,11.2,7.7,1.9494420499953131,1,0,1
9829,104.1,17,24.3,8.9,0.906686676483403,0,1,0
9830,164.0,15,1.0,5.7,0.3964681023728005,0,0,0
9831,100.27,9,8.3,0.2,1.2738697086740436,0,0,0
9832,62.44,11,5.1,1.4,0.9585253624987496,1,1,0
9833,52.66,6,0.2,1.0,0.7176401296219661,0,1,0
9834,62.36,9,2.6,2.1,1.1635622451815624,1,1,0
9835,85.53,13,3.6,4.8,1.5113405911779396,0,1,0
9836,135.79,18,0.1,2.9,0.5007544205394242,1,0,0
9837,288.63,13,1.4,0.5,1.2922179011183152,1,1,0
9838,37.04,7,0.5,0.5,1.1662289497217933,0,0,0
9839,67.12,16,3.3,2.7,0.76245589845195,1,1,0
9840,72.54,10,2.4,0.8,1.4384358350153765,0,1,0
9841,158.56,18,3.7,6.1,1.0509871156949784,0,1,0
9842,30.62,15,1.7,0.7,0.8359885117030375,0,1,0
9843,90.34,17,2.9,0.2,0.5917290612017098,0,0,0
9844,76.95,16,3.6,11.7,1.2789299535796075,1,1,0
9845,207.15,19,0.5,2.9,1.645015489014214,1,1,0
9846,94.06,17,3.9,3.7,0.7054316645131895,0,1,0
9847,113.72,15,2.2,0.7,1.6854996536779914,0,1,0
9848,32.69,12,0.1,4.1,1.0267461631694486,0,0,0
9849,36.64,7,2.5,7.9,1.2820219490496245,1,1,0
9850,164.35,21,1.7,2.3,1.39165739335769,1,1,0
9851,169.06,12,0.8,1.8,1.2567534339598598,0,1,0
9852,58.24,14,12.6,4.1,1.498744540638222,0,1,0
9853,99.1,12,2.6,0.0,0.85610944240421,0,1,0
9854,135.55,9,53.3,21.3,1.5,0,0,1
9855,165.49,20,13.1,1.4,1.8651735013065063,0,0,0
9856,169.49,14,8.6,5.2,0.8928190705164976,0,0,0
9857,48.76,19,9.8,0.2,0.7223943172182461,0,0,0
9858,23.4,7,5.4,2.7,1.0413166421682372,0,0,0
9859,71.09,13,3.3,0.5,1.506492303328296,0,1,0
9860,72.71,9,2.4,1.7,0.6621824482681673,0,1,0
9861,70.38,8,5.8,6.4,1.787833022989389,0,1,0
9862,262.79,13,1.7,1.1,1.256756702035319,0,0,0
9863,78.18,8,4.8,1.1,0.9404135970432771,1,1,0
9864,39.45,12,2.1,4.6,0.8173089582640807,0,1,0
9865,181.51,10,0.3,3.9,0.8342849144717788,0,1,0
9866,151.11,11,1.2,2.9,0.9856470330233034,1,1,0
9867,85.18,11,4.6,1.5,0.7176247147003698,1,1,0
9868,48.12,14,9.5,0.5,0.7589636459303861,0,0,0
9869,27.86,16,3.4,1.0,1.4798159852992678,0,1,0
9870,94.67,19,1.8,1.6,1.6493637688113356,1,0,0
9871,93.77,9,2.0,1.8,1.1748548799820384,1,1,0
9872,111.53,11,6.2,2.1,1.4415524304257752,0,1,0
9873,54.11,16,0.8,0.3,0.6362982622936881,1,1,0
9874,43.38,13,1.0,0.6,1.3669896757186524,0,0,0
9875,83.23,17,0.4,1.3,1.4275601352380154,0,1,0
9876,76.61,20,2.1,1.6,1.1372590916240946,0,1,0
9877,46.74,12,14.8,0.8,1.2492024691840047,1,1,0
9878,14.35,13,1.7,1.9,1.459553009442427,1,1,0
9879,38.08,16,16.5,1.0,0.593461486948644,0,0,0
9880,54.62,13,8.2,0.2,0.6365623482728942,0,1,0
9881,180.87,14,3.6,4.4,1.5813486832721235,0,1,0
9882,91.14,11,26.0,2.9,1.773931583063593,0,1,0
9883,27.7,14,7.4,7.0,0.10690629773001714,0,1,0
9884,312.67,21,6.6,0.4,1.4590016913395056,1,1,0
9885,63.16,11,5.9,1.7,1.2521950179772596,1,1,0
9886,172.12,16,8.8,3.8,0.5511652173051033,1,1,0
9887,44.26,17,2.9,1.4,1.3315897165084336,1,1,0
9888,2.81,10,2.7,2.6,0.9023059192691925,0,1,0
9889,15.22,13,1.7,0.3,0.45275263811719313,0,1,0
9890,39.2,14,4.1,0.9,1.2895389393158037,0,1,0
9891,124.82,16,4.3,3.0,1.0086701873935462,0,1,0
9892,6.28,10,2.4,0.5,1.21358325903539,1,1,0
9893,82.53,15,5.9,8.3,0.8410394036983891,1,1,0
9894,103.54,7,2.4,2.9,1.077660379632265,0,1,0
9895,88.09,12,1.7,0.3,0.6306502507139635,0,1,0
9896,95.5,9,1.4,0.6,1.7401133574496486,1,1,0
9897,87.85,6,8.5,5.2,0.8517695387428632,0,1,0
9898,199.94,5,8.2,0.4,0.8105746166788201,0,1,0
9899,19.02,14,2.4,2.4,0.5618978844415949,0,1,0
9900,41.66,15,4.1,5.3,0.8501665696475607,1,0,0
9901,43.1,9,7.4,2.6,1.1602002837105647,0,1,0
9902,48.29,12,2.3,1.9,1.0096456710912998,0,1,0
9903,98.78,16,9.0,0.7,0.4620261862900469,0,0,0
9904,15.31,10,0.7,3.1,1.096479429354149,1,1,0
9905,34.42,11,0.7,1.4,1.2850687650569854,0,1,0
9906,123.26,16,7.1,0.5,1.030544507371685,0,1,0
9907,79.28,8,3.4,1.8,1.0777553994674056,0,1,0
9908,74.08,15,0.7,2.4,0.9235084218259655,0,0,0
9909,70.06,12,16.3,1.5,0.6521194257430667,0,1,0
9910,37.92,12,7.9,6.7,0.9335500314370161,1,1,0
9911,88.61,17,3.6,0.1,1.4788211205677155,0,1,0
9912,13.78,14,1.1,1.7,0.559594999155685,1,0,0
9913,88.43,9,2.6,0.4,1.165760058777114,0,1,0
9914,110.36,6,3.8,1.3,0.8005307557390785,0,1,0
9915,141.9,19,2.9,3.4,0.4560487324867524,0,1,0
9916,123.03,12,4.6,1.1,1.1029210431017062,0,0,0
9917,54.4,13,4.5,1.9,0.8545525427110148,1,1,0
9918,101.44,19,5.1,2.6,0.3014687319275069,0,1,0
9919,45.73,13,0.5,0.1,1.1003930997105345,1,0,0
9920,119.74,12,0.8,15.6,1.6923090288011744,1,1,0
9921,94.09,18,1.5,2.5,0.4775923660215614,1,1,0
9922,26.01,17,1.2,3.6,0.6292582524356071,1,1,0
9923,55.83,11,7.5,6.5,0.7631652690305286,0,1,0
9924,188.66,21,10.7,7.0,0.9858735253801759,0,1,0
9925,57.2,8,1.5,0.1,0.7335643057485104,1,1,0
9926,50.79,20,7.5,6.1,0.33921376962862493,0,1,0
9927,143.13,13,5.1,1.0,1.1534073474148212,0,1,0
9928,141.9,9,11.0,2.6,1.084827647298828,0,1,0
9929,88.07,14,8.1,3.0,0.9385238620505798,0,1,0
9930,204.75,8,13.1,2.6,1.3133313702283915,0,1,0
9931,108.66,16,17.3,9.2,1.2584631633257282,0,1,0
9932,108.28,18,5.2,5.6,0.3621766512255523,0,1,0
9933,202.03,19,7.0,1.4,0.8473696034207048,1,1,0
9934,23.36,19,3.0,5.1,0.8875608584740133,0,0,0
9935,133.2,13,2.2,6.5,1.7069124563639435,1,1,0
9936,48.49,13,5.5,0.3,1.3051200429612333,1,1,0
9937,33.95,6,2.1,2.2,0.6451547588575758,0,1,0
9938,45.13,21,8.8,8.6,0.1133796172537831,1,1,0
9939,40.15,8,29.7,3.5,0.8122262387631771,0,1,0
9940,16.96,8,0.8,1.5,0.3255704089640665,0,1,0
9941,193.61,14,0.2,5.3,1.2473936458937953,0,1,0
9942,131.76,9,15.1,2.4,0.8150280234248802,1,1,0
9943,55.78,11,6.8,3.6,1.6912533672133383,1,1,0
9944,116.04,11,3.4,1.8,1.340885992156758,0,1,0
9945,152.2,16,13.1,2.6,1.0230254891549888,0,1,0
9946,53.84,18,4.1,3.3,0.8296414782392758,0,1,0
9947,86.24,21,2.6,1.5,0.5181718752937037,1,1,0
9948,95.11,19,1.7,3.6,1.3301831975673852,0,1,0
9949,78.09,14,4.1,0.9,0.9291329823185962,1,0,0
9950,227.1,15,0.3,0.6,0.4794191291525395,0,0,0
9951,65.02,12,4.8,0.1,1.4744815468406796,0,1,0
9952,88.56,8,4.1,0.5,1.759269818719305,0,1,0
9953,53.02,12,5.1,5.7,0.46736013477622473,1,0,0
9954,183.33,15,0.7,0.6,1.0420212309927381,1,1,0
9955,55.61,8,2.6,9.9,1.3162242533032757,1,1,0
9956,395.43,18,32.6,118.6,1.5,1,0,1
9957,74.66,10,5.5,7.5,1.056417803765224,0,1,0
9958,48.85,16,0.2,1.5,0.7839718823294684,1,0,0
9959,148.12,9,4.4,1.5,0.8092973308550158,1,1,0
9960,75.06,18,0.7,2.1,0.9005958931074045,0,0,0
9961,51.89,10,2.1,2.1,0.5666313345928544,1,0,0
9962,38.46,15,5.9,7.6,0.7761288467930142,0,0,0
9963,96.8,13,0.8,4.6,0.5496509029316148,0,1,0
9964,165.33,16,0.0,0.4,0.9160133349358835,0,1,0
9965,30.73,16,1.8,9.2,0.8867781578360302,1,1,0
9966,58.98,10,0.6,6.0,0.1,0,0,0
9967,49.44,20,18.8,1.0,0.7652359723816423,0,1,0
9968,200.73,23,10.5,19.7,4.843992831957334,0,0,1
9969,23.66,20,4.4,4.4,0.9471880964087532,0,0,0
9970,15.57,12,15.8,4.6,1.0179965913870646,0,1,0
9971,136.9,21,1.4,0.0,0.919047241818666,0,1,0
9972,34.55,19,11.2,2.1,1.0426902855477482,0,1,0
9973,14.19,18,2.9,3.8,1.3802020030942599,0,1,0
9974,146.93,18,4.0,1.5,1.624832600340301,0,1,0
9975,52.55,9,1.2,8.1,0.948977160296907,1,1,0
9976,20.44,8,0.5,14.0,1.5363657933520494,0,0,0
9977,112.34,16,0.1,0.6,1.0083406827154067,1,1,0
9978,102.72,9,11.3,2.4,1.5240155720557156,1,1,0
9979,69.5,17,0.5,7.2,1.1808587891252964,0,1,0
9980,132.03,11,4.4,4.3,1.0282520179225183,0,1,0
9981,110.75,17,3.1,0.0,1.2216830361838293,1,1,0
9982,40.52,11,0.3,0.9,0.1,1,1,0
9983,81.98,12,6.6,7.5,1.0596065718484688,0,1,0
9984,100.14,8,3.8,0.6,0.939627543320386,0,1,0
9985,57.42,9,11.3,3.3,0.8424114895595894,0,1,0
9986,61.26,7,12.9,3.5,0.5972546793749131,0,0,0
9987,36.31,9,2.5,2.7,1.0477198332243076,1,1,0
9988,24.98,10,2.2,1.3,0.48462420185952915,1,1,0
9989,171.6,15,19.9,3.9,0.8885028358103763,1,1,0
9990,214.65,18,0.6,1.1,1.2453519651388405,0,1,0
9991,64.0,18,0.1,1.9,0.6900741581143837,1,1,0
9992,150.04,10,3.7,0.4,0.8813802233816266,0,1,0
9993,99.27,10,1.1,5.8,0.6865910031640557,0,1,0
9994,71.32,9,6.3,0.3,1.0501305408711363,0,1,0
9995,119.36,13,2.3,12.3,0.9260725605351596,1,1,0
9996,14.11,11,4.8,5.5,0.43873100830260425,0,1,0
9997,40.24,11,9.2,0.7,0.7590152714785947,0,1,0
9998,152.8,13,3.2,9.1,1.1398793963401652,1,1,0
9999,100.31,16,4.7,6.2,2.0310313305630165,0,1,0
10000,49.34,16,11.8,4.5,0.1,0,1,0
